year,genre,word,count
1964,Avant-Garde & Experimental,one,15
1964,Avant-Garde & Experimental,look,10
1964,Avant-Garde & Experimental,took,7
1964,Avant-Garde & Experimental,way,7
1964,Avant-Garde & Experimental,well,7
1964,Avant-Garde & Experimental,say,4
1964,Avant-Garde & Experimental,know,4
1964,Avant-Garde & Experimental,care,4
1964,Avant-Garde & Experimental,told,4
1964,Avant-Garde & Experimental,make,4
1964,Avant-Garde & Experimental,bright,3
1964,Avant-Garde & Experimental,pre,3
1964,Avant-Garde & Experimental,soft,3
1964,Avant-Garde & Experimental,sorry,3
1964,Avant-Garde & Experimental,please,3
1964,Avant-Garde & Experimental,would,3
1964,Avant-Garde & Experimental,voice,3
1964,Avant-Garde & Experimental,trying,3
1964,Avant-Garde & Experimental,let,3
1964,Avant-Garde & Experimental,late,3
1964,Avant-Garde & Experimental,tell,3
1964,Avant-Garde & Experimental,bother,3
1964,Avant-Garde & Experimental,cool,3
1964,Avant-Garde & Experimental,color,3
1964,Avant-Garde & Experimental,clear,3
1964,Blues & Soul,one,1214
1964,Blues & Soul,jordan,1039
1964,Blues & Soul,would,721
1964,Blues & Soul,man,564
1964,Blues & Soul,said,530
1964,Blues & Soul,guermantes,508
1964,Blues & Soul,know,500
1964,Blues & Soul,time,497
1964,Blues & Soul,day,443
1964,Blues & Soul,could,436
1964,Blues & Soul,say,407
1964,Blues & Soul,love,378
1964,Blues & Soul,see,378
1964,Blues & Soul,people,376
1964,Blues & Soul,good,375
1964,Blues & Soul,even,375
1964,Blues & Soul,world,369
1964,Blues & Soul,come,366
1964,Blues & Soul,mme,357
1964,Blues & Soul,well,335
1964,Blues & Soul,get,330
1964,Blues & Soul,way,328
1964,Blues & Soul,little,319
1964,Blues & Soul,life,309
1964,Blues & Soul,make,307
1964,Children's,twist,18
1964,Children's,shake,17
1964,Children's,mon,12
1964,Children's,love,12
1964,Children's,loving,10
1964,Children's,know,10
1964,Children's,come,9
1964,Children's,little,8
1964,Children's,would,8
1964,Children's,work,8
1964,Children's,send,6
1964,Children's,shout,6
1964,Children's,true,6
1964,Children's,well,6
1964,Children's,closer,4
1964,Children's,girl,4
1964,Children's,fine,4
1964,Children's,let,4
1964,Children's,mine,4
1964,Children's,write,3
1964,Children's,hope,3
1964,Children's,home,3
1964,Children's,everyday,3
1964,Children's,away,3
1964,Children's,two,2
1964,Christian,ringo,27
1964,Christian,chug,20
1964,Christian,man,19
1964,Christian,lug,18
1964,Christian,wacka,16
1964,Christian,well,15
1964,Christian,boy,15
1964,Christian,love,13
1964,Christian,little,11
1964,Christian,big,8
1964,Christian,doot,8
1964,Christian,back,7
1964,Christian,heart,7
1964,Christian,know,7
1964,Christian,say,7
1964,Christian,dang,6
1964,Christian,good,6
1964,Christian,got,6
1964,Christian,one,6
1964,Christian,would,5
1964,Christian,went,5
1964,Christian,still,5
1964,Christian,gun,5
1964,Christian,burns,4
1964,Christian,ell,4
1964,Country & Folk,les,190
1964,Country & Folk,est,157
1964,Country & Folk,pas,152
1964,Country & Folk,des,135
1964,Country & Folk,dans,94
1964,Country & Folk,comme,69
1964,Country & Folk,pour,64
1964,Country & Folk,que,64
1964,Country & Folk,mais,56
1964,Country & Folk,qui,52
1964,Country & Folk,mes,52
1964,Country & Folk,suis,51
1964,Country & Folk,mon,48
1964,Country & Folk,une,46
1964,Country & Folk,beans,40
1964,Country & Folk,ears,40
1964,Country & Folk,quand,39
1964,Country & Folk,let,38
1964,Country & Folk,couplet,36
1964,Country & Folk,faire,29
1964,Country & Folk,sur,29
1964,Country & Folk,love,28
1964,Country & Folk,never,27
1964,Country & Folk,lil,26
1964,Country & Folk,avec,25
1964,Electronic,hip,43
1964,Electronic,hop,42
1964,Electronic,would,39
1964,Electronic,could,38
1964,Electronic,rap,36
1964,Electronic,one,35
1964,Electronic,music,34
1964,Electronic,record,31
1964,Electronic,rock,26
1964,Electronic,first,25
1964,Electronic,time,23
1964,Electronic,party,22
1964,Electronic,even,21
1964,Electronic,new,19
1964,Electronic,records,19
1964,Electronic,way,19
1964,Electronic,womack,17
1964,Electronic,two,17
1964,Electronic,house,17
1964,Electronic,freddy,16
1964,Electronic,come,14
1964,Electronic,culture,14
1964,Electronic,run,14
1964,Electronic,fab,13
1964,Electronic,get,13
1964,Hip Hop,turn,5
1964,Hip Hop,day,3
1964,Hip Hop,new,2
1964,Hip Hop,away,2
1964,Hip Hop,could,2
1964,Hip Hop,learn,2
1964,Hip Hop,star,1
1964,Hip Hop,sorrow,1
1964,Hip Hop,share,1
1964,Hip Hop,one,1
1964,Hip Hop,nobody,1
1964,Hip Hop,needs,1
1964,Hip Hop,must,1
1964,Hip Hop,maybe,1
1964,Hip Hop,way,1
1964,Hip Hop,wants,1
1964,Hip Hop,tomorrow,1
1964,Hip Hop,throw,1
1964,Hip Hop,steal,1
1964,Hip Hop,leads,1
1964,Hip Hop,laughter,1
1964,Hip Hop,know,1
1964,Hip Hop,hide,1
1964,Hip Hop,heart,1
1964,Hip Hop,guide,1
1964,Jazz,pat,1355
1964,Jazz,one,938
1964,Jazz,know,814
1964,Jazz,love,741
1964,Jazz,said,701
1964,Jazz,man,593
1964,Jazz,day,583
1964,Jazz,time,550
1964,Jazz,would,540
1964,Jazz,tiffany,518
1964,Jazz,back,514
1964,Jazz,get,510
1964,Jazz,see,508
1964,Jazz,right,500
1964,Jazz,come,477
1964,Jazz,little,471
1964,Jazz,sam,451
1964,Jazz,night,448
1964,Jazz,good,447
1964,Jazz,house,446
1964,Jazz,bloom,441
1964,Jazz,got,419
1964,Jazz,say,412
1964,Jazz,barbara,409
1964,Jazz,xa0xa0xa0xa0xa0xa0xa0xa0,403
1964,Latin,que,7
1964,Latin,angel,5
1964,Latin,love,4
1964,Latin,angelito,4
1964,Latin,tell,2
1964,Latin,rain,2
1964,Latin,soñe,2
1964,Latin,por,2
1964,Latin,know,2
1964,Latin,llegaste,2
1964,Latin,never,2
1964,Latin,para,2
1964,Latin,dicha,2
1964,Latin,déjame,2
1964,Latin,eres,2
1964,Latin,conocía,2
1964,Latin,corazón,2
1964,Latin,decir,2
1964,Latin,aprendí,2
1964,Latin,amor,2
1964,Latin,antes,2
1964,Latin,window,1
1964,Latin,way,1
1964,Latin,todo,1
1964,Latin,smiled,1
1964,Other,pieces,24
1964,Other,lazy,21
1964,Other,love,20
1964,Other,lady,20
1964,Other,know,18
1964,Other,say,17
1964,Other,work,16
1964,Other,get,13
1964,Other,let,13
1964,Other,name,13
1964,Other,bits,12
1964,Other,tell,11
1964,Other,time,11
1964,Other,long,11
1964,Other,little,11
1964,Other,bed,10
1964,Other,fee,9
1964,Other,fanna,9
1964,Other,children,8
1964,Other,always,7
1964,Other,bad,7
1964,Other,leave,7
1964,Other,never,7
1964,Other,said,7
1964,Other,way,7
1964,Pop,one,1583
1964,Pop,says,1278
1964,Pop,know,1134
1964,Pop,would,973
1964,Pop,man,860
1964,Pop,see,849
1964,Pop,get,787
1964,Pop,say,694
1964,Pop,said,691
1964,Pop,could,683
1964,Pop,never,664
1964,Pop,tell,650
1964,Pop,little,645
1964,Pop,mam,639
1964,Pop,love,608
1964,Pop,back,605
1964,Pop,time,603
1964,Pop,come,599
1964,Pop,way,583
1964,Pop,day,559
1964,Pop,good,557
1964,Pop,people,530
1964,Pop,right,520
1964,Pop,two,519
1964,Pop,state,512
1964,R&B & Funk,says,382
1964,R&B & Funk,joe,120
1964,R&B & Funk,brown,109
1964,R&B & Funk,one,104
1964,R&B & Funk,citizen,87
1964,R&B & Funk,old,83
1964,R&B & Funk,man,75
1964,R&B & Funk,bloody,74
1964,R&B & Funk,please,71
1964,R&B & Funk,bloom,67
1964,R&B & Funk,alf,57
1964,R&B & Funk,good,54
1964,R&B & Funk,would,52
1964,R&B & Funk,love,51
1964,R&B & Funk,got,47
1964,R&B & Funk,two,47
1964,R&B & Funk,said,47
1964,R&B & Funk,new,47
1964,R&B & Funk,time,47
1964,R&B & Funk,god,45
1964,R&B & Funk,see,45
1964,R&B & Funk,little,43
1964,R&B & Funk,back,41
1964,R&B & Funk,black,41
1964,R&B & Funk,know,37
1964,Reggae,love,11
1964,Reggae,lollipop,11
1964,Reggae,boy,10
1964,Reggae,sweet,9
1964,Reggae,william,8
1964,Reggae,need,7
1964,Reggae,heart,4
1964,Reggae,never,4
1964,Reggae,yes,4
1964,Reggae,whoa,4
1964,Reggae,make,3
1964,Reggae,let,3
1964,Reggae,know,3
1964,Reggae,giddyup,3
1964,Reggae,candy,2
1964,Reggae,desire,2
1964,Reggae,doll,2
1964,Reggae,favorite,2
1964,Reggae,fire,2
1964,Reggae,little,2
1964,Reggae,one,2
1964,Reggae,set,2
1964,Reggae,thrill,2
1964,Reggae,marry,2
1964,Reggae,toy,2
1964,Rock,bond,469
1964,Rock,bloom,434
1964,Rock,one,419
1964,Rock,laurie,310
1964,Rock,night,304
1964,Rock,see,285
1964,Rock,day,274
1964,Rock,rorschach,274
1964,Rock,back,269
1964,Rock,know,256
1964,Rock,dreiberg,250
1964,Rock,love,248
1964,Rock,int,232
1964,Rock,ordinance,225
1964,Rock,time,220
1964,Rock,right,216
1964,Rock,said,215
1964,Rock,hand,214
1964,Rock,little,212
1964,Rock,man,207
1964,Rock,natalya,201
1964,Rock,face,194
1964,Rock,would,189
1964,Rock,two,186
1964,Rock,well,181
1965,Avant-Garde & Experimental,love,22
1965,Avant-Garde & Experimental,way,21
1965,Avant-Garde & Experimental,believe,19
1965,Avant-Garde & Experimental,time,16
1965,Avant-Garde & Experimental,would,15
1965,Avant-Garde & Experimental,magic,14
1965,Avant-Garde & Experimental,well,12
1965,Avant-Garde & Experimental,want,12
1965,Avant-Garde & Experimental,home,12
1965,Avant-Garde & Experimental,tell,11
1965,Avant-Garde & Experimental,see,11
1965,Avant-Garde & Experimental,coming,10
1965,Avant-Garde & Experimental,day,8
1965,Avant-Garde & Experimental,find,8
1965,Avant-Garde & Experimental,back,8
1965,Avant-Garde & Experimental,make,8
1965,Avant-Garde & Experimental,one,8
1965,Avant-Garde & Experimental,fighting,7
1965,Avant-Garde & Experimental,morning,7
1965,Avant-Garde & Experimental,movin,7
1965,Avant-Garde & Experimental,said,7
1965,Avant-Garde & Experimental,try,7
1965,Avant-Garde & Experimental,easy,6
1965,Avant-Garde & Experimental,hard,6
1965,Avant-Garde & Experimental,music,6
1965,Blues & Soul,says,3718
1965,Blues & Soul,mam,1917
1965,Blues & Soul,know,1852
1965,Blues & Soul,get,1622
1965,Blues & Soul,one,1525
1965,Blues & Soul,dad,1334
1965,Blues & Soul,back,1323
1965,Blues & Soul,home,1177
1965,Blues & Soul,tell,1168
1965,Blues & Soul,mother,1152
1965,Blues & Soul,malachy,1125
1965,Blues & Soul,see,1111
1965,Blues & Soul,want,1102
1965,Blues & Soul,tells,1087
1965,Blues & Soul,man,1069
1965,Blues & Soul,never,1049
1965,Blues & Soul,say,1007
1965,Blues & Soul,day,989
1965,Blues & Soul,said,970
1965,Blues & Soul,going,968
1965,Blues & Soul,come,944
1965,Blues & Soul,bed,927
1965,Blues & Soul,would,915
1965,Blues & Soul,little,913
1965,Blues & Soul,head,902
1965,Children's,yesterday,9
1965,Children's,big,7
1965,Children's,well,6
1965,Children's,movies,5
1965,Children's,make,5
1965,Children's,play,5
1965,Children's,star,5
1965,Children's,see,4
1965,Children's,naturally,4
1965,Children's,know,4
1965,Children's,act,4
1965,Children's,believe,3
1965,Children's,away,3
1965,Children's,gotta,3
1965,Children's,part,3
1965,Children's,need,3
1965,Children's,man,3
1965,Children's,bet,2
1965,Children's,biggest,2
1965,Children's,ever,2
1965,Children's,fool,2
1965,Children's,game,2
1965,Children's,hide,2
1965,Children's,hit,2
1965,Children's,hope,2
1965,Christian,one,30
1965,Christian,ringo,27
1965,Christian,doo,25
1965,Christian,every,24
1965,Christian,world,21
1965,Christian,got,21
1965,Christian,make,18
1965,Christian,big,18
1965,Christian,well,17
1965,Christian,may,17
1965,Christian,let,16
1965,Christian,old,16
1965,Christian,wacka,16
1965,Christian,say,14
1965,Christian,love,14
1965,Christian,day,14
1965,Christian,get,13
1965,Christian,heart,12
1965,Christian,away,11
1965,Christian,free,11
1965,Christian,way,10
1965,Christian,two,10
1965,Christian,tell,10
1965,Christian,nose,10
1965,Christian,four,10
1965,Classical,back,7
1965,Classical,crawling,6
1965,Classical,know,3
1965,Classical,come,2
1965,Classical,else,2
1965,Classical,need,2
1965,Classical,would,1
1965,Classical,world,1
1965,Classical,wherever,1
1965,Classical,whenever,1
1965,Classical,turns,1
1965,Classical,turned,1
1965,Classical,stop,1
1965,Classical,still,1
1965,Classical,stare,1
1965,Classical,really,1
1965,Classical,people,1
1965,Classical,one,1
1965,Classical,might,1
1965,Classical,making,1
1965,Classical,love,1
1965,Classical,lonely,1
1965,Classical,lead,1
1965,Classical,knows,1
1965,Classical,heaven,1
1965,Country & Folk,les,190
1965,Country & Folk,est,157
1965,Country & Folk,pas,152
1965,Country & Folk,des,135
1965,Country & Folk,dans,94
1965,Country & Folk,comme,69
1965,Country & Folk,pour,64
1965,Country & Folk,que,64
1965,Country & Folk,mais,56
1965,Country & Folk,mes,52
1965,Country & Folk,qui,52
1965,Country & Folk,suis,51
1965,Country & Folk,mon,47
1965,Country & Folk,une,46
1965,Country & Folk,quand,39
1965,Country & Folk,couplet,36
1965,Country & Folk,sur,29
1965,Country & Folk,faire,29
1965,Country & Folk,avec,25
1965,Country & Folk,plus,24
1965,Country & Folk,même,23
1965,Country & Folk,tout,23
1965,Country & Folk,moi,22
1965,Country & Folk,faut,22
1965,Country & Folk,fait,22
1965,Electronic,love,5
1965,Electronic,birds,2
1965,Electronic,look,2
1965,Electronic,sing,2
1965,Electronic,together,2
1965,Electronic,trees,2
1965,Electronic,true,2
1965,Electronic,wing,1
1965,Electronic,whose,1
1965,Electronic,whisper,1
1965,Electronic,way,1
1965,Electronic,walk,1
1965,Electronic,vocals,1
1965,Electronic,write,1
1965,Electronic,words,1
1965,Electronic,swaying,1
1965,Electronic,sun,1
1965,Electronic,suddenly,1
1965,Electronic,stream,1
1965,Electronic,stand,1
1965,Electronic,sky,1
1965,Electronic,skelter,1
1965,Electronic,shelter,1
1965,Electronic,shadows,1
1965,Electronic,serene,1
1965,Jazz,says,1304
1965,Jazz,one,1263
1965,Jazz,know,1141
1965,Jazz,back,832
1965,Jazz,get,822
1965,Jazz,man,770
1965,Jazz,day,739
1965,Jazz,would,713
1965,Jazz,see,697
1965,Jazz,dirk,690
1965,Jazz,love,667
1965,Jazz,come,648
1965,Jazz,little,641
1965,Jazz,mam,639
1965,Jazz,say,624
1965,Jazz,time,597
1965,Jazz,said,596
1965,Jazz,tell,590
1965,Jazz,good,587
1965,Jazz,never,565
1965,Jazz,two,563
1965,Jazz,right,562
1965,Jazz,want,552
1965,Jazz,jack,539
1965,Jazz,could,535
1965,Other,mmm,66
1965,Other,come,34
1965,Other,let,32
1965,Other,name,25
1965,Other,show,18
1965,Other,say,17
1965,Other,drink,14
1965,Other,tomorrow,13
1965,Other,wait,13
1965,Other,said,12
1965,Other,downtown,11
1965,Other,away,10
1965,Other,dad,10
1965,Other,forget,10
1965,Other,fanna,9
1965,Other,fee,9
1965,Other,home,9
1965,Other,never,9
1965,Other,time,8
1965,Other,place,8
1965,Other,little,8
1965,Other,girl,8
1965,Other,daddy,8
1965,Other,back,7
1965,Other,got,7
1965,Pop,one,546
1965,Pop,love,539
1965,Pop,michael,485
1965,Pop,bloom,441
1965,Pop,know,433
1965,Pop,day,404
1965,Pop,feat,373
1965,Pop,man,368
1965,Pop,venkman,353
1965,Pop,time,351
1965,Pop,see,338
1965,Pop,come,328
1965,Pop,get,327
1965,Pop,back,303
1965,Pop,right,280
1965,Pop,got,261
1965,Pop,stantz,254
1965,Pop,good,254
1965,Pop,want,251
1965,Pop,say,247
1965,Pop,night,245
1965,Pop,make,244
1965,Pop,way,242
1965,Pop,hand,234
1965,Pop,two,230
1965,R&B & Funk,brown,51
1965,R&B & Funk,got,31
1965,R&B & Funk,little,28
1965,R&B & Funk,rock,23
1965,R&B & Funk,good,22
1965,R&B & Funk,thea,21
1965,R&B & Funk,black,20
1965,R&B & Funk,one,18
1965,R&B & Funk,new,18
1965,R&B & Funk,man,18
1965,R&B & Funk,doctor,18
1965,R&B & Funk,back,18
1965,R&B & Funk,would,17
1965,R&B & Funk,way,16
1965,R&B & Funk,right,16
1965,R&B & Funk,time,16
1965,R&B & Funk,get,15
1965,R&B & Funk,arms,15
1965,R&B & Funk,feel,14
1965,R&B & Funk,music,14
1965,R&B & Funk,tellamantez,14
1965,R&B & Funk,white,14
1965,R&B & Funk,always,13
1965,R&B & Funk,mrs,13
1965,R&B & Funk,nice,13
1965,Rock,time,335
1965,Rock,one,147
1965,Rock,love,127
1965,Rock,know,118
1965,Rock,got,112
1965,Rock,get,109
1965,Rock,come,87
1965,Rock,shuffle,83
1965,Rock,present,82
1965,Rock,man,80
1965,Rock,see,78
1965,Rock,day,77
1965,Rock,would,72
1965,Rock,marlo,72
1965,Rock,never,67
1965,Rock,want,67
1965,Rock,may,66
1965,Rock,two,62
1965,Rock,back,62
1965,Rock,make,61
1965,Rock,long,61
1965,Rock,duration,60
1965,Rock,think,58
1965,Rock,girl,57
1965,Rock,first,56
1966,Avant-Garde & Experimental,says,382
1966,Avant-Garde & Experimental,joe,121
1966,Avant-Garde & Experimental,one,115
1966,Avant-Garde & Experimental,citizen,87
1966,Avant-Garde & Experimental,would,82
1966,Avant-Garde & Experimental,old,71
1966,Avant-Garde & Experimental,bloody,69
1966,Avant-Garde & Experimental,bloom,65
1966,Avant-Garde & Experimental,alf,57
1966,Avant-Garde & Experimental,know,53
1966,Avant-Garde & Experimental,time,52
1966,Avant-Garde & Experimental,said,52
1966,Avant-Garde & Experimental,see,52
1966,Avant-Garde & Experimental,white,48
1966,Avant-Garde & Experimental,man,46
1966,Avant-Garde & Experimental,day,45
1966,Avant-Garde & Experimental,good,41
1966,Avant-Garde & Experimental,way,40
1966,Avant-Garde & Experimental,little,39
1966,Avant-Garde & Experimental,god,39
1966,Avant-Garde & Experimental,well,39
1966,Avant-Garde & Experimental,around,38
1966,Avant-Garde & Experimental,came,38
1966,Avant-Garde & Experimental,made,38
1966,Avant-Garde & Experimental,people,37
1966,Blues & Soul,says,1286
1966,Blues & Soul,one,966
1966,Blues & Soul,know,908
1966,Blues & Soul,get,811
1966,Blues & Soul,back,683
1966,Blues & Soul,said,658
1966,Blues & Soul,mam,639
1966,Blues & Soul,man,632
1966,Blues & Soul,see,569
1966,Blues & Soul,would,543
1966,Blues & Soul,tell,538
1966,Blues & Soul,want,521
1966,Blues & Soul,bloom,508
1966,Blues & Soul,two,504
1966,Blues & Soul,time,501
1966,Blues & Soul,day,490
1966,Blues & Soul,little,483
1966,Blues & Soul,never,483
1966,Blues & Soul,come,477
1966,Blues & Soul,say,466
1966,Blues & Soul,good,462
1966,Blues & Soul,dad,450
1966,Blues & Soul,malcolm,430
1966,Blues & Soul,people,428
1966,Blues & Soul,peter,422
1966,Christian,bloom,434
1966,Christian,stephen,147
1966,Christian,zoe,106
1966,Christian,hand,97
1966,Christian,one,93
1966,Christian,man,76
1966,Christian,mrs,75
1966,Christian,old,71
1966,Christian,two,71
1966,Christian,back,68
1966,Christian,head,64
1966,Christian,lynch,58
1966,Christian,eyes,57
1966,Christian,watch,55
1966,Christian,love,55
1966,Christian,hands,51
1966,Christian,private,50
1966,Christian,left,50
1966,Christian,face,48
1966,Christian,little,47
1966,Christian,black,46
1966,Christian,good,45
1966,Christian,right,43
1966,Christian,see,43
1966,Christian,night,43
1966,Classical,batman,26
1966,Classical,know,7
1966,Classical,soon,6
1966,Classical,heart,6
1966,Classical,love,5
1966,Classical,pieces,3
1966,Classical,many,3
1966,Classical,letters,3
1966,Classical,straight,3
1966,Classical,forget,3
1966,Classical,broken,3
1966,Classical,memorize,2
1966,Classical,name,2
1966,Classical,start,2
1966,Classical,line,2
1966,Classical,darling,2
1966,Classical,every,2
1966,Classical,keep,2
1966,Classical,kiss,2
1966,Classical,read,2
1966,Classical,right,2
1966,Classical,sign,2
1966,Classical,write,1
1966,Classical,travels,1
1966,Classical,time,1
1966,Country & Folk,time,33
1966,Country & Folk,love,30
1966,Country & Folk,one,24
1966,Country & Folk,life,16
1966,Country & Folk,never,14
1966,Country & Folk,attack,12
1966,Country & Folk,know,12
1966,Country & Folk,make,12
1966,Country & Folk,people,12
1966,Country & Folk,well,10
1966,Country & Folk,said,10
1966,Country & Folk,light,10
1966,Country & Folk,home,10
1966,Country & Folk,got,10
1966,Country & Folk,good,10
1966,Country & Folk,around,10
1966,Country & Folk,thought,9
1966,Country & Folk,side,9
1966,Country & Folk,music,9
1966,Country & Folk,left,9
1966,Country & Folk,future,9
1966,Country & Folk,brown,8
1966,Country & Folk,look,8
1966,Country & Folk,middle,8
1966,Country & Folk,night,8
1966,Jazz,one,986
1966,Jazz,would,709
1966,Jazz,said,595
1966,Jazz,love,556
1966,Jazz,police,553
1966,Jazz,time,516
1966,Jazz,know,489
1966,Jazz,home,449
1966,Jazz,man,441
1966,Jazz,day,426
1966,Jazz,see,404
1966,Jazz,back,403
1966,Jazz,could,398
1966,Jazz,make,383
1966,Jazz,got,381
1966,Jazz,two,368
1966,Jazz,never,359
1966,Jazz,say,350
1966,Jazz,made,349
1966,Jazz,come,345
1966,Jazz,good,333
1966,Jazz,way,332
1966,Jazz,get,331
1966,Jazz,deadpool,329
1966,Jazz,men,327
1966,Other,protest,84
1966,Other,music,83
1966,Other,political,72
1966,Other,would,60
1966,Other,song,51
1966,Other,one,50
1966,Other,war,47
1966,Other,man,45
1966,Other,time,43
1966,Other,events,36
1966,Other,songs,36
1966,Other,love,31
1966,Other,come,30
1966,Other,got,30
1966,Other,world,28
1966,Other,old,27
1966,Other,ain,27
1966,Other,beliefs,25
1966,Other,away,24
1966,Other,ever,24
1966,Other,protests,24
1966,Other,vietnam,23
1966,Other,make,23
1966,Other,little,23
1966,Other,could,22
1966,Pop,one,966
1966,Pop,love,699
1966,Pop,man,654
1966,Pop,would,531
1966,Pop,know,528
1966,Pop,michael,482
1966,Pop,day,455
1966,Pop,bloom,437
1966,Pop,see,428
1966,Pop,good,412
1966,Pop,time,408
1966,Pop,little,362
1966,Pop,come,348
1966,Pop,could,346
1966,Pop,make,344
1966,Pop,got,340
1966,Pop,said,340
1966,Pop,two,334
1966,Pop,may,333
1966,Pop,never,328
1966,Pop,well,327
1966,Pop,get,324
1966,Pop,old,320
1966,Pop,long,308
1966,Pop,men,303
1966,R&B & Funk,man,110
1966,R&B & Funk,love,74
1966,R&B & Funk,biggest,69
1966,R&B & Funk,come,67
1966,R&B & Funk,chelsea,60
1966,R&B & Funk,top,53
1966,R&B & Funk,city,52
1966,R&B & Funk,water,51
1966,R&B & Funk,four,45
1966,R&B & Funk,good,41
1966,R&B & Funk,brown,41
1966,R&B & Funk,right,39
1966,R&B & Funk,one,39
1966,R&B & Funk,got,39
1966,R&B & Funk,arsenal,38
1966,R&B & Funk,champions,37
1966,R&B & Funk,clean,37
1966,R&B & Funk,need,37
1966,R&B & Funk,liverpool,36
1966,R&B & Funk,disappointment,33
1966,R&B & Funk,assists,33
1966,R&B & Funk,highest,33
1966,R&B & Funk,relegated,33
1966,R&B & Funk,surprise,33
1966,R&B & Funk,sheets,32
1966,Rock,bruce,458
1966,Rock,bloom,434
1966,Rock,back,274
1966,Rock,batman,272
1966,Rock,silver,271
1966,Rock,night,240
1966,Rock,one,207
1966,Rock,man,185
1966,Rock,time,153
1966,Rock,angle,151
1966,Rock,joker,151
1966,Rock,stephen,147
1966,Rock,hand,147
1966,Rock,thorne,145
1966,Rock,eyes,143
1966,Rock,alfred,141
1966,Rock,see,137
1966,Rock,looks,128
1966,Rock,face,128
1966,Rock,wayne,127
1966,Rock,voice,127
1966,Rock,gordon,125
1966,Rock,day,118
1966,Rock,know,116
1966,Rock,black,114
1967,Avant-Garde & Experimental,love,71
1967,Avant-Garde & Experimental,somebody,33
1967,Avant-Garde & Experimental,wear,30
1967,Avant-Garde & Experimental,help,23
1967,Avant-Garde & Experimental,see,22
1967,Avant-Garde & Experimental,mind,22
1967,Avant-Garde & Experimental,back,21
1967,Avant-Garde & Experimental,round,20
1967,Avant-Garde & Experimental,know,20
1967,Avant-Garde & Experimental,one,19
1967,Avant-Garde & Experimental,nashville,18
1967,Avant-Garde & Experimental,doo,18
1967,Avant-Garde & Experimental,play,17
1967,Avant-Garde & Experimental,beautiful,16
1967,Avant-Garde & Experimental,lovin,16
1967,Avant-Garde & Experimental,still,15
1967,Avant-Garde & Experimental,heaven,15
1967,Avant-Garde & Experimental,gimme,15
1967,Avant-Garde & Experimental,feel,15
1967,Avant-Garde & Experimental,anne,13
1967,Avant-Garde & Experimental,cats,13
1967,Avant-Garde & Experimental,carrie,13
1967,Avant-Garde & Experimental,die,13
1967,Avant-Garde & Experimental,look,13
1967,Avant-Garde & Experimental,man,13
1967,Blues & Soul,get,897
1967,Blues & Soul,one,826
1967,Blues & Soul,know,814
1967,Blues & Soul,got,776
1967,Blues & Soul,shit,664
1967,Blues & Soul,clarence,617
1967,Blues & Soul,man,597
1967,Blues & Soul,police,595
1967,Blues & Soul,bloom,564
1967,Blues & Soul,back,532
1967,Blues & Soul,would,490
1967,Blues & Soul,love,466
1967,Blues & Soul,see,460
1967,Blues & Soul,ain,446
1967,Blues & Soul,time,443
1967,Blues & Soul,two,424
1967,Blues & Soul,adam,403
1967,Blues & Soul,said,396
1967,Blues & Soul,little,392
1967,Blues & Soul,barbara,392
1967,Blues & Soul,say,391
1967,Blues & Soul,make,387
1967,Blues & Soul,day,386
1967,Blues & Soul,first,380
1967,Blues & Soul,home,377
1967,Children's,say,40
1967,Children's,hello,39
1967,Children's,goodbye,22
1967,Children's,cha,12
1967,Children's,know,10
1967,Children's,hela,9
1967,Children's,helloa,8
1967,Children's,heba,8
1967,Children's,bye,4
1967,Children's,yes,3
1967,Children's,woo,2
1967,Children's,stop,2
1967,Children's,time,1
1967,Children's,till,1
1967,Children's,stay,1
1967,Children's,outro,1
1967,Children's,mean,1
1967,Children's,may,1
1967,Children's,low,1
1967,Children's,hoo,1
1967,Children's,high,1
1967,Children's,bridge,1
1967,Christian,world,17
1967,Christian,skip,15
1967,Christian,rope,15
1967,Christian,sunshine,14
1967,Christian,time,11
1967,Christian,long,11
1967,Christian,heaven,9
1967,Christian,love,9
1967,Christian,say,9
1967,Christian,think,8
1967,Christian,sing,8
1967,Christian,never,8
1967,Christian,around,8
1967,Christian,children,8
1967,Christian,walkin,7
1967,Christian,song,7
1967,Christian,little,7
1967,Christian,lonely,7
1967,Christian,heart,7
1967,Christian,goes,7
1967,Christian,comes,7
1967,Christian,another,7
1967,Christian,way,6
1967,Christian,turn,6
1967,Christian,turns,6
1967,Country & Folk,man,26
1967,Country & Folk,got,19
1967,Country & Folk,buy,18
1967,Country & Folk,kind,11
1967,Country & Folk,son,11
1967,Country & Folk,louisiana,10
1967,Country & Folk,really,10
1967,Country & Folk,fakin,9
1967,Country & Folk,make,8
1967,Country & Folk,come,8
1967,Country & Folk,zoo,7
1967,Country & Folk,say,7
1967,Country & Folk,love,7
1967,Country & Folk,much,6
1967,Country & Folk,nothin,6
1967,Country & Folk,boy,5
1967,Country & Folk,danny,5
1967,Country & Folk,know,5
1967,Country & Folk,living,5
1967,Country & Folk,little,5
1967,Country & Folk,lines,5
1967,Country & Folk,makin,5
1967,Country & Folk,mind,5
1967,Country & Folk,might,5
1967,Country & Folk,walk,4
1967,Electronic,love,12
1967,Electronic,know,9
1967,Electronic,somebody,8
1967,Electronic,holiday,7
1967,Electronic,gibb,7
1967,Electronic,stones,6
1967,Electronic,throwing,6
1967,Electronic,barry,5
1967,Electronic,ain,5
1967,Electronic,got,5
1967,Electronic,robin,5
1967,Electronic,way,5
1967,Electronic,blind,4
1967,Electronic,see,3
1967,Electronic,say,3
1967,Electronic,something,2
1967,Electronic,unkind,2
1967,Electronic,worthwhile,2
1967,Electronic,noo,2
1967,Electronic,outro,2
1967,Electronic,think,2
1967,Electronic,puppet,2
1967,Electronic,smile,2
1967,Electronic,light,2
1967,Electronic,lived,2
1967,Jazz,tony,1110
1967,Jazz,austin,583
1967,Jazz,one,508
1967,Jazz,love,466
1967,Jazz,know,362
1967,Jazz,got,348
1967,Jazz,man,328
1967,Jazz,see,314
1967,Jazz,get,309
1967,Jazz,day,300
1967,Jazz,back,290
1967,Jazz,time,278
1967,Jazz,come,271
1967,Jazz,right,261
1967,Jazz,vanessa,258
1967,Jazz,evil,253
1967,Jazz,two,243
1967,Jazz,continued,242
1967,Jazz,never,231
1967,Jazz,night,230
1967,Jazz,let,222
1967,Jazz,would,214
1967,Jazz,say,209
1967,Jazz,good,197
1967,Jazz,old,197
1967,Other,pata,127
1967,Other,one,78
1967,Other,would,63
1967,Other,people,43
1967,Other,sathi,42
1967,Other,sat,40
1967,Other,time,36
1967,Other,could,33
1967,Other,street,32
1967,Other,assembly,31
1967,Other,make,30
1967,Other,back,30
1967,Other,day,30
1967,Other,come,30
1967,Other,general,29
1967,Other,wall,28
1967,Other,even,28
1967,Other,though,26
1967,Other,know,25
1967,Other,world,24
1967,Other,first,23
1967,Other,meeting,23
1967,Other,may,23
1967,Other,new,23
1967,Other,old,23
1967,Pop,one,1769
1967,Pop,said,1441
1967,Pop,says,1297
1967,Pop,know,1165
1967,Pop,would,1098
1967,Pop,see,946
1967,Pop,love,924
1967,Pop,day,869
1967,Pop,man,834
1967,Pop,say,833
1967,Pop,back,778
1967,Pop,time,777
1967,Pop,get,732
1967,Pop,never,731
1967,Pop,come,712
1967,Pop,people,704
1967,Pop,could,697
1967,Pop,little,674
1967,Pop,good,651
1967,Pop,mam,639
1967,Pop,way,631
1967,Pop,till,611
1967,Pop,tell,608
1967,Pop,two,587
1967,Pop,thou,579
1967,R&B & Funk,ordinance,224
1967,R&B & Funk,police,133
1967,R&B & Funk,court,129
1967,R&B & Funk,order,117
1967,R&B & Funk,gang,116
1967,R&B & Funk,see,108
1967,R&B & Funk,city,100
1967,R&B & Funk,law,92
1967,R&B & Funk,purpose,91
1967,R&B & Funk,one,89
1967,R&B & Funk,would,87
1967,R&B & Funk,conduct,84
1967,R&B & Funk,chicago,81
1967,R&B & Funk,love,81
1967,R&B & Funk,loitering,80
1967,R&B & Funk,ante,72
1967,R&B & Funk,public,70
1967,R&B & Funk,officer,67
1967,R&B & Funk,apparent,66
1967,R&B & Funk,justice,65
1967,R&B & Funk,plurality,62
1967,R&B & Funk,members,61
1967,R&B & Funk,criminal,60
1967,R&B & Funk,right,59
1967,R&B & Funk,statute,58
1967,Reggae,shall,9
1967,Reggae,man,9
1967,Reggae,thou,8
1967,Reggae,woman,4
1967,Reggae,may,3
1967,Reggae,ten,3
1967,Reggae,commandment,3
1967,Reggae,honor,3
1967,Reggae,anything,3
1967,Reggae,love,2
1967,Reggae,name,2
1967,Reggae,given,2
1967,Reggae,prince,2
1967,Reggae,seven,2
1967,Reggae,kiss,2
1967,Reggae,commandments,2
1967,Reggae,commit,2
1967,Reggae,neither,2
1967,Reggae,caress,2
1967,Reggae,every,2
1967,Reggae,buster,2
1967,Reggae,walking,1
1967,Reggae,wait,1
1967,Reggae,use,1
1967,Reggae,upon,1
1967,Rock,said,750
1967,Rock,thou,696
1967,Rock,thee,561
1967,Rock,one,531
1967,Rock,king,493
1967,Rock,thy,489
1967,Rock,allah,487
1967,Rock,day,349
1967,Rock,sharrkan,335
1967,Rock,night,321
1967,Rock,hath,311
1967,Rock,man,306
1967,Rock,say,291
1967,Rock,till,278
1967,Rock,upon,258
1967,Rock,know,253
1967,Rock,would,241
1967,Rock,shall,241
1967,Rock,xa0xa0xa0xa0xa0xa0xa0xa0,240
1967,Rock,zau,240
1967,Rock,makan,237
1967,Rock,see,236
1967,Rock,love,235
1967,Rock,two,231
1967,Rock,time,229
1968,Avant-Garde & Experimental,love,60
1968,Avant-Garde & Experimental,gurdy,60
1968,Avant-Garde & Experimental,hurdy,48
1968,Avant-Garde & Experimental,wear,30
1968,Avant-Garde & Experimental,mind,24
1968,Avant-Garde & Experimental,know,23
1968,Avant-Garde & Experimental,jennifer,22
1968,Avant-Garde & Experimental,burn,22
1968,Avant-Garde & Experimental,take,16
1968,Avant-Garde & Experimental,going,16
1968,Avant-Garde & Experimental,back,16
1968,Avant-Garde & Experimental,beautiful,16
1968,Avant-Garde & Experimental,never,15
1968,Avant-Garde & Experimental,heaven,15
1968,Avant-Garde & Experimental,come,14
1968,Avant-Garde & Experimental,juniper,14
1968,Avant-Garde & Experimental,time,14
1968,Avant-Garde & Experimental,won,13
1968,Avant-Garde & Experimental,sang,13
1968,Avant-Garde & Experimental,fire,13
1968,Avant-Garde & Experimental,feel,13
1968,Avant-Garde & Experimental,got,11
1968,Avant-Garde & Experimental,kiss,10
1968,Avant-Garde & Experimental,man,10
1968,Avant-Garde & Experimental,singing,10
1968,Blues & Soul,bloom,1416
1968,Blues & Soul,scott,1201
1968,Blues & Soul,one,1175
1968,Blues & Soul,know,1129
1968,Blues & Soul,get,1082
1968,Blues & Soul,back,946
1968,Blues & Soul,got,911
1968,Blues & Soul,see,848
1968,Blues & Soul,man,838
1968,Blues & Soul,love,726
1968,Blues & Soul,stephen,707
1968,Blues & Soul,jay,699
1968,Blues & Soul,two,670
1968,Blues & Soul,night,651
1968,Blues & Soul,clarence,615
1968,Blues & Soul,int,614
1968,Blues & Soul,day,605
1968,Blues & Soul,time,598
1968,Blues & Soul,little,597
1968,Blues & Soul,shit,596
1968,Blues & Soul,said,595
1968,Blues & Soul,right,592
1968,Blues & Soul,austin,581
1968,Blues & Soul,hand,576
1968,Blues & Soul,let,573
1968,Children's,say,40
1968,Children's,hello,39
1968,Children's,goodbye,22
1968,Children's,cha,12
1968,Children's,know,10
1968,Children's,hela,9
1968,Children's,helloa,8
1968,Children's,heba,8
1968,Children's,bye,4
1968,Children's,yes,3
1968,Children's,stop,2
1968,Children's,woo,2
1968,Children's,time,1
1968,Children's,till,1
1968,Children's,stay,1
1968,Children's,outro,1
1968,Children's,mean,1
1968,Children's,may,1
1968,Children's,low,1
1968,Children's,hoo,1
1968,Children's,high,1
1968,Children's,bridge,1
1968,Christian,bloom,434
1968,Christian,stephen,147
1968,Christian,good,143
1968,Christian,zoe,106
1968,Christian,hand,94
1968,Christian,one,88
1968,Christian,mrs,78
1968,Christian,man,75
1968,Christian,old,64
1968,Christian,head,64
1968,Christian,back,64
1968,Christian,two,61
1968,Christian,lynch,58
1968,Christian,watch,55
1968,Christian,eyes,54
1968,Christian,hands,50
1968,Christian,private,50
1968,Christian,face,49
1968,Christian,love,49
1968,Christian,left,49
1968,Christian,little,47
1968,Christian,black,44
1968,Christian,know,43
1968,Christian,voice,43
1968,Christian,florry,42
1968,Classical,moon,4
1968,Classical,new,4
1968,Classical,dream,3
1968,Classical,bairre,3
1968,Classical,wake,2
1968,Classical,war,2
1968,Classical,son,2
1968,Classical,soul,2
1968,Classical,sun,2
1968,Classical,things,2
1968,Classical,someones,2
1968,Classical,secret,2
1968,Classical,show,2
1968,Classical,silence,2
1968,Classical,silent,2
1968,Classical,royal,2
1968,Classical,sawyer,2
1968,Classical,paper,2
1968,Classical,presley,2
1968,Classical,music,2
1968,Classical,little,2
1968,Classical,love,2
1968,Classical,king,2
1968,Classical,leppard,2
1968,Classical,jon,2
1968,Country & Folk,says,383
1968,Country & Folk,joe,123
1968,Country & Folk,citizen,87
1968,Country & Folk,old,74
1968,Country & Folk,bloody,69
1968,Country & Folk,bloom,65
1968,Country & Folk,one,64
1968,Country & Folk,alf,57
1968,Country & Folk,man,55
1968,Country & Folk,god,45
1968,Country & Folk,know,43
1968,Country & Folk,would,37
1968,Country & Folk,little,35
1968,Country & Folk,said,34
1968,Country & Folk,john,34
1968,Country & Folk,see,32
1968,Country & Folk,love,31
1968,Country & Folk,round,30
1968,Country & Folk,good,29
1968,Country & Folk,going,29
1968,Country & Folk,time,29
1968,Country & Folk,give,28
1968,Country & Folk,eye,27
1968,Country & Folk,well,27
1968,Country & Folk,mrs,26
1968,Electronic,yes,18
1968,Electronic,hold,18
1968,Electronic,words,9
1968,Electronic,life,7
1968,Electronic,say,7
1968,Electronic,gotta,6
1968,Electronic,joke,6
1968,Electronic,started,6
1968,Electronic,said,6
1968,Electronic,world,5
1968,Electronic,message,5
1968,Electronic,one,5
1968,Electronic,heart,5
1968,Electronic,get,5
1968,Electronic,away,4
1968,Electronic,hour,4
1968,Electronic,take,4
1968,Electronic,whole,4
1968,Electronic,smile,3
1968,Electronic,seen,3
1968,Electronic,time,3
1968,Electronic,love,3
1968,Electronic,goodnight,3
1968,Electronic,let,3
1968,Electronic,jumbo,3
1968,Jazz,know,405
1968,Jazz,vicki,364
1968,Jazz,venkman,353
1968,Jazz,joker,345
1968,Jazz,one,335
1968,Jazz,get,324
1968,Jazz,love,317
1968,Jazz,got,307
1968,Jazz,see,293
1968,Jazz,well,267
1968,Jazz,night,266
1968,Jazz,batman,260
1968,Jazz,man,255
1968,Jazz,stantz,254
1968,Jazz,time,251
1968,Jazz,back,248
1968,Jazz,think,239
1968,Jazz,want,237
1968,Jazz,right,230
1968,Jazz,let,225
1968,Jazz,bruce,225
1968,Jazz,int,224
1968,Jazz,dana,205
1968,Jazz,say,204
1968,Jazz,day,202
1968,Latin,light,35
1968,Latin,fire,26
1968,Latin,know,10
1968,Latin,come,10
1968,Latin,put,8
1968,Latin,sneakers,5
1968,Latin,red,5
1968,Latin,night,5
1968,Latin,girl,5
1968,Latin,heel,5
1968,Latin,charted,4
1968,Latin,better,4
1968,Latin,dress,4
1968,Latin,high,4
1968,Latin,head,4
1968,Latin,goin,4
1968,Latin,hat,4
1968,Latin,tonight,4
1968,Latin,wig,4
1968,Latin,wear,4
1968,Latin,would,4
1968,Latin,set,3
1968,Latin,say,3
1968,Latin,try,3
1968,Latin,much,3
1968,Other,love,49
1968,Other,man,28
1968,Other,beatles,23
1968,Other,say,22
1968,Other,black,21
1968,Other,come,18
1968,Other,proud,17
1968,Other,bob,17
1968,Other,day,16
1968,Other,stop,16
1968,Other,rolling,15
1968,Other,without,15
1968,Other,elvis,14
1968,Other,stones,14
1968,Other,dylan,13
1968,Other,lonely,13
1968,Other,loud,13
1968,Other,sweet,13
1968,Other,right,12
1968,Other,got,12
1968,Other,every,12
1968,Other,gotta,11
1968,Other,get,11
1968,Other,little,11
1968,Other,presley,11
1968,Pop,love,640
1968,Pop,life,496
1968,Pop,get,486
1968,Pop,bond,472
1968,Pop,one,420
1968,Pop,know,349
1968,Pop,time,289
1968,Pop,back,263
1968,Pop,day,250
1968,Pop,see,249
1968,Pop,let,245
1968,Pop,way,244
1968,Pop,got,238
1968,Pop,man,228
1968,Pop,said,220
1968,Pop,come,212
1968,Pop,natalya,201
1968,Pop,make,200
1968,Pop,little,196
1968,Pop,would,191
1968,Pop,take,184
1968,Pop,good,177
1968,Pop,never,175
1968,Pop,girl,171
1968,Pop,say,169
1968,R&B & Funk,would,75
1968,R&B & Funk,love,70
1968,R&B & Funk,could,66
1968,R&B & Funk,know,61
1968,R&B & Funk,thing,54
1968,R&B & Funk,good,49
1968,R&B & Funk,one,49
1968,R&B & Funk,monarch,46
1968,R&B & Funk,take,46
1968,R&B & Funk,doo,39
1968,R&B & Funk,got,39
1968,R&B & Funk,mrs,39
1968,R&B & Funk,away,37
1968,R&B & Funk,said,36
1968,R&B & Funk,real,34
1968,R&B & Funk,stand,32
1968,R&B & Funk,make,32
1968,R&B & Funk,lady,32
1968,R&B & Funk,get,32
1968,R&B & Funk,cry,30
1968,R&B & Funk,major,30
1968,R&B & Funk,never,30
1968,R&B & Funk,nothing,29
1968,R&B & Funk,might,29
1968,R&B & Funk,little,29
1968,Rock,march,649
1968,Rock,healy,525
1968,Rock,holly,231
1968,Rock,know,214
1968,Rock,one,211
1968,Rock,get,186
1968,Rock,time,175
1968,Rock,right,168
1968,Rock,man,149
1968,Rock,back,141
1968,Rock,got,136
1968,Rock,see,133
1968,Rock,come,129
1968,Rock,way,120
1968,Rock,love,120
1968,Rock,amelia,119
1968,Rock,said,112
1968,Rock,well,110
1968,Rock,two,109
1968,Rock,would,108
1968,Rock,cut,106
1968,Rock,away,105
1968,Rock,little,105
1968,Rock,take,103
1968,Rock,around,98
1969,Avant-Garde & Experimental,love,62
1969,Avant-Garde & Experimental,got,44
1969,Avant-Garde & Experimental,know,28
1969,Avant-Garde & Experimental,time,24
1969,Avant-Garde & Experimental,beatles,23
1969,Avant-Garde & Experimental,man,20
1969,Avant-Garde & Experimental,revolution,20
1969,Avant-Garde & Experimental,bob,17
1969,Avant-Garde & Experimental,way,15
1969,Avant-Garde & Experimental,rolling,15
1969,Avant-Garde & Experimental,wah,14
1969,Avant-Garde & Experimental,take,14
1969,Avant-Garde & Experimental,stones,14
1969,Avant-Garde & Experimental,line,14
1969,Avant-Garde & Experimental,little,14
1969,Avant-Garde & Experimental,elvis,14
1969,Avant-Garde & Experimental,dylan,14
1969,Avant-Garde & Experimental,waiting,13
1969,Avant-Garde & Experimental,let,13
1969,Avant-Garde & Experimental,come,13
1969,Avant-Garde & Experimental,day,12
1969,Avant-Garde & Experimental,new,12
1969,Avant-Garde & Experimental,susan,12
1969,Avant-Garde & Experimental,wanna,12
1969,Avant-Garde & Experimental,west,11
1969,Blues & Soul,love,539
1969,Blues & Soul,one,443
1969,Blues & Soul,elliot,441
1969,Blues & Soul,know,430
1969,Blues & Soul,get,383
1969,Blues & Soul,got,350
1969,Blues & Soul,would,329
1969,Blues & Soul,albertine,294
1969,Blues & Soul,see,287
1969,Blues & Soul,time,279
1969,Blues & Soul,man,262
1969,Blues & Soul,ain,260
1969,Blues & Soul,first,240
1969,Blues & Soul,said,237
1969,Blues & Soul,back,223
1969,Blues & Soul,make,218
1969,Blues & Soul,let,216
1969,Blues & Soul,day,203
1969,Blues & Soul,never,198
1969,Blues & Soul,shit,191
1969,Blues & Soul,life,186
1969,Blues & Soul,tell,185
1969,Blues & Soul,little,181
1969,Blues & Soul,right,179
1969,Blues & Soul,say,178
1969,Christian,says,1223
1969,Christian,mam,639
1969,Christian,know,523
1969,Christian,dad,441
1969,Christian,get,436
1969,Christian,one,412
1969,Christian,malachy,375
1969,Christian,tells,361
1969,Christian,mother,358
1969,Christian,tell,357
1969,Christian,back,355
1969,Christian,man,313
1969,Christian,see,307
1969,Christian,never,306
1969,Christian,day,300
1969,Christian,bed,297
1969,Christian,want,297
1969,Christian,home,287
1969,Christian,say,284
1969,Christian,little,276
1969,Christian,god,275
1969,Christian,head,273
1969,Christian,said,257
1969,Christian,come,251
1969,Christian,going,250
1969,Classical,memories,14
1969,Classical,moon,4
1969,Classical,new,4
1969,Classical,ages,3
1969,Classical,bairre,3
1969,Classical,dream,3
1969,Classical,mind,3
1969,Classical,pages,3
1969,Classical,pressed,3
1969,Classical,red,3
1969,Classical,quiet,3
1969,Classical,purple,3
1969,Classical,sweetened,3
1969,Classical,sweet,3
1969,Classical,wine,3
1969,Classical,wake,2
1969,Classical,war,2
1969,Classical,ways,2
1969,Classical,trimmed,2
1969,Classical,sun,2
1969,Classical,things,2
1969,Classical,someones,2
1969,Classical,son,2
1969,Classical,soul,2
1969,Classical,sawyer,2
1969,Country & Folk,fernand,53
1969,Country & Folk,time,49
1969,Country & Folk,said,49
1969,Country & Folk,love,47
1969,Country & Folk,lie,43
1969,Country & Folk,get,38
1969,Country & Folk,know,35
1969,Country & Folk,man,35
1969,Country & Folk,mercedes,32
1969,Country & Folk,caderousse,27
1969,Country & Folk,one,27
1969,Country & Folk,would,26
1969,Country & Folk,well,26
1969,Country & Folk,turn,26
1969,Country & Folk,danglars,25
1969,Country & Folk,come,23
1969,Country & Folk,edmond,21
1969,Country & Folk,say,21
1969,Country & Folk,day,20
1969,Country & Folk,yes,20
1969,Country & Folk,young,19
1969,Country & Folk,see,19
1969,Country & Folk,tell,17
1969,Country & Folk,every,16
1969,Country & Folk,dantes,16
1969,Electronic,love,17
1969,Electronic,song,16
1969,Electronic,one,13
1969,Electronic,every,12
1969,Electronic,sing,9
1969,Electronic,tomorrow,9
1969,Electronic,morning,7
1969,Electronic,joke,6
1969,Electronic,never,6
1969,Electronic,remember,6
1969,Electronic,singing,6
1969,Electronic,started,6
1969,Electronic,could,5
1969,Electronic,ask,5
1969,Electronic,forget,5
1969,Electronic,lies,5
1969,Electronic,girl,5
1969,Electronic,world,4
1969,Electronic,whole,4
1969,Electronic,used,4
1969,Electronic,sabba,4
1969,Electronic,nooby,4
1969,Electronic,nabba,4
1969,Electronic,mine,4
1969,Electronic,cry,4
1969,Jazz,one,412
1969,Jazz,would,357
1969,Jazz,love,344
1969,Jazz,know,338
1969,Jazz,said,301
1969,Jazz,time,294
1969,Jazz,get,274
1969,Jazz,song,267
1969,Jazz,see,230
1969,Jazz,summary,227
1969,Jazz,school,224
1969,Jazz,make,220
1969,Jazz,could,218
1969,Jazz,life,218
1969,Jazz,never,217
1969,Jazz,day,212
1969,Jazz,people,208
1969,Jazz,want,205
1969,Jazz,going,203
1969,Jazz,got,203
1969,Jazz,back,201
1969,Jazz,man,200
1969,Jazz,let,197
1969,Jazz,way,192
1969,Jazz,wilson,191
1969,Latin,nine,20
1969,Latin,cloud,19
1969,Latin,babe,12
1969,Latin,without,12
1969,Latin,sunday,11
1969,Latin,listen,11
1969,Latin,got,11
1969,Latin,kids,10
1969,Latin,world,10
1969,Latin,drive,8
1969,Latin,love,8
1969,Latin,rain,8
1969,Latin,wanna,8
1969,Latin,know,7
1969,Latin,fam,6
1969,Latin,fifteen,6
1969,Latin,skids,6
1969,Latin,miles,5
1969,Latin,man,5
1969,Latin,life,5
1969,Latin,empty,5
1969,Latin,ain,4
1969,Latin,come,4
1969,Latin,free,4
1969,Latin,five,4
1969,Other,war,33
1969,Other,miranda,23
1969,Other,lin,23
1969,Other,manuel,23
1969,Other,john,20
1969,Other,american,19
1969,Other,battle,18
1969,Other,lennon,18
1969,Other,song,18
1969,Other,new,17
1969,Other,home,15
1969,Other,hamilton,15
1969,Other,story,14
1969,Other,world,13
1969,Other,back,12
1969,Other,british,12
1969,Other,death,12
1969,Other,great,12
1969,Other,never,12
1969,Other,tracy,11
1969,Other,stewart,11
1969,Other,run,11
1969,Other,murder,11
1969,Other,gotta,11
1969,Other,first,11
1969,Pop,scott,1146
1969,Pop,love,524
1969,Pop,ramona,447
1969,Pop,know,428
1969,Pop,get,380
1969,Pop,got,311
1969,Pop,one,299
1969,Pop,knives,268
1969,Pop,let,262
1969,Pop,right,261
1969,Pop,see,239
1969,Pop,make,238
1969,Pop,back,236
1969,Pop,time,232
1969,Pop,man,230
1969,Pop,come,212
1969,Pop,wallace,205
1969,Pop,day,200
1969,Pop,say,199
1969,Pop,way,193
1969,Pop,think,180
1969,Pop,want,180
1969,Pop,little,176
1969,Pop,good,172
1969,Pop,take,163
1969,R&B & Funk,love,101
1969,R&B & Funk,got,54
1969,R&B & Funk,know,39
1969,R&B & Funk,let,32
1969,R&B & Funk,get,29
1969,R&B & Funk,thing,26
1969,R&B & Funk,way,26
1969,R&B & Funk,good,25
1969,R&B & Funk,never,25
1969,R&B & Funk,home,24
1969,R&B & Funk,old,23
1969,R&B & Funk,tell,22
1969,R&B & Funk,god,21
1969,R&B & Funk,man,20
1969,R&B & Funk,better,19
1969,R&B & Funk,going,19
1969,R&B & Funk,heart,19
1969,R&B & Funk,soul,18
1969,R&B & Funk,scratches,18
1969,R&B & Funk,lovin,18
1969,R&B & Funk,bone,18
1969,R&B & Funk,ain,17
1969,R&B & Funk,could,17
1969,R&B & Funk,woman,17
1969,R&B & Funk,samples,17
1969,Reggae,poor,22
1969,Reggae,israelite,11
1969,Reggae,forever,10
1969,Reggae,since,9
1969,Reggae,remember,9
1969,Reggae,could,8
1969,Reggae,still,8
1969,Reggae,world,8
1969,Reggae,beautiful,6
1969,Reggae,people,6
1969,Reggae,wonderful,6
1969,Reggae,things,5
1969,Reggae,girl,5
1969,Reggae,get,4
1969,Reggae,pretty,4
1969,Reggae,said,4
1969,Reggae,talking,4
1969,Reggae,sir,4
1969,Reggae,ways,4
1969,Reggae,bread,3
1969,Reggae,fed,3
1969,Reggae,every,3
1969,Reggae,look,3
1969,Reggae,leave,3
1969,Reggae,nobody,3
1969,Rock,one,284
1969,Rock,time,168
1969,Rock,vampire,143
1969,Rock,man,139
1969,Rock,see,138
1969,Rock,know,138
1969,Rock,got,136
1969,Rock,way,133
1969,Rock,love,131
1969,Rock,would,127
1969,Rock,upon,125
1969,Rock,well,119
1969,Rock,take,112
1969,Rock,could,107
1969,Rock,make,106
1969,Rock,though,103
1969,Rock,come,102
1969,Rock,old,101
1969,Rock,get,99
1969,Rock,said,99
1969,Rock,first,97
1969,Rock,good,93
1969,Rock,never,91
1969,Rock,little,90
1969,Rock,give,88
1970,Avant-Garde & Experimental,got,23
1970,Avant-Garde & Experimental,revolution,18
1970,Avant-Garde & Experimental,easy,17
1970,Avant-Garde & Experimental,know,11
1970,Avant-Garde & Experimental,america,11
1970,Avant-Garde & Experimental,love,11
1970,Avant-Garde & Experimental,mongoose,11
1970,Avant-Garde & Experimental,riki,11
1970,Avant-Garde & Experimental,tavi,11
1970,Avant-Garde & Experimental,tiki,11
1970,Avant-Garde & Experimental,volunteers,11
1970,Avant-Garde & Experimental,let,10
1970,Avant-Garde & Experimental,gone,10
1970,Avant-Garde & Experimental,rider,9
1970,Avant-Garde & Experimental,day,8
1970,Avant-Garde & Experimental,ain,8
1970,Avant-Garde & Experimental,tell,7
1970,Avant-Garde & Experimental,inside,7
1970,Avant-Garde & Experimental,get,7
1970,Avant-Garde & Experimental,way,6
1970,Avant-Garde & Experimental,people,6
1970,Avant-Garde & Experimental,night,6
1970,Avant-Garde & Experimental,door,6
1970,Avant-Garde & Experimental,every,6
1970,Avant-Garde & Experimental,come,6
1970,Blues & Soul,would,806
1970,Blues & Soul,harry,747
1970,Blues & Soul,one,706
1970,Blues & Soul,love,627
1970,Blues & Soul,feat,564
1970,Blues & Soul,know,531
1970,Blues & Soul,swann,484
1970,Blues & Soul,odette,445
1970,Blues & Soul,time,414
1970,Blues & Soul,see,375
1970,Blues & Soul,perry,372
1970,Blues & Soul,could,371
1970,Blues & Soul,harmony,363
1970,Blues & Soul,never,344
1970,Blues & Soul,get,328
1970,Blues & Soul,come,322
1970,Blues & Soul,little,321
1970,Blues & Soul,got,298
1970,Blues & Soul,day,292
1970,Blues & Soul,say,288
1970,Blues & Soul,going,287
1970,Blues & Soul,make,286
1970,Blues & Soul,said,284
1970,Blues & Soul,back,263
1970,Blues & Soul,good,260
1970,Christian,check,34
1970,Christian,know,19
1970,Christian,mjb,17
1970,Christian,got,16
1970,Christian,goin,10
1970,Christian,let,9
1970,Christian,gpm,9
1970,Christian,god,9
1970,Christian,get,8
1970,Christian,gone,8
1970,Christian,greyhound,8
1970,Christian,thank,8
1970,Christian,woman,7
1970,Christian,shit,6
1970,Christian,puba,6
1970,Christian,never,6
1970,Christian,make,6
1970,Christian,could,6
1970,Christian,well,5
1970,Christian,rose,5
1970,Christian,promised,5
1970,Christian,pardon,5
1970,Christian,mary,5
1970,Christian,give,5
1970,Christian,garden,5
1970,Classical,think,10
1970,Classical,going,10
1970,Classical,ticket,9
1970,Classical,ride,9
1970,Classical,got,9
1970,Classical,sad,8
1970,Classical,care,4
1970,Classical,ought,4
1970,Classical,right,4
1970,Classical,away,2
1970,Classical,boy,2
1970,Classical,today,2
1970,Classical,driving,2
1970,Classical,mad,2
1970,Classical,would,1
1970,Classical,saying,1
1970,Classical,said,1
1970,Classical,riding,1
1970,Classical,living,1
1970,Classical,know,1
1970,Classical,high,1
1970,Classical,goodbye,1
1970,Classical,gets,1
1970,Classical,free,1
1970,Classical,fore,1
1970,Country & Folk,said,102
1970,Country & Folk,time,93
1970,Country & Folk,man,72
1970,Country & Folk,pickwick,62
1970,Country & Folk,one,54
1970,Country & Folk,fernand,53
1970,Country & Folk,know,47
1970,Country & Folk,see,46
1970,Country & Folk,back,42
1970,Country & Folk,well,42
1970,Country & Folk,love,42
1970,Country & Folk,would,37
1970,Country & Folk,come,37
1970,Country & Folk,bop,36
1970,Country & Folk,got,36
1970,Country & Folk,never,35
1970,Country & Folk,sam,33
1970,Country & Folk,young,33
1970,Country & Folk,boom,32
1970,Country & Folk,way,32
1970,Country & Folk,mind,32
1970,Country & Folk,mercedes,32
1970,Country & Folk,get,32
1970,Country & Folk,gone,31
1970,Country & Folk,could,31
1970,Electronic,joe,42
1970,Electronic,love,37
1970,Electronic,lonely,33
1970,Electronic,cool,19
1970,Electronic,nights,19
1970,Electronic,days,18
1970,Electronic,let,17
1970,Electronic,mind,17
1970,Electronic,come,14
1970,Electronic,take,13
1970,Electronic,life,13
1970,Electronic,know,13
1970,Electronic,bop,13
1970,Electronic,music,12
1970,Electronic,without,11
1970,Electronic,world,11
1970,Electronic,mean,11
1970,Electronic,would,10
1970,Electronic,woman,10
1970,Electronic,killer,10
1970,Electronic,feel,10
1970,Electronic,could,10
1970,Electronic,girl,9
1970,Electronic,back,8
1970,Electronic,means,8
1970,Jazz,bloom,558
1970,Jazz,one,409
1970,Jazz,love,242
1970,Jazz,know,238
1970,Jazz,man,221
1970,Jazz,trials,219
1970,Jazz,data,218
1970,Jazz,see,212
1970,Jazz,stephen,212
1970,Jazz,time,198
1970,Jazz,would,189
1970,Jazz,two,180
1970,Jazz,drug,160
1970,Jazz,hand,158
1970,Jazz,never,154
1970,Jazz,old,149
1970,Jazz,back,149
1970,Jazz,get,148
1970,Jazz,good,144
1970,Jazz,people,144
1970,Jazz,results,143
1970,Jazz,let,138
1970,Jazz,day,137
1970,Jazz,first,134
1970,Jazz,make,133
1970,Latin,close,12
1970,Latin,sing,8
1970,Latin,joy,7
1970,Latin,song,7
1970,Latin,wua,7
1970,Latin,long,5
1970,Latin,come,5
1970,Latin,around,4
1970,Latin,girls,4
1970,Latin,follow,4
1970,Latin,love,4
1970,Latin,town,4
1970,Latin,day,3
1970,Latin,que,3
1970,Latin,nue,3
1970,Latin,true,2
1970,Latin,understanding,2
1970,Latin,ven,2
1970,Latin,vol,2
1970,Latin,ser,2
1970,Latin,shall,2
1970,Latin,sol,2
1970,Latin,sprinkled,2
1970,Latin,starlight,2
1970,Latin,sue,2
1970,Other,adam,396
1970,Other,barbara,391
1970,Other,lydia,344
1970,Other,delia,169
1970,Other,betelgeuse,153
1970,Other,charles,150
1970,Other,otho,118
1970,Other,int,113
1970,Other,door,102
1970,Other,looks,92
1970,Other,room,89
1970,Other,day,82
1970,Other,house,76
1970,Other,attic,73
1970,Other,get,68
1970,Other,jane,67
1970,Other,one,67
1970,Other,around,63
1970,Other,model,63
1970,Other,back,61
1970,Other,continuing,60
1970,Other,look,59
1970,Other,see,59
1970,Other,little,56
1970,Other,juno,55
1970,Pop,love,701
1970,Pop,one,632
1970,Pop,said,469
1970,Pop,wanda,434
1970,Pop,woman,410
1970,Pop,man,374
1970,Pop,time,369
1970,Pop,would,355
1970,Pop,know,338
1970,Pop,back,330
1970,Pop,see,301
1970,Pop,well,282
1970,Pop,way,279
1970,Pop,let,271
1970,Pop,song,270
1970,Pop,get,265
1970,Pop,want,260
1970,Pop,could,258
1970,Pop,even,256
1970,Pop,eyes,253
1970,Pop,come,250
1970,Pop,summary,249
1970,Pop,day,246
1970,Pop,got,243
1970,Pop,long,234
1970,R&B & Funk,luke,385
1970,R&B & Funk,han,260
1970,R&B & Funk,leia,196
1970,R&B & Funk,threepio,169
1970,R&B & Funk,vader,132
1970,R&B & Funk,emperor,115
1970,R&B & Funk,star,108
1970,R&B & Funk,chewie,106
1970,R&B & Funk,artoo,103
1970,R&B & Funk,jabba,100
1970,R&B & Funk,lando,95
1970,R&B & Funk,get,83
1970,R&B & Funk,got,81
1970,R&B & Funk,back,81
1970,R&B & Funk,know,79
1970,R&B & Funk,away,75
1970,R&B & Funk,imperial,71
1970,R&B & Funk,ext,71
1970,R&B & Funk,death,69
1970,R&B & Funk,help,67
1970,R&B & Funk,come,66
1970,R&B & Funk,int,66
1970,R&B & Funk,one,65
1970,R&B & Funk,looks,64
1970,R&B & Funk,rebel,64
1970,Reggae,come,32
1970,Reggae,life,20
1970,Reggae,could,8
1970,Reggae,world,8
1970,Reggae,love,7
1970,Reggae,need,7
1970,Reggae,wonderful,6
1970,Reggae,people,6
1970,Reggae,beautiful,6
1970,Reggae,girl,5
1970,Reggae,today,4
1970,Reggae,mmh,4
1970,Reggae,make,4
1970,Reggae,things,4
1970,Reggae,talking,4
1970,Reggae,pretty,4
1970,Reggae,underneath,3
1970,Reggae,stay,3
1970,Reggae,secret,3
1970,Reggae,reveal,3
1970,Reggae,nobody,3
1970,Reggae,backbiting,2
1970,Reggae,cheating,2
1970,Reggae,everybody,2
1970,Reggae,fighting,2
1970,Rock,know,469
1970,Rock,vincent,436
1970,Rock,butch,330
1970,Rock,jules,308
1970,Rock,one,302
1970,Rock,get,253
1970,Rock,time,246
1970,Rock,would,240
1970,Rock,never,209
1970,Rock,man,209
1970,Rock,got,187
1970,Rock,think,183
1970,Rock,love,182
1970,Rock,let,174
1970,Rock,come,174
1970,Rock,back,170
1970,Rock,see,169
1970,Rock,mia,161
1970,Rock,say,160
1970,Rock,right,158
1970,Rock,well,157
1970,Rock,way,151
1970,Rock,take,141
1970,Rock,room,139
1970,Rock,want,138
1971,Avant-Garde & Experimental,pretty,30
1971,Avant-Garde & Experimental,feel,17
1971,Avant-Garde & Experimental,arrow,8
1971,Avant-Garde & Experimental,know,8
1971,Avant-Garde & Experimental,live,7
1971,Avant-Garde & Experimental,feelin,7
1971,Avant-Garde & Experimental,inside,6
1971,Avant-Garde & Experimental,give,6
1971,Avant-Garde & Experimental,living,5
1971,Avant-Garde & Experimental,without,5
1971,Avant-Garde & Experimental,yes,4
1971,Avant-Garde & Experimental,shows,4
1971,Avant-Garde & Experimental,love,4
1971,Avant-Garde & Experimental,mama,4
1971,Avant-Garde & Experimental,face,4
1971,Avant-Garde & Experimental,anymore,4
1971,Avant-Garde & Experimental,wherever,3
1971,Avant-Garde & Experimental,sorrow,3
1971,Avant-Garde & Experimental,won,3
1971,Avant-Garde & Experimental,tell,3
1971,Avant-Garde & Experimental,let,3
1971,Avant-Garde & Experimental,knows,3
1971,Avant-Garde & Experimental,goes,3
1971,Avant-Garde & Experimental,forget,3
1971,Avant-Garde & Experimental,always,2
1971,Blues & Soul,one,590
1971,Blues & Soul,love,545
1971,Blues & Soul,get,523
1971,Blues & Soul,got,461
1971,Blues & Soul,know,441
1971,Blues & Soul,bloom,441
1971,Blues & Soul,back,431
1971,Blues & Soul,sam,366
1971,Blues & Soul,bruce,359
1971,Blues & Soul,time,315
1971,Blues & Soul,see,312
1971,Blues & Soul,black,311
1971,Blues & Soul,guil,309
1971,Blues & Soul,feat,288
1971,Blues & Soul,ros,286
1971,Blues & Soul,lionel,276
1971,Blues & Soul,troy,275
1971,Blues & Soul,two,270
1971,Blues & Soul,man,269
1971,Blues & Soul,come,264
1971,Blues & Soul,right,263
1971,Blues & Soul,night,253
1971,Blues & Soul,want,243
1971,Blues & Soul,day,235
1971,Blues & Soul,int,232
1971,Christian,huh,43
1971,Christian,want,25
1971,Christian,way,20
1971,Christian,city,19
1971,Christian,good,15
1971,Christian,life,15
1971,Christian,never,14
1971,Christian,new,11
1971,Christian,enough,11
1971,Christian,got,11
1971,Christian,african,11
1971,Christian,let,10
1971,Christian,york,10
1971,Christian,woman,10
1971,Christian,arms,9
1971,Christian,fine,9
1971,Christian,singer,9
1971,Christian,sing,9
1971,Christian,used,8
1971,Christian,take,8
1971,Christian,song,8
1971,Christian,man,8
1971,Christian,american,7
1971,Christian,know,7
1971,Christian,live,7
1971,Country & Folk,vampire,142
1971,Country & Folk,one,112
1971,Country & Folk,upon,94
1971,Country & Folk,love,85
1971,Country & Folk,know,82
1971,Country & Folk,well,74
1971,Country & Folk,lord,70
1971,Country & Folk,life,69
1971,Country & Folk,man,61
1971,Country & Folk,time,61
1971,Country & Folk,let,59
1971,Country & Folk,old,59
1971,Country & Folk,good,57
1971,Country & Folk,see,55
1971,Country & Folk,would,54
1971,Country & Folk,little,53
1971,Country & Folk,take,52
1971,Country & Folk,got,51
1971,Country & Folk,come,51
1971,Country & Folk,blood,50
1971,Country & Folk,songs,50
1971,Country & Folk,first,47
1971,Country & Folk,back,47
1971,Country & Folk,way,46
1971,Country & Folk,may,46
1971,Electronic,lonely,33
1971,Electronic,days,19
1971,Electronic,nights,16
1971,Electronic,without,9
1971,Electronic,would,9
1971,Electronic,woman,9
1971,Electronic,broken,7
1971,Electronic,love,7
1971,Electronic,live,7
1971,Electronic,mend,7
1971,Electronic,heart,6
1971,Electronic,see,5
1971,Electronic,let,5
1971,Electronic,ever,4
1971,Electronic,inside,4
1971,Electronic,stop,4
1971,Electronic,wanna,4
1971,Electronic,tomorrow,3
1971,Electronic,refrain,3
1971,Electronic,rain,3
1971,Electronic,please,3
1971,Electronic,never,3
1971,Electronic,morning,3
1971,Electronic,life,3
1971,Electronic,man,3
1971,Jazz,bloom,434
1971,Jazz,love,380
1971,Jazz,one,240
1971,Jazz,time,187
1971,Jazz,know,178
1971,Jazz,get,163
1971,Jazz,man,155
1971,Jazz,never,147
1971,Jazz,stephen,147
1971,Jazz,see,146
1971,Jazz,got,134
1971,Jazz,come,133
1971,Jazz,back,132
1971,Jazz,say,132
1971,Jazz,day,120
1971,Jazz,let,119
1971,Jazz,old,116
1971,Jazz,hand,116
1971,Jazz,head,114
1971,Jazz,would,113
1971,Jazz,way,111
1971,Jazz,right,110
1971,Jazz,two,107
1971,Jazz,good,106
1971,Jazz,zoe,106
1971,Latin,love,7
1971,Latin,tell,3
1971,Latin,grow,3
1971,Latin,time,3
1971,Latin,say,3
1971,Latin,may,3
1971,Latin,lifetime,3
1971,Latin,day,2
1971,Latin,knew,2
1971,Latin,know,2
1971,Latin,let,2
1971,Latin,look,2
1971,Latin,many,2
1971,Latin,strangers,2
1971,Latin,two,2
1971,Latin,ways,2
1971,Latin,well,2
1971,Latin,take,2
1971,Latin,share,1
1971,Latin,much,1
1971,Latin,got,1
1971,Latin,feel,1
1971,Latin,close,1
1971,Latin,alone,1
1971,Other,come,37
1971,Other,joe,33
1971,Other,rock,28
1971,Other,hot,24
1971,Other,got,23
1971,Other,moonshadow,22
1971,Other,man,22
1971,Other,ladies,21
1971,Other,say,20
1971,Other,young,20
1971,Other,get,19
1971,Other,said,19
1971,Other,yes,18
1971,Other,way,18
1971,Other,house,18
1971,Other,one,18
1971,Other,see,18
1971,Other,well,17
1971,Other,know,15
1971,Other,make,15
1971,Other,called,14
1971,Other,love,14
1971,Other,stop,14
1971,Other,won,14
1971,Other,creole,13
1971,Pop,tony,1103
1971,Pop,one,455
1971,Pop,bloom,434
1971,Pop,got,368
1971,Pop,know,353
1971,Pop,love,336
1971,Pop,get,328
1971,Pop,back,300
1971,Pop,man,295
1971,Pop,continued,242
1971,Pop,time,234
1971,Pop,going,234
1971,Pop,see,232
1971,Pop,would,232
1971,Pop,ncaa,230
1971,Pop,day,210
1971,Pop,right,202
1971,Pop,come,201
1971,Pop,never,196
1971,Pop,two,194
1971,Pop,could,187
1971,Pop,good,186
1971,Pop,way,186
1971,Pop,chi,181
1971,Pop,think,179
1971,R&B & Funk,luke,385
1971,R&B & Funk,han,260
1971,R&B & Funk,leia,196
1971,R&B & Funk,threepio,169
1971,R&B & Funk,get,155
1971,R&B & Funk,vader,132
1971,R&B & Funk,emperor,117
1971,R&B & Funk,one,111
1971,R&B & Funk,star,108
1971,R&B & Funk,love,107
1971,R&B & Funk,chewie,106
1971,R&B & Funk,artoo,103
1971,R&B & Funk,come,103
1971,R&B & Funk,jabba,100
1971,R&B & Funk,back,96
1971,R&B & Funk,know,96
1971,R&B & Funk,lando,95
1971,R&B & Funk,see,87
1971,R&B & Funk,away,76
1971,R&B & Funk,let,76
1971,R&B & Funk,good,75
1971,R&B & Funk,death,74
1971,R&B & Funk,make,73
1971,R&B & Funk,two,71
1971,R&B & Funk,ext,71
1971,Rock,love,184
1971,Rock,mamy,116
1971,Rock,man,113
1971,Rock,away,108
1971,Rock,get,108
1971,Rock,know,79
1971,Rock,need,69
1971,Rock,blue,67
1971,Rock,got,66
1971,Rock,sweet,65
1971,Rock,want,64
1971,Rock,come,61
1971,Rock,one,61
1971,Rock,time,61
1971,Rock,life,56
1971,Rock,world,51
1971,Rock,tell,51
1971,Rock,let,50
1971,Rock,take,49
1971,Rock,day,49
1971,Rock,feel,47
1971,Rock,give,47
1971,Rock,never,47
1971,Rock,war,46
1971,Rock,wanna,45
1972,Avant-Garde & Experimental,hold,43
1972,Avant-Garde & Experimental,head,43
1972,Avant-Garde & Experimental,long,42
1972,Avant-Garde & Experimental,whoo,34
1972,Avant-Garde & Experimental,pretty,30
1972,Avant-Garde & Experimental,lime,28
1972,Avant-Garde & Experimental,coconut,28
1972,Avant-Garde & Experimental,put,26
1972,Avant-Garde & Experimental,woman,25
1972,Avant-Garde & Experimental,around,24
1972,Avant-Garde & Experimental,road,24
1972,Avant-Garde & Experimental,doctor,19
1972,Avant-Garde & Experimental,feel,18
1972,Avant-Garde & Experimental,say,17
1972,Avant-Garde & Experimental,dark,14
1972,Avant-Garde & Experimental,take,13
1972,Avant-Garde & Experimental,yes,13
1972,Avant-Garde & Experimental,ain,12
1972,Avant-Garde & Experimental,remember,12
1972,Avant-Garde & Experimental,said,10
1972,Avant-Garde & Experimental,let,10
1972,Avant-Garde & Experimental,know,10
1972,Avant-Garde & Experimental,call,10
1972,Avant-Garde & Experimental,well,9
1972,Avant-Garde & Experimental,morning,9
1972,Blues & Soul,one,1259
1972,Blues & Soul,said,974
1972,Blues & Soul,would,840
1972,Blues & Soul,know,725
1972,Blues & Soul,love,691
1972,Blues & Soul,time,551
1972,Blues & Soul,see,536
1972,Blues & Soul,xa0xa0xa0,511
1972,Blues & Soul,day,466
1972,Blues & Soul,never,436
1972,Blues & Soul,man,435
1972,Blues & Soul,say,428
1972,Blues & Soul,could,423
1972,Blues & Soul,let,421
1972,Blues & Soul,come,410
1972,Blues & Soul,mme,405
1972,Blues & Soul,little,404
1972,Blues & Soul,back,398
1972,Blues & Soul,moment,394
1972,Blues & Soul,make,393
1972,Blues & Soul,still,388
1972,Blues & Soul,old,384
1972,Blues & Soul,got,383
1972,Blues & Soul,way,379
1972,Blues & Soul,good,378
1972,Children's,ben,7
1972,Children's,friend,6
1972,Children's,got,4
1972,Children's,say,3
1972,Children's,anywhere,2
1972,Children's,look,2
1972,Children's,place,2
1972,Children's,see,2
1972,Children's,used,2
1972,Children's,would,2
1972,Children's,wish,1
1972,Children's,wanted,1
1972,Children's,two,1
1972,Children's,turn,1
1972,Children's,try,1
1972,Children's,think,1
1972,Children's,sure,1
1972,Children's,something,1
1972,Children's,word,1
1972,Children's,people,1
1972,Children's,never,1
1972,Children's,need,1
1972,Children's,looking,1
1972,Children's,listen,1
1972,Children's,know,1
1972,Christian,said,104
1972,Christian,pickwick,91
1972,Christian,sir,85
1972,Christian,fogg,50
1972,Christian,weller,39
1972,Christian,replied,38
1972,Christian,dodson,36
1972,Christian,old,32
1972,Christian,man,30
1972,Christian,sam,24
1972,Christian,one,22
1972,Christian,face,21
1972,Christian,say,21
1972,Christian,well,20
1972,Christian,funny,19
1972,Christian,know,19
1972,Christian,would,18
1972,Christian,wery,14
1972,Christian,come,12
1972,Christian,head,12
1972,Christian,time,12
1972,Christian,wicks,12
1972,Christian,better,11
1972,Christian,gentlemen,11
1972,Christian,good,11
1972,Classical,hurting,11
1972,Classical,glory,8
1972,Classical,away,8
1972,Classical,love,7
1972,Classical,look,6
1972,Classical,stop,5
1972,Classical,cry,5
1972,Classical,dixieland,4
1972,Classical,hallelujah,4
1972,Classical,making,4
1972,Classical,truth,3
1972,Classical,marching,3
1972,Classical,ever,3
1972,Classical,dixie,3
1972,Classical,could,3
1972,Classical,apart,2
1972,Classical,breaking,2
1972,Classical,closer,2
1972,Classical,die,2
1972,Classical,give,2
1972,Classical,gladly,2
1972,Classical,got,2
1972,Classical,heart,2
1972,Classical,knowing,2
1972,Classical,life,2
1972,Country & Folk,summary,215
1972,Country & Folk,protector,101
1972,Country & Folk,cromwell,96
1972,Country & Folk,feat,88
1972,Country & Folk,one,88
1972,Country & Folk,could,85
1972,Country & Folk,time,79
1972,Country & Folk,know,69
1972,Country & Folk,man,68
1972,Country & Folk,parliament,67
1972,Country & Folk,would,67
1972,Country & Folk,great,66
1972,Country & Folk,love,65
1972,Country & Folk,let,64
1972,Country & Folk,much,64
1972,Country & Folk,day,61
1972,Country & Folk,little,59
1972,Country & Folk,every,58
1972,Country & Folk,though,58
1972,Country & Folk,government,57
1972,Country & Folk,got,57
1972,Country & Folk,people,56
1972,Country & Folk,never,55
1972,Country & Folk,power,53
1972,Country & Folk,still,53
1972,Electronic,bloom,434
1972,Electronic,stephen,147
1972,Electronic,zoe,106
1972,Electronic,hand,94
1972,Electronic,one,90
1972,Electronic,mrs,75
1972,Electronic,man,72
1972,Electronic,head,65
1972,Electronic,back,63
1972,Electronic,old,61
1972,Electronic,eyes,58
1972,Electronic,two,58
1972,Electronic,lynch,58
1972,Electronic,watch,55
1972,Electronic,world,54
1972,Electronic,love,54
1972,Electronic,hands,50
1972,Electronic,left,50
1972,Electronic,private,50
1972,Electronic,face,49
1972,Electronic,black,44
1972,Electronic,voice,43
1972,Electronic,florry,42
1972,Electronic,know,42
1972,Electronic,hat,42
1972,Jazz,love,206
1972,Jazz,one,110
1972,Jazz,time,105
1972,Jazz,feat,89
1972,Jazz,bom,78
1972,Jazz,berkshire,77
1972,Jazz,know,71
1972,Jazz,would,71
1972,Jazz,day,67
1972,Jazz,take,67
1972,Jazz,way,66
1972,Jazz,value,66
1972,Jazz,last,64
1972,Jazz,never,62
1972,Jazz,get,62
1972,Jazz,got,57
1972,Jazz,song,56
1972,Jazz,billion,56
1972,Jazz,want,56
1972,Jazz,let,55
1972,Jazz,sweet,55
1972,Jazz,million,53
1972,Jazz,make,52
1972,Jazz,life,51
1972,Jazz,years,50
1972,Other,one,128
1972,Other,says,86
1972,Other,said,79
1972,Other,miss,79
1972,Other,know,78
1972,Other,house,69
1972,Other,day,64
1972,Other,little,63
1972,Other,get,59
1972,Other,back,50
1972,Other,say,46
1972,Other,didn,43
1972,Other,got,42
1972,Other,come,41
1972,Other,could,41
1972,Other,away,40
1972,Other,time,40
1972,Other,look,40
1972,Other,see,39
1972,Other,nenny,37
1972,Other,home,35
1972,Other,sally,35
1972,Other,want,35
1972,Other,would,34
1972,Other,man,34
1972,Pop,les,1170
1972,Pop,que,814
1972,Pop,des,680
1972,Pop,dans,483
1972,Pop,qui,480
1972,Pop,est,479
1972,Pop,pas,302
1972,Pop,ils,301
1972,Pop,une,289
1972,Pop,pour,274
1972,Pop,par,254
1972,Pop,nous,233
1972,Pop,plus,225
1972,Pop,son,211
1972,Pop,love,185
1972,Pop,vous,182
1972,Pop,sur,179
1972,Pop,mais,173
1972,Pop,ces,172
1972,Pop,leur,170
1972,Pop,était,166
1972,Pop,dieu,166
1972,Pop,tous,164
1972,Pop,aux,155
1972,Pop,lui,148
1972,R&B & Funk,love,88
1972,R&B & Funk,running,83
1972,R&B & Funk,keep,78
1972,R&B & Funk,sir,61
1972,R&B & Funk,know,52
1972,R&B & Funk,said,50
1972,R&B & Funk,way,45
1972,R&B & Funk,one,44
1972,R&B & Funk,say,41
1972,R&B & Funk,well,40
1972,R&B & Funk,think,40
1972,R&B & Funk,right,39
1972,R&B & Funk,got,37
1972,R&B & Funk,thing,35
1972,R&B & Funk,uncle,33
1972,R&B & Funk,make,32
1972,R&B & Funk,man,32
1972,R&B & Funk,would,31
1972,R&B & Funk,good,31
1972,R&B & Funk,get,31
1972,R&B & Funk,old,30
1972,R&B & Funk,never,28
1972,R&B & Funk,something,27
1972,R&B & Funk,things,27
1972,R&B & Funk,time,26
1972,Rock,alonzo,283
1972,Rock,jake,281
1972,Rock,know,184
1972,Rock,love,168
1972,Rock,back,166
1972,Rock,got,144
1972,Rock,get,138
1972,Rock,time,113
1972,Rock,man,110
1972,Rock,let,104
1972,Rock,day,101
1972,Rock,see,81
1972,Rock,never,80
1972,Rock,well,79
1972,Rock,one,75
1972,Rock,sweet,75
1972,Rock,could,72
1972,Rock,keep,71
1972,Rock,say,70
1972,Rock,way,69
1972,Rock,want,68
1972,Rock,won,65
1972,Rock,come,64
1972,Rock,eyes,63
1972,Rock,alright,61
1973,Avant-Garde & Experimental,doo,160
1973,Avant-Garde & Experimental,long,37
1973,Avant-Garde & Experimental,road,24
1973,Avant-Garde & Experimental,dark,14
1973,Avant-Garde & Experimental,remember,13
1973,Avant-Garde & Experimental,time,12
1973,Avant-Garde & Experimental,woman,10
1973,Avant-Garde & Experimental,wild,10
1973,Avant-Garde & Experimental,walk,10
1973,Avant-Garde & Experimental,yes,10
1973,Avant-Garde & Experimental,take,10
1973,Avant-Garde & Experimental,one,10
1973,Avant-Garde & Experimental,side,10
1973,Avant-Garde & Experimental,know,10
1973,Avant-Garde & Experimental,upon,9
1973,Avant-Garde & Experimental,wanna,9
1973,Avant-Garde & Experimental,touch,9
1973,Avant-Garde & Experimental,spell,9
1973,Avant-Garde & Experimental,magic,9
1973,Avant-Garde & Experimental,feel,9
1973,Avant-Garde & Experimental,cast,9
1973,Avant-Garde & Experimental,said,8
1973,Avant-Garde & Experimental,life,7
1973,Avant-Garde & Experimental,loved,6
1973,Avant-Garde & Experimental,dream,6
1973,Blues & Soul,one,1015
1973,Blues & Soul,know,811
1973,Blues & Soul,would,674
1973,Blues & Soul,never,592
1973,Blues & Soul,time,522
1973,Blues & Soul,love,517
1973,Blues & Soul,xa0xa0xa0,511
1973,Blues & Soul,let,454
1973,Blues & Soul,come,448
1973,Blues & Soul,see,441
1973,Blues & Soul,said,436
1973,Blues & Soul,get,423
1973,Blues & Soul,make,407
1973,Blues & Soul,mme,405
1973,Blues & Soul,got,403
1973,Blues & Soul,could,397
1973,Blues & Soul,say,388
1973,Blues & Soul,people,371
1973,Blues & Soul,man,363
1973,Blues & Soul,day,340
1973,Blues & Soul,good,329
1973,Blues & Soul,way,326
1973,Blues & Soul,little,322
1973,Blues & Soul,without,321
1973,Blues & Soul,life,321
1973,Children's,love,9
1973,Children's,please,7
1973,Children's,mad,6
1973,Children's,sad,6
1973,Children's,still,4
1973,Children's,read,4
1973,Children's,made,4
1973,Children's,fire,3
1973,Children's,hurt,2
1973,Children's,let,2
1973,Children's,letter,2
1973,Children's,cry,2
1973,Children's,darling,2
1973,Children's,every,2
1973,Children's,soul,2
1973,Children's,tears,2
1973,Children's,told,1
1973,Children's,wrote,1
1973,Children's,words,1
1973,Children's,sent,1
1973,Children's,really,1
1973,Children's,outro,1
1973,Children's,ooooh,1
1973,Children's,oooh,1
1973,Children's,ohh,1
1973,Christian,love,29
1973,Christian,face,18
1973,Christian,funny,18
1973,Christian,superman,16
1973,Christian,never,12
1973,Christian,mine,12
1973,Christian,still,10
1973,Christian,time,10
1973,Christian,away,9
1973,Christian,ever,9
1973,Christian,know,9
1973,Christian,tomorrow,9
1973,Christian,want,8
1973,Christian,thumb,8
1973,Christian,sunshine,8
1973,Christian,see,8
1973,Christian,raised,8
1973,Christian,satin,8
1973,Christian,country,8
1973,Christian,always,8
1973,Christian,believe,7
1973,Christian,leave,7
1973,Christian,life,7
1973,Christian,little,7
1973,Christian,slippin,7
1973,Country & Folk,said,170
1973,Country & Folk,ray,128
1973,Country & Folk,know,100
1973,Country & Folk,madame,91
1973,Country & Folk,frank,89
1973,Country & Folk,alvina,87
1973,Country & Folk,ciccio,78
1973,Country & Folk,one,77
1973,Country & Folk,got,73
1973,Country & Folk,bezzerides,71
1973,Country & Folk,see,71
1973,Country & Folk,right,62
1973,Country & Folk,good,60
1973,Country & Folk,eyes,58
1973,Country & Folk,come,55
1973,Country & Folk,back,54
1973,Country & Folk,well,54
1973,Country & Folk,little,53
1973,Country & Folk,man,50
1973,Country & Folk,say,50
1973,Country & Folk,want,49
1973,Country & Folk,think,47
1973,Country & Folk,way,47
1973,Country & Folk,get,47
1973,Country & Folk,woodrugh,47
1973,Electronic,get,68
1973,Electronic,whoa,33
1973,Electronic,boogie,32
1973,Electronic,daa,24
1973,Electronic,jungle,20
1973,Electronic,said,19
1973,Electronic,dangerous,19
1973,Electronic,love,18
1973,Electronic,head,16
1973,Electronic,dii,16
1973,Electronic,keep,16
1973,Electronic,sky,13
1973,Electronic,evil,11
1973,Electronic,home,10
1973,Electronic,pants,10
1973,Electronic,daddy,9
1973,Electronic,new,9
1973,Electronic,smarty,9
1973,Electronic,way,9
1973,Electronic,stay,8
1973,Electronic,saw,8
1973,Electronic,morning,8
1973,Electronic,man,8
1973,Electronic,lord,8
1973,Electronic,huh,8
1973,Hip Hop,love,23
1973,Hip Hop,give,22
1973,Hip Hop,want,3
1973,Hip Hop,child,2
1973,Hip Hop,keep,2
1973,Hip Hop,need,2
1973,Hip Hop,really,2
1973,Hip Hop,worry,1
1973,Hip Hop,whatever,1
1973,Hip Hop,weight,1
1973,Hip Hop,true,1
1973,Hip Hop,tomorrow,1
1973,Hip Hop,tingle,1
1973,Hip Hop,tight,1
1973,Hip Hop,thing,1
1973,Hip Hop,swing,1
1973,Hip Hop,mad,1
1973,Hip Hop,start,1
1973,Hip Hop,solitude,1
1973,Hip Hop,side,1
1973,Hip Hop,share,1
1973,Hip Hop,said,1
1973,Hip Hop,remove,1
1973,Hip Hop,prepared,1
1973,Hip Hop,plans,1
1973,Jazz,love,172
1973,Jazz,know,87
1973,Jazz,way,84
1973,Jazz,never,84
1973,Jazz,one,68
1973,Jazz,day,66
1973,Jazz,leave,65
1973,Jazz,make,58
1973,Jazz,away,56
1973,Jazz,want,56
1973,Jazz,song,56
1973,Jazz,time,53
1973,Jazz,get,53
1973,Jazz,every,51
1973,Jazz,let,51
1973,Jazz,right,50
1973,Jazz,sing,47
1973,Jazz,could,45
1973,Jazz,say,44
1973,Jazz,alone,44
1973,Jazz,life,43
1973,Jazz,night,43
1973,Jazz,tell,43
1973,Jazz,got,42
1973,Jazz,makossa,40
1973,Other,one,135
1973,Other,says,87
1973,Other,said,81
1973,Other,know,71
1973,Other,day,67
1973,Other,house,65
1973,Other,get,64
1973,Other,little,58
1973,Other,back,56
1973,Other,away,55
1973,Other,time,50
1973,Other,got,46
1973,Other,see,46
1973,Other,say,45
1973,Other,never,43
1973,Other,didn,42
1973,Other,look,40
1973,Other,come,40
1973,Other,would,39
1973,Other,want,38
1973,Other,take,37
1973,Other,nenny,37
1973,Other,could,37
1973,Other,came,36
1973,Other,eyes,36
1973,Pop,love,207
1973,Pop,got,112
1973,Pop,come,86
1973,Pop,let,79
1973,Pop,take,79
1973,Pop,man,77
1973,Pop,get,66
1973,Pop,ain,65
1973,Pop,know,64
1973,Pop,one,58
1973,Pop,day,54
1973,Pop,make,54
1973,Pop,home,49
1973,Pop,could,48
1973,Pop,never,47
1973,Pop,life,45
1973,Pop,mine,45
1973,Pop,see,44
1973,Pop,time,41
1973,Pop,say,40
1973,Pop,good,40
1973,Pop,around,40
1973,Pop,world,39
1973,Pop,little,38
1973,Pop,wanna,38
1973,R&B & Funk,keep,55
1973,R&B & Funk,get,53
1973,R&B & Funk,got,50
1973,R&B & Funk,know,44
1973,R&B & Funk,time,41
1973,R&B & Funk,cheaper,41
1973,R&B & Funk,city,40
1973,R&B & Funk,sexy,35
1973,R&B & Funk,song,35
1973,R&B & Funk,feel,34
1973,R&B & Funk,war,33
1973,R&B & Funk,one,31
1973,R&B & Funk,love,31
1973,R&B & Funk,enough,30
1973,R&B & Funk,new,30
1973,R&B & Funk,good,28
1973,R&B & Funk,hallelujah,28
1973,R&B & Funk,hard,28
1973,R&B & Funk,day,26
1973,R&B & Funk,believe,25
1973,R&B & Funk,ain,23
1973,R&B & Funk,manuel,23
1973,R&B & Funk,lin,23
1973,R&B & Funk,man,23
1973,R&B & Funk,miranda,23
1973,Rock,know,138
1973,Rock,love,134
1973,Rock,get,127
1973,Rock,got,121
1973,Rock,man,84
1973,Rock,make,79
1973,Rock,want,78
1973,Rock,come,72
1973,Rock,one,71
1973,Rock,see,71
1973,Rock,take,71
1973,Rock,away,70
1973,Rock,give,70
1973,Rock,well,68
1973,Rock,let,68
1973,Rock,right,65
1973,Rock,think,64
1973,Rock,time,63
1973,Rock,say,60
1973,Rock,night,57
1973,Rock,never,55
1973,Rock,little,55
1973,Rock,keep,53
1973,Rock,back,53
1973,Rock,way,52
1974,Avant-Garde & Experimental,need,11
1974,Avant-Garde & Experimental,breathe,10
1974,Avant-Garde & Experimental,air,10
1974,Avant-Garde & Experimental,love,9
1974,Avant-Garde & Experimental,come,8
1974,Avant-Garde & Experimental,sad,7
1974,Avant-Garde & Experimental,sleep,5
1974,Avant-Garde & Experimental,daylight,5
1974,Avant-Garde & Experimental,causin,5
1974,Avant-Garde & Experimental,bringin,4
1974,Avant-Garde & Experimental,daybreak,4
1974,Avant-Garde & Experimental,makin,4
1974,Avant-Garde & Experimental,time,4
1974,Avant-Garde & Experimental,last,4
1974,Avant-Garde & Experimental,heartache,4
1974,Avant-Garde & Experimental,good,4
1974,Avant-Garde & Experimental,night,4
1974,Avant-Garde & Experimental,yes,4
1974,Avant-Garde & Experimental,sometimes,3
1974,Avant-Garde & Experimental,wish,3
1974,Avant-Garde & Experimental,angel,2
1974,Avant-Garde & Experimental,around,2
1974,Avant-Garde & Experimental,came,2
1974,Avant-Garde & Experimental,comes,2
1974,Avant-Garde & Experimental,could,2
1974,Blues & Soul,love,621
1974,Blues & Soul,berkshire,268
1974,Blues & Soul,one,244
1974,Blues & Soul,come,204
1974,Blues & Soul,let,199
1974,Blues & Soul,got,193
1974,Blues & Soul,woman,184
1974,Blues & Soul,know,179
1974,Blues & Soul,would,168
1974,Blues & Soul,make,153
1974,Blues & Soul,get,150
1974,Blues & Soul,man,148
1974,Blues & Soul,never,146
1974,Blues & Soul,well,139
1974,Blues & Soul,back,123
1974,Blues & Soul,time,123
1974,Blues & Soul,give,123
1974,Blues & Soul,need,119
1974,Blues & Soul,country,112
1974,Blues & Soul,tell,112
1974,Blues & Soul,way,112
1974,Blues & Soul,want,110
1974,Blues & Soul,money,110
1974,Blues & Soul,singer,110
1974,Blues & Soul,good,106
1974,Children's,poussé,34
1974,Children's,böwakawa,17
1974,Children's,love,9
1974,Children's,please,7
1974,Children's,mad,6
1974,Children's,sad,6
1974,Children's,hear,4
1974,Children's,made,4
1974,Children's,feel,4
1974,Children's,dream,4
1974,Children's,read,4
1974,Children's,still,4
1974,Children's,fire,3
1974,Children's,soul,3
1974,Children's,air,2
1974,Children's,around,2
1974,Children's,believe,2
1974,Children's,could,2
1974,Children's,cry,2
1974,Children's,darling,2
1974,Children's,every,2
1974,Children's,george,2
1974,Children's,hurt,2
1974,Children's,john,2
1974,Children's,know,2
1974,Christian,shine,22
1974,Christian,beacon,21
1974,Christian,light,18
1974,Christian,love,14
1974,Christian,let,10
1974,Christian,god,9
1974,Christian,design,6
1974,Christian,little,6
1974,Christian,united,5
1974,Christian,states,5
1974,Christian,america,5
1974,Christian,tomorrow,4
1974,Christian,ask,3
1974,Christian,hallelujah,3
1974,Christian,live,3
1974,Christian,somewhere,3
1974,Christian,nation,3
1974,Christian,may,3
1974,Christian,blue,2
1974,Christian,citizen,2
1974,Christian,believe,2
1974,Christian,best,2
1974,Christian,faith,2
1974,Christian,free,2
1974,Christian,life,2
1974,Country & Folk,love,147
1974,Country & Folk,old,100
1974,Country & Folk,one,86
1974,Country & Folk,man,73
1974,Country & Folk,come,72
1974,Country & Folk,get,68
1974,Country & Folk,see,65
1974,Country & Folk,till,64
1974,Country & Folk,know,59
1974,Country & Folk,good,59
1974,Country & Folk,way,55
1974,Country & Folk,time,50
1974,Country & Folk,home,47
1974,Country & Folk,would,47
1974,Country & Folk,let,46
1974,Country & Folk,got,46
1974,Country & Folk,never,45
1974,Country & Folk,little,44
1974,Country & Folk,well,42
1974,Country & Folk,back,41
1974,Country & Folk,keep,38
1974,Country & Folk,say,38
1974,Country & Folk,bop,36
1974,Country & Folk,sayd,35
1974,Country & Folk,make,35
1974,Electronic,get,114
1974,Electronic,high,105
1974,Electronic,one,85
1974,Electronic,plato,65
1974,Electronic,hollywood,60
1974,Electronic,rock,56
1974,Electronic,love,55
1974,Electronic,say,52
1974,Electronic,man,49
1974,Electronic,know,43
1974,Electronic,every,42
1974,Electronic,boat,40
1974,Electronic,liftin,40
1974,Electronic,never,40
1974,Electronic,soul,40
1974,Electronic,things,39
1974,Electronic,keep,38
1974,Electronic,try,37
1974,Electronic,nature,37
1974,Electronic,good,37
1974,Electronic,men,36
1974,Electronic,let,35
1974,Electronic,mind,34
1974,Electronic,got,33
1974,Electronic,boogie,33
1974,Jazz,says,1223
1974,Jazz,mam,639
1974,Jazz,know,597
1974,Jazz,one,478
1974,Jazz,get,475
1974,Jazz,dad,441
1974,Jazz,see,404
1974,Jazz,back,387
1974,Jazz,malachy,375
1974,Jazz,never,370
1974,Jazz,tell,366
1974,Jazz,mother,364
1974,Jazz,tells,361
1974,Jazz,day,355
1974,Jazz,man,330
1974,Jazz,want,325
1974,Jazz,say,308
1974,Jazz,home,304
1974,Jazz,bed,297
1974,Jazz,god,282
1974,Jazz,little,277
1974,Jazz,head,274
1974,Jazz,come,268
1974,Jazz,said,267
1974,Jazz,would,267
1974,Latin,eres,26
1974,Latin,como,11
1974,Latin,así,8
1974,Latin,fuego,4
1974,Latin,una,4
1974,Latin,fuente,2
1974,Latin,trigo,2
1974,Latin,agua,2
1974,Latin,algo,2
1974,Latin,hogar,2
1974,Latin,hoguera,2
1974,Latin,pan,2
1974,Latin,verano,1
1974,Latin,mañana,1
1974,Latin,manos,1
1974,Latin,lluvia,1
1974,Latin,horizonte,1
1974,Latin,guitarra,1
1974,Latin,fuerte,1
1974,Latin,fresca,1
1974,Latin,esperanza,1
1974,Latin,brisa,1
1974,Latin,todo,1
1974,Latin,toda,1
1974,Latin,sonrisa,1
1974,Other,says,1220
1974,Other,mam,639
1974,Other,know,518
1974,Other,dad,440
1974,Other,get,427
1974,Other,one,401
1974,Other,malachy,375
1974,Other,tells,361
1974,Other,mother,358
1974,Other,back,356
1974,Other,tell,351
1974,Other,man,303
1974,Other,day,299
1974,Other,see,299
1974,Other,want,297
1974,Other,bed,297
1974,Other,never,296
1974,Other,home,288
1974,Other,say,280
1974,Other,god,274
1974,Other,said,272
1974,Other,head,270
1974,Other,little,269
1974,Other,come,257
1974,Other,going,242
1974,Pop,love,241
1974,Pop,got,132
1974,Pop,singer,110
1974,Pop,country,98
1974,Pop,know,94
1974,Pop,train,81
1974,Pop,tell,77
1974,Pop,time,71
1974,Pop,see,68
1974,Pop,one,66
1974,Pop,rock,65
1974,Pop,look,64
1974,Pop,let,64
1974,Pop,get,63
1974,Pop,make,60
1974,Pop,good,57
1974,Pop,never,53
1974,Pop,way,52
1974,Pop,girl,47
1974,Pop,right,44
1974,Pop,yes,43
1974,Pop,night,43
1974,Pop,said,43
1974,Pop,day,42
1974,Pop,man,42
1974,R&B & Funk,give,52
1974,R&B & Funk,doo,48
1974,R&B & Funk,get,43
1974,R&B & Funk,hip,40
1974,R&B & Funk,thing,40
1974,R&B & Funk,war,35
1974,R&B & Funk,know,35
1974,R&B & Funk,city,34
1974,R&B & Funk,girl,33
1974,R&B & Funk,enough,33
1974,R&B & Funk,change,32
1974,R&B & Funk,see,31
1974,R&B & Funk,new,30
1974,R&B & Funk,got,28
1974,R&B & Funk,want,28
1974,R&B & Funk,worry,25
1974,R&B & Funk,wanna,25
1974,R&B & Funk,party,25
1974,R&B & Funk,bout,25
1974,R&B & Funk,careless,25
1974,R&B & Funk,right,24
1974,R&B & Funk,time,24
1974,R&B & Funk,wop,24
1974,R&B & Funk,manuel,23
1974,R&B & Funk,miranda,23
1974,Rock,got,274
1974,Rock,get,211
1974,Rock,doo,169
1974,Rock,know,166
1974,Rock,love,155
1974,Rock,come,129
1974,Rock,nigga,123
1974,Rock,time,123
1974,Rock,let,119
1974,Rock,niggas,108
1974,Rock,ain,101
1974,Rock,see,100
1974,Rock,back,95
1974,Rock,man,95
1974,Rock,around,86
1974,Rock,bitch,84
1974,Rock,make,79
1974,Rock,right,78
1974,Rock,want,77
1974,Rock,keep,76
1974,Rock,well,74
1974,Rock,one,70
1974,Rock,fuck,68
1974,Rock,never,67
1974,Rock,said,67
1975,Avant-Garde & Experimental,night,14
1975,Avant-Garde & Experimental,sandy,13
1975,Avant-Garde & Experimental,girl,9
1975,Avant-Garde & Experimental,christmas,8
1975,Avant-Garde & Experimental,saturday,6
1975,Avant-Garde & Experimental,man,6
1975,Avant-Garde & Experimental,losing,6
1975,Avant-Garde & Experimental,eyes,6
1975,Avant-Garde & Experimental,astral,6
1975,Avant-Garde & Experimental,another,6
1975,Avant-Garde & Experimental,earth,5
1975,Avant-Garde & Experimental,said,5
1975,Avant-Garde & Experimental,tonight,4
1975,Avant-Garde & Experimental,see,4
1975,Avant-Garde & Experimental,remember,4
1975,Avant-Garde & Experimental,life,4
1975,Avant-Garde & Experimental,love,4
1975,Avant-Garde & Experimental,know,4
1975,Avant-Garde & Experimental,forever,4
1975,Avant-Garde & Experimental,behind,4
1975,Avant-Garde & Experimental,around,4
1975,Avant-Garde & Experimental,aurora,3
1975,Avant-Garde & Experimental,carnival,3
1975,Avant-Garde & Experimental,lights,3
1975,Avant-Garde & Experimental,light,3
1975,Blues & Soul,love,533
1975,Blues & Soul,said,310
1975,Blues & Soul,get,297
1975,Blues & Soul,know,281
1975,Blues & Soul,got,275
1975,Blues & Soul,one,244
1975,Blues & Soul,time,223
1975,Blues & Soul,back,214
1975,Blues & Soul,boss,205
1975,Blues & Soul,let,193
1975,Blues & Soul,little,185
1975,Blues & Soul,see,184
1975,Blues & Soul,well,182
1975,Blues & Soul,old,180
1975,Blues & Soul,would,175
1975,Blues & Soul,man,173
1975,Blues & Soul,want,169
1975,Blues & Soul,come,168
1975,Blues & Soul,make,162
1975,Blues & Soul,could,159
1975,Blues & Soul,alex,159
1975,Blues & Soul,good,144
1975,Blues & Soul,thing,140
1975,Blues & Soul,right,137
1975,Blues & Soul,way,136
1975,Children's,poussé,34
1975,Children's,böwakawa,17
1975,Children's,stand,14
1975,Children's,won,5
1975,Children's,hear,4
1975,Children's,feel,4
1975,Children's,dream,4
1975,Children's,darling,4
1975,Children's,long,3
1975,Children's,afraid,2
1975,Children's,air,2
1975,Children's,around,2
1975,Children's,believe,2
1975,Children's,could,2
1975,Children's,cry,2
1975,Children's,george,2
1975,Children's,john,2
1975,Children's,know,2
1975,Children's,pre,2
1975,Children's,real,2
1975,Children's,say,2
1975,Children's,seemed,2
1975,Children's,thought,2
1975,Children's,magic,2
1975,Children's,yes,2
1975,Christian,love,25
1975,Christian,man,24
1975,Christian,know,9
1975,Christian,charge,8
1975,Christian,lisa,7
1975,Christian,blanket,7
1975,Christian,secret,6
1975,Christian,left,6
1975,Christian,heart,6
1975,Christian,keep,6
1975,Christian,blue,6
1975,Christian,day,5
1975,Christian,found,5
1975,Christian,ground,5
1975,Christian,heel,5
1975,Christian,little,5
1975,Christian,met,5
1975,Christian,name,5
1975,Christian,one,5
1975,Christian,remember,5
1975,Christian,since,5
1975,Christian,went,5
1975,Christian,together,5
1975,Christian,years,4
1975,Christian,told,4
1975,Country & Folk,know,181
1975,Country & Folk,love,138
1975,Country & Folk,feat,86
1975,Country & Folk,got,66
1975,Country & Folk,time,64
1975,Country & Folk,let,61
1975,Country & Folk,really,58
1975,Country & Folk,good,55
1975,Country & Folk,people,53
1975,Country & Folk,get,52
1975,Country & Folk,way,52
1975,Country & Folk,one,49
1975,Country & Folk,think,48
1975,Country & Folk,want,46
1975,Country & Folk,gone,46
1975,Country & Folk,life,45
1975,Country & Folk,day,44
1975,Country & Folk,said,42
1975,Country & Folk,would,42
1975,Country & Folk,ready,40
1975,Country & Folk,see,40
1975,Country & Folk,back,40
1975,Country & Folk,little,39
1975,Country & Folk,bop,38
1975,Country & Folk,make,38
1975,Electronic,one,395
1975,Electronic,would,338
1975,Electronic,see,185
1975,Electronic,people,179
1975,Electronic,time,171
1975,Electronic,could,167
1975,Electronic,love,161
1975,Electronic,get,155
1975,Electronic,know,140
1975,Electronic,never,140
1975,Electronic,way,140
1975,Electronic,grandmother,136
1975,Electronic,day,134
1975,Electronic,said,128
1975,Electronic,made,127
1975,Electronic,mme,125
1975,Electronic,man,125
1975,Electronic,country,122
1975,Electronic,got,120
1975,Electronic,saint,119
1975,Electronic,say,119
1975,Electronic,life,119
1975,Electronic,without,117
1975,Electronic,make,117
1975,Electronic,little,111
1975,Jazz,says,1227
1975,Jazz,know,742
1975,Jazz,mam,639
1975,Jazz,get,560
1975,Jazz,one,494
1975,Jazz,dad,453
1975,Jazz,man,441
1975,Jazz,back,407
1975,Jazz,tell,407
1975,Jazz,want,405
1975,Jazz,see,386
1975,Jazz,malachy,375
1975,Jazz,mother,370
1975,Jazz,never,365
1975,Jazz,come,362
1975,Jazz,tells,361
1975,Jazz,going,350
1975,Jazz,day,349
1975,Jazz,home,338
1975,Jazz,right,338
1975,Jazz,love,329
1975,Jazz,say,328
1975,Jazz,god,314
1975,Jazz,little,304
1975,Jazz,way,299
1975,Latin,chico,4
1975,Latin,man,3
1975,Latin,know,2
1975,Latin,try,2
1975,Latin,yes,2
1975,Latin,sun,1
1975,Latin,see,1
1975,Latin,new,1
1975,Latin,morning,1
1975,Latin,lend,1
1975,Latin,helping,1
1975,Latin,hard,1
1975,Latin,hand,1
1975,Latin,better,1
1975,Latin,begun,1
1975,Latin,ain,1
1975,Latin,understand,1
1975,Latin,things,1
1975,Latin,good,1
1975,Latin,get,1
1975,Latin,everyone,1
1975,Latin,discouraged,1
1975,Latin,day,1
1975,Other,would,600
1975,Other,one,299
1975,Other,little,154
1975,Other,upon,153
1975,Other,time,149
1975,Other,aunt,146
1975,Other,could,140
1975,Other,see,137
1975,Other,françoise,137
1975,Other,day,124
1975,Other,never,117
1975,Other,xa0xa0xa0,115
1975,Other,still,111
1975,Other,even,106
1975,Other,way,100
1975,Other,combray,98
1975,Other,might,95
1975,Other,without,91
1975,Other,know,90
1975,Other,must,89
1975,Other,life,88
1975,Other,say,87
1975,Other,come,86
1975,Other,long,85
1975,Other,first,85
1975,Pop,bloom,520
1975,Pop,love,296
1975,Pop,one,272
1975,Pop,stephen,229
1975,Pop,man,175
1975,Pop,know,165
1975,Pop,old,161
1975,Pop,got,157
1975,Pop,time,156
1975,Pop,let,146
1975,Pop,night,138
1975,Pop,get,133
1975,Pop,never,132
1975,Pop,way,131
1975,Pop,back,130
1975,Pop,good,129
1975,Pop,hand,126
1975,Pop,see,124
1975,Pop,going,119
1975,Pop,two,118
1975,Pop,would,117
1975,Pop,say,117
1975,Pop,though,110
1975,Pop,said,110
1975,Pop,zoe,106
1975,R&B & Funk,says,1221
1975,R&B & Funk,mam,639
1975,R&B & Funk,know,518
1975,R&B & Funk,get,499
1975,R&B & Funk,dad,440
1975,R&B & Funk,one,404
1975,R&B & Funk,malachy,375
1975,R&B & Funk,tells,361
1975,R&B & Funk,mother,360
1975,R&B & Funk,tell,355
1975,R&B & Funk,back,352
1975,R&B & Funk,want,316
1975,R&B & Funk,see,310
1975,R&B & Funk,bed,298
1975,R&B & Funk,man,297
1975,R&B & Funk,never,295
1975,R&B & Funk,day,290
1975,R&B & Funk,home,286
1975,R&B & Funk,god,276
1975,R&B & Funk,say,275
1975,R&B & Funk,head,271
1975,R&B & Funk,little,265
1975,R&B & Funk,said,253
1975,R&B & Funk,come,247
1975,R&B & Funk,going,243
1975,Rock,know,554
1975,Rock,got,456
1975,Rock,get,376
1975,Rock,love,306
1975,Rock,shit,260
1975,Rock,people,238
1975,Rock,man,228
1975,Rock,time,216
1975,Rock,make,216
1975,Rock,see,192
1975,Rock,never,186
1975,Rock,one,182
1975,Rock,back,168
1975,Rock,take,164
1975,Rock,let,161
1975,Rock,right,154
1975,Rock,say,150
1975,Rock,ain,150
1975,Rock,trying,145
1975,Rock,day,144
1975,Rock,life,133
1975,Rock,think,129
1975,Rock,cuz,124
1975,Rock,want,122
1975,Rock,really,122
1976,Avant-Garde & Experimental,christmas,8
1976,Avant-Garde & Experimental,said,4
1976,Avant-Garde & Experimental,believed,2
1976,Avant-Garde & Experimental,earth,2
1976,Avant-Garde & Experimental,eyes,2
1976,Avant-Garde & Experimental,light,2
1976,Avant-Garde & Experimental,peace,2
1976,Avant-Garde & Experimental,sold,2
1976,Avant-Garde & Experimental,till,2
1976,Avant-Garde & Experimental,wish,2
1976,Avant-Garde & Experimental,snow,2
1976,Avant-Garde & Experimental,winters,1
1976,Avant-Garde & Experimental,virgin,1
1976,Avant-Garde & Experimental,veil,1
1976,Avant-Garde & Experimental,tree,1
1976,Avant-Garde & Experimental,told,1
1976,Avant-Garde & Experimental,tinsel,1
1976,Avant-Garde & Experimental,tears,1
1976,Avant-Garde & Experimental,story,1
1976,Avant-Garde & Experimental,remember,1
1976,Avant-Garde & Experimental,raining,1
1976,Avant-Garde & Experimental,peal,1
1976,Avant-Garde & Experimental,pain,1
1976,Avant-Garde & Experimental,one,1
1976,Avant-Garde & Experimental,noel,1
1976,Blues & Soul,love,346
1976,Blues & Soul,come,211
1976,Blues & Soul,got,138
1976,Blues & Soul,get,126
1976,Blues & Soul,jump,125
1976,Blues & Soul,let,121
1976,Blues & Soul,good,121
1976,Blues & Soul,know,117
1976,Blues & Soul,said,117
1976,Blues & Soul,take,106
1976,Blues & Soul,man,102
1976,Blues & Soul,away,97
1976,Blues & Soul,make,89
1976,Blues & Soul,time,80
1976,Blues & Soul,music,79
1976,Blues & Soul,wanna,76
1976,Blues & Soul,pickwick,75
1976,Blues & Soul,say,70
1976,Blues & Soul,see,69
1976,Blues & Soul,want,69
1976,Blues & Soul,day,65
1976,Blues & Soul,well,64
1976,Blues & Soul,around,64
1976,Blues & Soul,ain,62
1976,Blues & Soul,back,62
1976,Christian,ride,34
1976,Christian,mighty,32
1976,Christian,high,23
1976,Christian,come,19
1976,Christian,lose,14
1976,Christian,take,14
1976,Christian,thing,13
1976,Christian,listen,13
1976,Christian,good,13
1976,Christian,load,12
1976,Christian,little,12
1976,Christian,mind,12
1976,Christian,story,11
1976,Christian,yes,11
1976,Christian,glory,10
1976,Christian,know,10
1976,Christian,owe,10
1976,Christian,well,9
1976,Christian,one,9
1976,Christian,mom,9
1976,Christian,back,9
1976,Christian,boy,9
1976,Christian,love,8
1976,Christian,bear,7
1976,Christian,got,7
1976,Country & Folk,one,424
1976,Country & Folk,said,304
1976,Country & Folk,would,291
1976,Country & Folk,back,239
1976,Country & Folk,man,233
1976,Country & Folk,know,221
1976,Country & Folk,get,210
1976,Country & Folk,time,207
1976,Country & Folk,could,207
1976,Country & Folk,came,195
1976,Country & Folk,two,192
1976,Country & Folk,old,176
1976,Country & Folk,young,175
1976,Country & Folk,little,175
1976,Country & Folk,long,163
1976,Country & Folk,great,154
1976,Country & Folk,come,145
1976,Country & Folk,see,143
1976,Country & Folk,rabbit,140
1976,Country & Folk,way,137
1976,Country & Folk,around,132
1976,Country & Folk,lawrence,132
1976,Country & Folk,good,131
1976,Country & Folk,day,129
1976,Country & Folk,love,126
1976,Electronic,feat,845
1976,Electronic,love,460
1976,Electronic,bloom,453
1976,Electronic,one,442
1976,Electronic,would,388
1976,Electronic,life,337
1976,Electronic,time,331
1976,Electronic,know,255
1976,Electronic,school,233
1976,Electronic,way,227
1976,Electronic,could,224
1976,Electronic,make,224
1976,Electronic,back,217
1976,Electronic,day,216
1976,Electronic,get,213
1976,Electronic,people,208
1976,Electronic,see,208
1976,Electronic,good,201
1976,Electronic,man,200
1976,Electronic,want,198
1976,Electronic,2016,192
1976,Electronic,never,186
1976,Electronic,first,183
1976,Electronic,every,181
1976,Electronic,said,181
1976,Jazz,love,285
1976,Jazz,know,267
1976,Jazz,fucking,228
1976,Jazz,right,203
1976,Jazz,get,193
1976,Jazz,got,162
1976,Jazz,one,154
1976,Jazz,man,144
1976,Jazz,come,143
1976,Jazz,fuck,134
1976,Jazz,world,117
1976,Jazz,want,117
1976,Jazz,well,114
1976,Jazz,time,110
1976,Jazz,say,109
1976,Jazz,going,109
1976,Jazz,see,108
1976,Jazz,let,106
1976,Jazz,need,101
1976,Jazz,take,101
1976,Jazz,make,99
1976,Jazz,think,92
1976,Jazz,sweet,91
1976,Jazz,back,88
1976,Jazz,could,86
1976,Latin,eazy,15
1976,Latin,weed,7
1976,Latin,sublime,7
1976,Latin,smoke,7
1976,Latin,snoop,6
1976,Latin,mary,6
1976,Latin,high,6
1976,Latin,get,5
1976,Latin,green,5
1976,Latin,jane,5
1976,Latin,man,5
1976,Latin,lil,5
1976,Latin,n9ne,5
1976,Latin,tech,5
1976,Latin,young,4
1976,Latin,willie,4
1976,Latin,roll,4
1976,Latin,purple,4
1976,Latin,marijuana,4
1976,Latin,pass,4
1976,Latin,got,4
1976,Latin,cocaine,4
1976,Latin,dogg,4
1976,Latin,day,4
1976,Latin,bob,4
1976,Other,love,41
1976,Other,man,32
1976,Other,good,25
1976,Other,let,22
1976,Other,music,20
1976,Other,framed,15
1976,Other,life,15
1976,Other,every,14
1976,Other,get,13
1976,Other,night,12
1976,Other,time,12
1976,Other,face,12
1976,Other,said,11
1976,Other,long,11
1976,Other,always,10
1976,Other,hand,10
1976,Other,judge,10
1976,Other,star,10
1976,Other,story,10
1976,Other,woman,9
1976,Other,take,9
1976,Other,see,9
1976,Other,know,9
1976,Other,come,8
1976,Other,got,8
1976,Pop,bloom,434
1976,Pop,love,219
1976,Pop,know,172
1976,Pop,one,166
1976,Pop,stephen,147
1976,Pop,night,115
1976,Pop,man,106
1976,Pop,zoe,106
1976,Pop,get,104
1976,Pop,back,103
1976,Pop,hand,100
1976,Pop,slowly,98
1976,Pop,old,98
1976,Pop,going,92
1976,Pop,time,90
1976,Pop,see,85
1976,Pop,two,81
1976,Pop,let,78
1976,Pop,good,77
1976,Pop,want,77
1976,Pop,mrs,76
1976,Pop,right,76
1976,Pop,head,74
1976,Pop,come,74
1976,Pop,eyes,73
1976,R&B & Funk,says,1223
1976,R&B & Funk,mam,639
1976,R&B & Funk,know,515
1976,R&B & Funk,get,469
1976,R&B & Funk,dad,440
1976,R&B & Funk,one,397
1976,R&B & Funk,malachy,375
1976,R&B & Funk,tells,362
1976,R&B & Funk,back,358
1976,R&B & Funk,mother,358
1976,R&B & Funk,tell,349
1976,R&B & Funk,man,311
1976,R&B & Funk,want,303
1976,R&B & Funk,bed,298
1976,R&B & Funk,see,297
1976,R&B & Funk,day,290
1976,R&B & Funk,home,289
1976,R&B & Funk,never,289
1976,R&B & Funk,god,279
1976,R&B & Funk,say,275
1976,R&B & Funk,head,272
1976,R&B & Funk,little,260
1976,R&B & Funk,come,247
1976,R&B & Funk,going,245
1976,R&B & Funk,could,244
1976,Reggae,music,27
1976,Reggae,reggae,26
1976,Reggae,play,10
1976,Reggae,roots,8
1976,Reggae,rock,8
1976,Reggae,dread,2
1976,Reggae,feel,2
1976,Reggae,hundred,2
1976,Reggae,mighty,2
1976,Reggae,one,2
1976,Reggae,people,2
1976,Reggae,see,2
1976,Reggae,top,2
1976,Reggae,want,2
1976,Reggae,bubbling,2
1976,Reggae,dance,2
1976,Reggae,dancing,2
1976,Reggae,sure,1
1976,Reggae,sound,1
1976,Reggae,refuse,1
1976,Reggae,outro,1
1976,Reggae,got,1
1976,Reggae,good,1
1976,Reggae,free,1
1976,Reggae,come,1
1976,Rock,love,332
1976,Rock,know,170
1976,Rock,got,154
1976,Rock,night,146
1976,Rock,take,133
1976,Rock,way,124
1976,Rock,one,121
1976,Rock,let,104
1976,Rock,doo,103
1976,Rock,come,101
1976,Rock,get,99
1976,Rock,back,96
1976,Rock,want,92
1976,Rock,make,91
1976,Rock,time,90
1976,Rock,never,87
1976,Rock,feel,84
1976,Rock,day,83
1976,Rock,see,83
1976,Rock,away,81
1976,Rock,man,80
1976,Rock,good,78
1976,Rock,fool,74
1976,Rock,woman,72
1976,Rock,life,71
1977,Avant-Garde & Experimental,vie,15
1977,Avant-Garde & Experimental,est,15
1977,Avant-Garde & Experimental,man,14
1977,Avant-Garde & Experimental,need,9
1977,Avant-Garde & Experimental,feelin,5
1977,Avant-Garde & Experimental,lonely,4
1977,Avant-Garde & Experimental,knowing,4
1977,Avant-Garde & Experimental,perhaps,4
1977,Avant-Garde & Experimental,well,4
1977,Avant-Garde & Experimental,make,4
1977,Avant-Garde & Experimental,love,4
1977,Avant-Garde & Experimental,come,4
1977,Avant-Garde & Experimental,dreams,4
1977,Avant-Garde & Experimental,time,3
1977,Avant-Garde & Experimental,say,3
1977,Avant-Garde & Experimental,knows,3
1977,Avant-Garde & Experimental,inside,3
1977,Avant-Garde & Experimental,deep,3
1977,Avant-Garde & Experimental,day,3
1977,Avant-Garde & Experimental,cares,3
1977,Avant-Garde & Experimental,show,2
1977,Avant-Garde & Experimental,someone,2
1977,Avant-Garde & Experimental,song,2
1977,Avant-Garde & Experimental,true,2
1977,Avant-Garde & Experimental,understand,2
1977,Blues & Soul,love,221
1977,Blues & Soul,said,209
1977,Blues & Soul,day,157
1977,Blues & Soul,one,130
1977,Blues & Soul,know,129
1977,Blues & Soul,come,126
1977,Blues & Soul,get,115
1977,Blues & Soul,lovely,110
1977,Blues & Soul,time,108
1977,Blues & Soul,would,102
1977,Blues & Soul,see,101
1977,Blues & Soul,man,98
1977,Blues & Soul,want,94
1977,Blues & Soul,let,92
1977,Blues & Soul,way,91
1977,Blues & Soul,away,89
1977,Blues & Soul,got,88
1977,Blues & Soul,well,86
1977,Blues & Soul,state,85
1977,Blues & Soul,rusk,83
1977,Blues & Soul,take,81
1977,Blues & Soul,never,78
1977,Blues & Soul,car,78
1977,Blues & Soul,make,77
1977,Blues & Soul,back,76
1977,Children's,palace,6
1977,Children's,crackerbox,6
1977,Children's,said,3
1977,Children's,part,2
1977,Children's,someone,2
1977,Children's,times,2
1977,Children's,welcome,2
1977,Children's,expecting,2
1977,Children's,know,2
1977,Children's,may,2
1977,Children's,could,1
1977,Children's,choice,1
1977,Children's,bring,1
1977,Children's,born,1
1977,Children's,bad,1
1977,Children's,around,1
1977,Children's,knowing,1
1977,Children's,joy,1
1977,Children's,inside,1
1977,Children's,holding,1
1977,Children's,help,1
1977,Children's,heart,1
1977,Children's,growing,1
1977,Children's,grief,1
1977,Children's,good,1
1977,Christian,whoa,6
1977,Christian,sin,6
1977,Christian,away,6
1977,Christian,think,4
1977,Christian,heaven,4
1977,Christian,givin,3
1977,Christian,wait,2
1977,Christian,won,2
1977,Christian,love,2
1977,Christian,make,2
1977,Christian,right,2
1977,Christian,still,2
1977,Christian,though,2
1977,Christian,tight,2
1977,Christian,tonight,2
1977,Christian,another,2
1977,Christian,belong,2
1977,Christian,day,2
1977,Christian,got,2
1977,Christian,hold,2
1977,Christian,anyhow,1
1977,Christian,know,1
1977,Christian,keep,1
1977,Christian,inside,1
1977,Christian,help,1
1977,Classical,fly,4
1977,Classical,hard,3
1977,Classical,getting,2
1977,Classical,strong,2
1977,Classical,trying,2
1977,Classical,won,1
1977,Classical,long,1
1977,Classical,high,1
1977,Classical,flying,1
1977,Country & Folk,come,57
1977,Country & Folk,life,42
1977,Country & Folk,weekend,42
1977,Country & Folk,love,40
1977,Country & Folk,right,37
1977,Country & Folk,time,37
1977,Country & Folk,war,33
1977,Country & Folk,see,32
1977,Country & Folk,know,30
1977,Country & Folk,new,28
1977,Country & Folk,night,27
1977,Country & Folk,day,27
1977,Country & Folk,old,25
1977,Country & Folk,got,25
1977,Country & Folk,blue,25
1977,Country & Folk,song,24
1977,Country & Folk,lin,23
1977,Country & Folk,miranda,23
1977,Country & Folk,manuel,23
1977,Country & Folk,made,23
1977,Country & Folk,way,23
1977,Country & Folk,long,22
1977,Country & Folk,never,21
1977,Country & Folk,good,21
1977,Country & Folk,days,20
1977,Electronic,says,1224
1977,Electronic,mam,639
1977,Electronic,know,632
1977,Electronic,get,596
1977,Electronic,one,530
1977,Electronic,dad,523
1977,Electronic,want,439
1977,Electronic,back,413
1977,Electronic,mother,405
1977,Electronic,would,404
1977,Electronic,tell,391
1977,Electronic,see,384
1977,Electronic,day,375
1977,Electronic,malachy,375
1977,Electronic,never,371
1977,Electronic,tells,365
1977,Electronic,school,355
1977,Electronic,come,354
1977,Electronic,going,352
1977,Electronic,man,345
1977,Electronic,say,343
1977,Electronic,people,342
1977,Electronic,home,334
1977,Electronic,could,310
1977,Electronic,way,308
1977,Jazz,love,352
1977,Jazz,know,129
1977,Jazz,one,123
1977,Jazz,see,97
1977,Jazz,way,86
1977,Jazz,old,86
1977,Jazz,make,85
1977,Jazz,feel,85
1977,Jazz,come,84
1977,Jazz,time,80
1977,Jazz,let,73
1977,Jazz,say,72
1977,Jazz,heart,70
1977,Jazz,till,68
1977,Jazz,good,68
1977,Jazz,day,67
1977,Jazz,got,66
1977,Jazz,easy,65
1977,Jazz,night,64
1977,Jazz,man,62
1977,Jazz,away,61
1977,Jazz,back,57
1977,Jazz,well,55
1977,Jazz,would,55
1977,Jazz,take,55
1977,Latin,calling,14
1977,Latin,occupants,14
1977,Latin,interplanetary,12
1977,Latin,craft,11
1977,Latin,mike,10
1977,Latin,ledgerwood,7
1977,Latin,earth,6
1977,Latin,babe,6
1977,Latin,observing,5
1977,Latin,sorry,4
1977,Latin,extraordinary,4
1977,Latin,hear,4
1977,Latin,contact,4
1977,Latin,radio,3
1977,Latin,please,3
1977,Latin,phone,3
1977,Latin,make,3
1977,Latin,ahh,3
1977,Latin,give,3
1977,Latin,right,2
1977,Latin,sign,2
1977,Latin,thought,2
1977,Latin,way,2
1977,Latin,would,2
1977,Latin,mind,2
1977,Other,labour,1926
1977,Other,jordan,1038
1977,Other,production,1014
1977,Other,value,873
1977,Other,capital,780
1977,Other,one,566
1977,Other,day,412
1977,Other,time,405
1977,Other,form,385
1977,Other,power,379
1977,Other,means,358
1977,Other,process,348
1977,Other,capitalist,319
1977,Other,social,283
1977,Other,money,279
1977,Other,therefore,274
1977,Other,surplus,272
1977,Other,use,257
1977,Other,working,248
1977,Other,exchange,247
1977,Other,commodities,244
1977,Other,donnie,239
1977,Other,work,231
1977,Other,society,226
1977,Other,naomi,212
1977,Pop,bloom,434
1977,Pop,one,206
1977,Pop,stephen,147
1977,Pop,love,146
1977,Pop,old,130
1977,Pop,ron,125
1977,Pop,man,124
1977,Pop,know,115
1977,Pop,hand,112
1977,Pop,let,112
1977,Pop,back,109
1977,Pop,time,108
1977,Pop,doo,107
1977,Pop,zoe,106
1977,Pop,see,96
1977,Pop,say,90
1977,Pop,right,87
1977,Pop,two,84
1977,Pop,never,83
1977,Pop,come,82
1977,Pop,good,80
1977,Pop,head,78
1977,Pop,mrs,77
1977,Pop,face,76
1977,Pop,night,75
1977,R&B & Funk,life,368
1977,R&B & Funk,get,306
1977,R&B & Funk,one,109
1977,R&B & Funk,love,106
1977,R&B & Funk,way,91
1977,R&B & Funk,let,85
1977,R&B & Funk,set,79
1977,R&B & Funk,back,75
1977,R&B & Funk,boogie,66
1977,R&B & Funk,got,65
1977,R&B & Funk,doo,63
1977,R&B & Funk,ain,60
1977,R&B & Funk,know,58
1977,R&B & Funk,right,57
1977,R&B & Funk,day,56
1977,R&B & Funk,nigga,55
1977,R&B & Funk,heart,50
1977,R&B & Funk,take,49
1977,R&B & Funk,keep,49
1977,R&B & Funk,wheat,49
1977,R&B & Funk,east,45
1977,R&B & Funk,yea,44
1977,R&B & Funk,west,43
1977,R&B & Funk,gettin,42
1977,R&B & Funk,time,41
1977,Rock,love,346
1977,Rock,one,327
1977,Rock,know,256
1977,Rock,time,220
1977,Rock,said,204
1977,Rock,come,201
1977,Rock,way,201
1977,Rock,got,196
1977,Rock,little,194
1977,Rock,away,190
1977,Rock,night,171
1977,Rock,day,169
1977,Rock,back,165
1977,Rock,never,164
1977,Rock,get,163
1977,Rock,man,163
1977,Rock,say,154
1977,Rock,see,150
1977,Rock,want,141
1977,Rock,life,136
1977,Rock,says,136
1977,Rock,could,124
1977,Rock,dead,122
1977,Rock,new,116
1977,Rock,make,116
1978,Avant-Garde & Experimental,run,42
1978,Avant-Garde & Experimental,belongs,16
1978,Avant-Garde & Experimental,night,15
1978,Avant-Garde & Experimental,fool,13
1978,Avant-Garde & Experimental,think,13
1978,Avant-Garde & Experimental,love,12
1978,Avant-Garde & Experimental,est,12
1978,Avant-Garde & Experimental,take,9
1978,Avant-Garde & Experimental,lovers,9
1978,Avant-Garde & Experimental,know,8
1978,Avant-Garde & Experimental,river,8
1978,Avant-Garde & Experimental,water,8
1978,Avant-Garde & Experimental,washing,8
1978,Avant-Garde & Experimental,away,7
1978,Avant-Garde & Experimental,better,7
1978,Avant-Garde & Experimental,first,7
1978,Avant-Garde & Experimental,que,7
1978,Avant-Garde & Experimental,say,7
1978,Avant-Garde & Experimental,tell,7
1978,Avant-Garde & Experimental,touch,7
1978,Avant-Garde & Experimental,could,6
1978,Avant-Garde & Experimental,drop,6
1978,Avant-Garde & Experimental,killer,6
1978,Avant-Garde & Experimental,lust,6
1978,Avant-Garde & Experimental,morning,6
1978,Blues & Soul,labour,1926
1978,Blues & Soul,production,1014
1978,Blues & Soul,value,872
1978,Blues & Soul,capital,777
1978,Blues & Soul,one,488
1978,Blues & Soul,time,410
1978,Blues & Soul,form,385
1978,Blues & Soul,power,377
1978,Blues & Soul,day,360
1978,Blues & Soul,means,354
1978,Blues & Soul,process,348
1978,Blues & Soul,capitalist,319
1978,Blues & Soul,social,285
1978,Blues & Soul,therefore,274
1978,Blues & Soul,surplus,272
1978,Blues & Soul,use,256
1978,Blues & Soul,money,246
1978,Blues & Soul,exchange,245
1978,Blues & Soul,commodities,244
1978,Blues & Soul,working,242
1978,Blues & Soul,work,226
1978,Blues & Soul,society,226
1978,Blues & Soul,conditions,211
1978,Blues & Soul,product,200
1978,Blues & Soul,commodity,199
1978,Christian,wait,10
1978,Christian,longer,7
1978,Christian,want,4
1978,Christian,doo,3
1978,Christian,touch,3
1978,Christian,touched,2
1978,Christian,wanna,2
1978,Christian,gotta,2
1978,Christian,lie,2
1978,Christian,one,2
1978,Christian,mean,1
1978,Christian,love,1
1978,Christian,lives,1
1978,Christian,know,1
1978,Christian,kiss,1
1978,Christian,hunger,1
1978,Christian,hold,1
1978,Christian,hmm,1
1978,Christian,gettin,1
1978,Christian,feelin,1
1978,Christian,feel,1
1978,Christian,boddies,1
1978,Christian,satisfy,1
1978,Christian,patience,1
1978,Christian,never,1
1978,Classical,believe,11
1978,Classical,love,8
1978,Classical,say,3
1978,Classical,made,3
1978,Classical,sell,2
1978,Classical,time,2
1978,Classical,wanted,2
1978,Classical,live,2
1978,Classical,makes,2
1978,Classical,marry,2
1978,Classical,mind,2
1978,Classical,overwhelm,2
1978,Classical,cave,2
1978,Classical,every,2
1978,Classical,faith,2
1978,Classical,follow,2
1978,Classical,honey,2
1978,Classical,lifetime,2
1978,Classical,ask,2
1978,Classical,blind,2
1978,Classical,body,1
1978,Classical,act,1
1978,Classical,keep,1
1978,Classical,isn,1
1978,Classical,growing,1
1978,Country & Folk,singer,110
1978,Country & Folk,country,97
1978,Country & Folk,love,77
1978,Country & Folk,weekend,41
1978,Country & Folk,made,39
1978,Country & Folk,one,39
1978,Country & Folk,life,36
1978,Country & Folk,know,35
1978,Country & Folk,want,33
1978,Country & Folk,home,32
1978,Country & Folk,make,31
1978,Country & Folk,mind,29
1978,Country & Folk,songwriter,29
1978,Country & Folk,way,28
1978,Country & Folk,time,28
1978,Country & Folk,music,26
1978,Country & Folk,got,25
1978,Country & Folk,two,24
1978,Country & Folk,rock,23
1978,Country & Folk,blues,22
1978,Country & Folk,doors,22
1978,Country & Folk,man,22
1978,Country & Folk,old,21
1978,Country & Folk,running,21
1978,Country & Folk,difference,21
1978,Electronic,learning,411
1978,Electronic,use,393
1978,Electronic,says,386
1978,Electronic,would,361
1978,Electronic,time,356
1978,Electronic,one,341
1978,Electronic,get,309
1978,Electronic,work,301
1978,Electronic,love,288
1978,Electronic,copyright,278
1978,Electronic,new,250
1978,Electronic,school,248
1978,Electronic,see,244
1978,Electronic,life,239
1978,Electronic,know,222
1978,Electronic,got,218
1978,Electronic,court,208
1978,Electronic,people,199
1978,Electronic,could,177
1978,Electronic,research,177
1978,Electronic,make,174
1978,Electronic,computer,161
1978,Electronic,want,159
1978,Electronic,also,156
1978,Electronic,right,152
1978,Jazz,love,354
1978,Jazz,know,113
1978,Jazz,got,102
1978,Jazz,need,80
1978,Jazz,see,72
1978,Jazz,let,70
1978,Jazz,way,69
1978,Jazz,never,66
1978,Jazz,doo,61
1978,Jazz,night,61
1978,Jazz,easy,60
1978,Jazz,time,59
1978,Jazz,away,58
1978,Jazz,could,55
1978,Jazz,hot,53
1978,Jazz,one,51
1978,Jazz,say,50
1978,Jazz,good,50
1978,Jazz,take,49
1978,Jazz,back,49
1978,Jazz,heart,49
1978,Jazz,feel,49
1978,Jazz,tell,47
1978,Jazz,want,45
1978,Jazz,come,45
1978,Latin,calling,14
1978,Latin,occupants,14
1978,Latin,interplanetary,12
1978,Latin,craft,11
1978,Latin,mike,10
1978,Latin,night,8
1978,Latin,saturday,7
1978,Latin,ledgerwood,7
1978,Latin,livingston,7
1978,Latin,sound,6
1978,Latin,rockin,6
1978,Latin,rollin,6
1978,Latin,little,6
1978,Latin,earth,6
1978,Latin,babe,6
1978,Latin,observing,5
1978,Latin,town,4
1978,Latin,sorry,4
1978,Latin,well,4
1978,Latin,right,4
1978,Latin,hear,4
1978,Latin,get,4
1978,Latin,make,4
1978,Latin,listen,4
1978,Latin,hit,4
1978,Other,little,67
1978,Other,raise,45
1978,Other,hell,45
1978,Other,one,38
1978,Other,lightnin,33
1978,Other,want,31
1978,Other,greased,25
1978,Other,woman,24
1978,Other,heaven,23
1978,Other,tut,22
1978,Other,see,21
1978,Other,got,19
1978,Other,floor,17
1978,Other,7th,16
1978,Other,hoo,16
1978,Other,way,16
1978,Other,people,14
1978,Other,king,13
1978,Other,short,13
1978,Other,much,12
1978,Other,need,11
1978,Other,late,11
1978,Other,know,11
1978,Other,love,10
1978,Other,never,10
1978,Pop,bloom,434
1978,Pop,take,310
1978,Pop,chance,281
1978,Pop,stephen,147
1978,Pop,love,143
1978,Pop,one,121
1978,Pop,know,107
1978,Pop,zoe,106
1978,Pop,hand,97
1978,Pop,night,83
1978,Pop,man,83
1978,Pop,back,77
1978,Pop,mrs,75
1978,Pop,let,71
1978,Pop,never,68
1978,Pop,head,67
1978,Pop,right,65
1978,Pop,old,64
1978,Pop,two,63
1978,Pop,woman,62
1978,Pop,come,62
1978,Pop,see,61
1978,Pop,face,61
1978,Pop,life,60
1978,Pop,eyes,60
1978,R&B & Funk,boogie,62
1978,R&B & Funk,always,36
1978,R&B & Funk,nights,35
1978,R&B & Funk,keep,34
1978,R&B & Funk,dancing,32
1978,R&B & Funk,love,31
1978,R&B & Funk,day,30
1978,R&B & Funk,got,26
1978,R&B & Funk,dance,19
1978,R&B & Funk,loving,19
1978,R&B & Funk,get,18
1978,R&B & Funk,know,17
1978,R&B & Funk,forever,14
1978,R&B & Funk,leave,14
1978,R&B & Funk,night,14
1978,R&B & Funk,mind,12
1978,R&B & Funk,life,12
1978,R&B & Funk,behind,10
1978,R&B & Funk,earth,10
1978,R&B & Funk,rain,10
1978,R&B & Funk,won,10
1978,R&B & Funk,groove,9
1978,R&B & Funk,dream,9
1978,R&B & Funk,every,9
1978,R&B & Funk,times,9
1978,Rock,says,3778
1978,Rock,labour,1978
1978,Rock,mam,1917
1978,Rock,one,1908
1978,Rock,know,1875
1978,Rock,get,1507
1978,Rock,dad,1321
1978,Rock,back,1263
1978,Rock,day,1223
1978,Rock,production,1211
1978,Rock,tell,1141
1978,Rock,time,1132
1978,Rock,malachy,1125
1978,Rock,mother,1115
1978,Rock,tells,1091
1978,Rock,see,1070
1978,Rock,never,1067
1978,Rock,say,1065
1978,Rock,man,1064
1978,Rock,want,1053
1978,Rock,home,971
1978,Rock,money,968
1978,Rock,way,930
1978,Rock,come,924
1978,Rock,value,914
1979,Avant-Garde & Experimental,love,21
1979,Avant-Garde & Experimental,summertime,16
1979,Avant-Garde & Experimental,sadness,10
1979,Avant-Garde & Experimental,know,10
1979,Avant-Garde & Experimental,water,8
1979,Avant-Garde & Experimental,washing,8
1979,Avant-Garde & Experimental,river,8
1979,Avant-Garde & Experimental,got,8
1979,Avant-Garde & Experimental,take,7
1979,Avant-Garde & Experimental,man,6
1979,Avant-Garde & Experimental,name,6
1979,Avant-Garde & Experimental,kiss,6
1979,Avant-Garde & Experimental,drop,6
1979,Avant-Garde & Experimental,best,6
1979,Avant-Garde & Experimental,pre,5
1979,Avant-Garde & Experimental,stay,4
1979,Avant-Garde & Experimental,rey,4
1979,Avant-Garde & Experimental,tonight,4
1979,Avant-Garde & Experimental,shit,4
1979,Avant-Garde & Experimental,need,4
1979,Avant-Garde & Experimental,light,4
1979,Avant-Garde & Experimental,never,4
1979,Avant-Garde & Experimental,lana,4
1979,Avant-Garde & Experimental,keep,4
1979,Avant-Garde & Experimental,hard,4
1979,Blues & Soul,one,689
1979,Blues & Soul,guermantes,508
1979,Blues & Soul,would,431
1979,Blues & Soul,mme,357
1979,Blues & Soul,said,261
1979,Blues & Soul,know,233
1979,Blues & Soul,love,219
1979,Blues & Soul,duchess,211
1979,Blues & Soul,could,211
1979,Blues & Soul,people,204
1979,Blues & Soul,see,192
1979,Blues & Soul,say,190
1979,Blues & Soul,time,177
1979,Blues & Soul,even,173
1979,Blues & Soul,made,173
1979,Blues & Soul,might,165
1979,Blues & Soul,come,162
1979,Blues & Soul,never,162
1979,Blues & Soul,let,162
1979,Blues & Soul,duke,156
1979,Blues & Soul,make,154
1979,Blues & Soul,good,152
1979,Blues & Soul,well,152
1979,Blues & Soul,little,149
1979,Blues & Soul,quite,148
1979,Children's,blow,24
1979,Children's,away,24
1979,Children's,got,22
1979,Children's,make,8
1979,Children's,warmth,8
1979,Children's,take,8
1979,Children's,happy,7
1979,Children's,love,7
1979,Children's,day,2
1979,Children's,sky,2
1979,Children's,turned,2
1979,Children's,burst,1
1979,Children's,bright,1
1979,Children's,breezes,1
1979,Children's,blew,1
1979,Children's,black,1
1979,Children's,appearing,1
1979,Children's,apart,1
1979,Children's,amnesia,1
1979,Children's,almost,1
1979,Children's,heart,1
1979,Children's,head,1
1979,Children's,hard,1
1979,Children's,good,1
1979,Children's,forgot,1
1979,Classical,believe,11
1979,Classical,love,8
1979,Classical,say,3
1979,Classical,made,3
1979,Classical,cave,2
1979,Classical,every,2
1979,Classical,faith,2
1979,Classical,follow,2
1979,Classical,honey,2
1979,Classical,lifetime,2
1979,Classical,live,2
1979,Classical,makes,2
1979,Classical,marry,2
1979,Classical,mind,2
1979,Classical,overwhelm,2
1979,Classical,sell,2
1979,Classical,time,2
1979,Classical,wanted,2
1979,Classical,ask,2
1979,Classical,blind,2
1979,Classical,little,1
1979,Classical,keep,1
1979,Classical,isn,1
1979,Classical,growing,1
1979,Classical,grow,1
1979,Country & Folk,singer,111
1979,Country & Folk,country,99
1979,Country & Folk,love,76
1979,Country & Folk,know,56
1979,Country & Folk,way,53
1979,Country & Folk,weekend,43
1979,Country & Folk,got,41
1979,Country & Folk,one,37
1979,Country & Folk,get,32
1979,Country & Folk,say,30
1979,Country & Folk,take,30
1979,Country & Folk,songwriter,29
1979,Country & Folk,right,29
1979,Country & Folk,make,28
1979,Country & Folk,sweet,27
1979,Country & Folk,music,25
1979,Country & Folk,every,24
1979,Country & Folk,rock,24
1979,Country & Folk,let,23
1979,Country & Folk,come,22
1979,Country & Folk,want,22
1979,Country & Folk,loving,21
1979,Country & Folk,said,20
1979,Country & Folk,blues,20
1979,Country & Folk,burning,20
1979,Electronic,love,567
1979,Electronic,one,442
1979,Electronic,says,398
1979,Electronic,know,351
1979,Electronic,would,336
1979,Electronic,feat,281
1979,Electronic,time,259
1979,Electronic,charlus,248
1979,Electronic,come,244
1979,Electronic,want,243
1979,Electronic,get,237
1979,Electronic,said,235
1979,Electronic,dance,230
1979,Electronic,man,224
1979,Electronic,mme,213
1979,Electronic,got,202
1979,Electronic,let,192
1979,Electronic,people,191
1979,Electronic,never,180
1979,Electronic,make,178
1979,Electronic,verdurin,178
1979,Electronic,good,176
1979,Electronic,see,167
1979,Electronic,say,166
1979,Electronic,little,158
1979,Hip Hop,beat,41
1979,Hip Hop,rock,24
1979,Hip Hop,boogie,22
1979,Hip Hop,said,19
1979,Hip Hop,say,19
1979,Hip Hop,got,18
1979,Hip Hop,bang,17
1979,Hip Hop,stop,16
1979,Hip Hop,master,15
1979,Hip Hop,gee,15
1979,Hip Hop,hank,15
1979,Hip Hop,get,14
1979,Hip Hop,hook,14
1979,Hip Hop,wonder,13
1979,Hip Hop,rhythm,13
1979,Hip Hop,mike,13
1979,Hip Hop,hip,13
1979,Hip Hop,big,12
1979,Hip Hop,bank,12
1979,Hip Hop,freak,12
1979,Hip Hop,come,12
1979,Hip Hop,see,12
1979,Hip Hop,time,11
1979,Hip Hop,right,11
1979,Hip Hop,man,10
1979,Jazz,love,214
1979,Jazz,one,119
1979,Jazz,know,108
1979,Jazz,dream,81
1979,Jazz,time,75
1979,Jazz,need,70
1979,Jazz,make,64
1979,Jazz,say,60
1979,Jazz,pop,56
1979,Jazz,good,53
1979,Jazz,dreams,53
1979,Jazz,away,50
1979,Jazz,night,48
1979,Jazz,got,48
1979,Jazz,right,47
1979,Jazz,see,46
1979,Jazz,heart,43
1979,Jazz,feel,43
1979,Jazz,day,42
1979,Jazz,keep,41
1979,Jazz,come,40
1979,Jazz,could,40
1979,Jazz,never,40
1979,Jazz,way,40
1979,Jazz,want,39
1979,Other,enough,56
1979,Other,boogie,32
1979,Other,dancing,24
1979,Other,rock,21
1979,Other,night,20
1979,Other,shoes,18
1979,Other,woogie,16
1979,Other,oogie,16
1979,Other,donna,12
1979,Other,barbra,12
1979,Other,tears,11
1979,Other,sunshine,11
1979,Other,queen,9
1979,Other,make,9
1979,Other,get,8
1979,Other,keep,8
1979,Other,loved,7
1979,Other,want,6
1979,Other,man,6
1979,Other,well,5
1979,Other,got,5
1979,Other,goodbye,5
1979,Other,every,4
1979,Other,always,4
1979,Other,little,4
1979,Pop,said,563
1979,Pop,thou,546
1979,Pop,king,467
1979,Pop,thee,452
1979,Pop,one,367
1979,Pop,thy,361
1979,Pop,sharrkan,335
1979,Pop,allah,325
1979,Pop,love,284
1979,Pop,night,272
1979,Pop,till,257
1979,Pop,day,246
1979,Pop,xa0xa0xa0xa0xa0xa0xa0xa0,240
1979,Pop,zau,240
1979,Pop,makan,237
1979,Pop,know,224
1979,Pop,hath,210
1979,Pop,upon,207
1979,Pop,came,198
1979,Pop,say,194
1979,Pop,man,188
1979,Pop,shall,187
1979,Pop,take,178
1979,Pop,get,174
1979,Pop,would,157
1979,R&B & Funk,right,30
1979,R&B & Funk,life,25
1979,R&B & Funk,street,20
1979,R&B & Funk,wanna,19
1979,R&B & Funk,haven,18
1979,R&B & Funk,stopped,17
1979,R&B & Funk,yet,17
1979,R&B & Funk,feelin,15
1979,R&B & Funk,get,13
1979,R&B & Funk,feel,11
1979,R&B & Funk,dancing,10
1979,R&B & Funk,love,9
1979,R&B & Funk,loving,7
1979,R&B & Funk,play,6
1979,R&B & Funk,lover,6
1979,R&B & Funk,bad,6
1979,R&B & Funk,see,5
1979,R&B & Funk,always,4
1979,R&B & Funk,dance,4
1979,R&B & Funk,come,4
1979,R&B & Funk,ever,4
1979,R&B & Funk,keep,4
1979,R&B & Funk,one,4
1979,R&B & Funk,night,4
1979,R&B & Funk,need,4
1979,Reggae,love,21
1979,Reggae,found,14
1979,Reggae,shook,8
1979,Reggae,natty,5
1979,Reggae,make,5
1979,Reggae,let,5
1979,Reggae,dance,5
1979,Reggae,tell,4
1979,Reggae,said,3
1979,Reggae,yeaheah,3
1979,Reggae,music,3
1979,Reggae,come,3
1979,Reggae,got,3
1979,Reggae,say,2
1979,Reggae,searchin,2
1979,Reggae,see,2
1979,Reggae,soul,2
1979,Reggae,sweet,2
1979,Reggae,wanna,2
1979,Reggae,right,2
1979,Reggae,lookin,2
1979,Reggae,move,2
1979,Reggae,oho,2
1979,Reggae,playin,2
1979,Reggae,hand,2
1979,Rock,says,2476
1979,Rock,know,1321
1979,Rock,mam,1278
1979,Rock,get,1066
1979,Rock,one,1018
1979,Rock,dad,880
1979,Rock,back,822
1979,Rock,tell,764
1979,Rock,malachy,750
1979,Rock,see,744
1979,Rock,tells,737
1979,Rock,want,733
1979,Rock,man,730
1979,Rock,mother,722
1979,Rock,say,697
1979,Rock,never,695
1979,Rock,day,670
1979,Rock,love,658
1979,Rock,home,647
1979,Rock,way,628
1979,Rock,come,622
1979,Rock,bed,616
1979,Rock,head,611
1979,Rock,little,607
1979,Rock,said,605
1980,Avant-Garde & Experimental,time,18
1980,Avant-Garde & Experimental,last,13
1980,Avant-Garde & Experimental,won,11
1980,Avant-Garde & Experimental,fool,10
1980,Avant-Garde & Experimental,get,7
1980,Avant-Garde & Experimental,spring,5
1980,Avant-Garde & Experimental,sister,5
1980,Avant-Garde & Experimental,sing,5
1980,Avant-Garde & Experimental,joy,5
1980,Avant-Garde & Experimental,got,5
1980,Avant-Garde & Experimental,everything,5
1980,Avant-Garde & Experimental,dance,5
1980,Avant-Garde & Experimental,children,5
1980,Avant-Garde & Experimental,back,5
1980,Avant-Garde & Experimental,brings,4
1980,Avant-Garde & Experimental,change,4
1980,Avant-Garde & Experimental,cars,4
1980,Avant-Garde & Experimental,car,4
1980,Avant-Garde & Experimental,find,4
1980,Avant-Garde & Experimental,nobody,4
1980,Avant-Garde & Experimental,seasons,4
1980,Avant-Garde & Experimental,still,4
1980,Avant-Garde & Experimental,snow,3
1980,Avant-Garde & Experimental,want,3
1980,Avant-Garde & Experimental,think,3
1980,Blues & Soul,one,693
1980,Blues & Soul,guermantes,508
1980,Blues & Soul,would,434
1980,Blues & Soul,mme,357
1980,Blues & Soul,love,310
1980,Blues & Soul,said,259
1980,Blues & Soul,never,255
1980,Blues & Soul,know,244
1980,Blues & Soul,let,240
1980,Blues & Soul,time,224
1980,Blues & Soul,duchess,211
1980,Blues & Soul,could,210
1980,Blues & Soul,people,208
1980,Blues & Soul,say,193
1980,Blues & Soul,see,188
1980,Blues & Soul,little,177
1980,Blues & Soul,even,175
1980,Blues & Soul,made,175
1980,Blues & Soul,well,168
1980,Blues & Soul,might,159
1980,Blues & Soul,duke,156
1980,Blues & Soul,good,153
1980,Blues & Soul,must,149
1980,Blues & Soul,quite,148
1980,Blues & Soul,come,147
1980,Children's,play,18
1980,Children's,game,16
1980,Children's,love,12
1980,Children's,world,5
1980,Children's,free,5
1980,Children's,everybody,5
1980,Children's,come,5
1980,Children's,fall,4
1980,Children's,pre,4
1980,Children's,life,3
1980,Children's,let,3
1980,Children's,hard,3
1980,Children's,get,3
1980,Children's,head,2
1980,Children's,easy,2
1980,Children's,feeling,1
1980,Children's,driving,1
1980,Children's,decide,1
1980,Children's,cigarette,1
1980,Children's,bridge,1
1980,Children's,begun,1
1980,Children's,another,1
1980,Children's,light,1
1980,Children's,know,1
1980,Children's,inside,1
1980,Christian,somebody,10
1980,Christian,give,8
1980,Christian,man,6
1980,Christian,thing,5
1980,Christian,lesson,5
1980,Christian,fool,4
1980,Christian,around,4
1980,Christian,leave,4
1980,Christian,knock,4
1980,Christian,hope,4
1980,Christian,hearted,4
1980,Christian,thinkin,4
1980,Christian,watch,4
1980,Christian,sort,3
1980,Christian,way,3
1980,Christian,loved,3
1980,Christian,love,3
1980,Christian,left,3
1980,Christian,leavin,3
1980,Christian,givin,3
1980,Christian,back,3
1980,Christian,thinks,2
1980,Christian,woman,2
1980,Christian,maybe,2
1980,Christian,someday,2
1980,Classical,song,3
1980,Classical,beatles,3
1980,Classical,billie,1
1980,Classical,autumn,1
1980,Classical,asleep,1
1980,Classical,artists,1
1980,Classical,another,1
1980,Classical,fair,1
1980,Classical,dusk,1
1980,Classical,drake,1
1980,Classical,dear,1
1980,Classical,daydream,1
1980,Classical,david,1
1980,Classical,curry,1
1980,Classical,cole,1
1980,Classical,charlie,1
1980,Classical,broken,1
1980,Classical,brick,1
1980,Classical,boy,1
1980,Classical,bowie,1
1980,Classical,blues,1
1980,Classical,blondie,1
1980,Classical,blackbird,1
1980,Classical,jim,1
1980,Classical,including,1
1980,Country & Folk,feat,281
1980,Country & Folk,love,161
1980,Country & Folk,2016,63
1980,Country & Folk,know,62
1980,Country & Folk,night,53
1980,Country & Folk,way,50
1980,Country & Folk,time,45
1980,Country & Folk,lil,41
1980,Country & Folk,one,39
1980,Country & Folk,never,39
1980,Country & Folk,let,39
1980,Country & Folk,say,36
1980,Country & Folk,make,36
1980,Country & Folk,good,33
1980,Country & Folk,got,33
1980,Country & Folk,day,32
1980,Country & Folk,back,32
1980,Country & Folk,january,30
1980,Country & Folk,april,29
1980,Country & Folk,lookin,29
1980,Country & Folk,take,29
1980,Country & Folk,tell,29
1980,Country & Folk,want,28
1980,Country & Folk,june,28
1980,Country & Folk,believe,28
1980,Electronic,doo,90
1980,Electronic,love,81
1980,Electronic,hot,69
1980,Electronic,let,67
1980,Electronic,got,57
1980,Electronic,remember,51
1980,Electronic,get,42
1980,Electronic,take,41
1980,Electronic,money,40
1980,Electronic,turning,40
1980,Electronic,want,36
1980,Electronic,think,36
1980,Electronic,star,35
1980,Electronic,won,34
1980,Electronic,rebels,34
1980,Electronic,celebrate,34
1980,Electronic,hard,33
1980,Electronic,japanese,32
1980,Electronic,fire,30
1980,Electronic,come,30
1980,Electronic,gotta,29
1980,Electronic,funkytown,28
1980,Electronic,night,27
1980,Electronic,loved,26
1980,Electronic,talk,26
1980,Hip Hop,beat,41
1980,Hip Hop,rock,24
1980,Hip Hop,boogie,22
1980,Hip Hop,said,19
1980,Hip Hop,say,19
1980,Hip Hop,got,18
1980,Hip Hop,bang,17
1980,Hip Hop,stop,16
1980,Hip Hop,gee,15
1980,Hip Hop,master,15
1980,Hip Hop,hank,15
1980,Hip Hop,get,14
1980,Hip Hop,hook,14
1980,Hip Hop,rhythm,13
1980,Hip Hop,wonder,13
1980,Hip Hop,mike,13
1980,Hip Hop,hip,13
1980,Hip Hop,freak,12
1980,Hip Hop,come,12
1980,Hip Hop,big,12
1980,Hip Hop,bank,12
1980,Hip Hop,see,12
1980,Hip Hop,time,11
1980,Hip Hop,right,11
1980,Hip Hop,man,10
1980,Jazz,love,281
1980,Jazz,one,157
1980,Jazz,know,152
1980,Jazz,say,118
1980,Jazz,make,112
1980,Jazz,time,110
1980,Jazz,let,100
1980,Jazz,way,97
1980,Jazz,never,88
1980,Jazz,could,88
1980,Jazz,got,87
1980,Jazz,want,86
1980,Jazz,old,85
1980,Jazz,night,76
1980,Jazz,world,74
1980,Jazz,good,74
1980,Jazz,see,74
1980,Jazz,right,67
1980,Jazz,back,66
1980,Jazz,till,64
1980,Jazz,come,63
1980,Jazz,long,62
1980,Jazz,man,60
1980,Jazz,pop,60
1980,Jazz,heart,60
1980,Other,enough,54
1980,Other,love,45
1980,Other,get,29
1980,Other,xanadu,25
1980,Other,leah,24
1980,Other,know,23
1980,Other,tell,19
1980,Other,old,19
1980,Other,girls,16
1980,Other,want,15
1980,Other,see,14
1980,Other,never,14
1980,Other,twilight,13
1980,Other,won,13
1980,Other,tears,13
1980,Other,man,13
1980,Other,barbra,12
1980,Other,donna,12
1980,Other,time,12
1980,Other,long,12
1980,Other,rain,12
1980,Other,got,11
1980,Other,blue,11
1980,Other,side,11
1980,Other,make,11
1980,Pop,bloom,869
1980,Pop,said,604
1980,Pop,thou,562
1980,Pop,king,507
1980,Pop,one,505
1980,Pop,thee,466
1980,Pop,love,380
1980,Pop,thy,373
1980,Pop,sharrkan,335
1980,Pop,man,327
1980,Pop,allah,325
1980,Pop,night,315
1980,Pop,stephen,294
1980,Pop,day,288
1980,Pop,hand,282
1980,Pop,till,276
1980,Pop,two,250
1980,Pop,know,245
1980,Pop,say,241
1980,Pop,zau,240
1980,Pop,xa0xa0xa0xa0xa0xa0xa0xa0,240
1980,Pop,makan,237
1980,Pop,upon,236
1980,Pop,shall,222
1980,Pop,old,216
1980,R&B & Funk,iot,32
1980,R&B & Funk,love,24
1980,R&B & Funk,wanna,21
1980,R&B & Funk,ain,21
1980,R&B & Funk,stand,18
1980,R&B & Funk,jamming,15
1980,R&B & Funk,one,15
1980,R&B & Funk,would,10
1980,R&B & Funk,get,10
1980,R&B & Funk,married,9
1980,R&B & Funk,break,8
1980,R&B & Funk,aws,8
1980,R&B & Funk,ball,7
1980,R&B & Funk,control,7
1980,R&B & Funk,come,7
1980,R&B & Funk,give,7
1980,R&B & Funk,information,7
1980,R&B & Funk,know,7
1980,R&B & Funk,million,7
1980,R&B & Funk,ever,6
1980,R&B & Funk,dawn,6
1980,R&B & Funk,industry,6
1980,R&B & Funk,items,6
1980,R&B & Funk,lover,6
1980,R&B & Funk,never,6
1980,Rock,love,391
1980,Rock,know,254
1980,Rock,one,220
1980,Rock,back,202
1980,Rock,got,193
1980,Rock,time,177
1980,Rock,way,152
1980,Rock,get,143
1980,Rock,night,143
1980,Rock,right,142
1980,Rock,want,141
1980,Rock,let,139
1980,Rock,take,136
1980,Rock,say,128
1980,Rock,come,127
1980,Rock,see,115
1980,Rock,away,108
1980,Rock,little,107
1980,Rock,make,105
1980,Rock,well,101
1980,Rock,run,100
1980,Rock,could,100
1980,Rock,never,99
1980,Rock,said,97
1980,Rock,girl,97
1981,Avant-Garde & Experimental,king,44
1981,Avant-Garde & Experimental,years,21
1981,Avant-Garde & Experimental,tempted,20
1981,Avant-Garde & Experimental,great,17
1981,Avant-Garde & Experimental,son,17
1981,Avant-Garde & Experimental,love,16
1981,Avant-Garde & Experimental,made,14
1981,Avant-Garde & Experimental,reign,12
1981,Avant-Garde & Experimental,one,12
1981,Avant-Garde & Experimental,whose,12
1981,Avant-Garde & Experimental,truth,12
1981,Avant-Garde & Experimental,none,11
1981,Avant-Garde & Experimental,let,11
1981,Avant-Garde & Experimental,army,11
1981,Avant-Garde & Experimental,another,10
1981,Avant-Garde & Experimental,could,10
1981,Avant-Garde & Experimental,discovered,10
1981,Avant-Garde & Experimental,hundred,10
1981,Avant-Garde & Experimental,arbaces,9
1981,Avant-Garde & Experimental,belosus,9
1981,Avant-Garde & Experimental,dead,9
1981,Avant-Garde & Experimental,ever,9
1981,Avant-Garde & Experimental,father,9
1981,Avant-Garde & Experimental,fruit,9
1981,Avant-Garde & Experimental,keep,9
1981,Blues & Soul,love,260
1981,Blues & Soul,never,117
1981,Blues & Soul,would,94
1981,Blues & Soul,one,94
1981,Blues & Soul,know,88
1981,Blues & Soul,little,75
1981,Blues & Soul,get,70
1981,Blues & Soul,thing,66
1981,Blues & Soul,knew,64
1981,Blues & Soul,let,61
1981,Blues & Soul,time,61
1981,Blues & Soul,come,60
1981,Blues & Soul,white,58
1981,Blues & Soul,got,55
1981,Blues & Soul,could,51
1981,Blues & Soul,watching,50
1981,Blues & Soul,whoa,49
1981,Blues & Soul,lovin,47
1981,Blues & Soul,girl,47
1981,Blues & Soul,heart,46
1981,Blues & Soul,two,46
1981,Blues & Soul,make,43
1981,Blues & Soul,better,43
1981,Blues & Soul,need,43
1981,Blues & Soul,right,43
1981,Children's,hello,12
1981,Children's,know,4
1981,Children's,called,3
1981,Children's,friend,3
1981,Children's,couldn,3
1981,Children's,need,2
1981,Children's,night,2
1981,Children's,say,2
1981,Children's,think,2
1981,Children's,wait,2
1981,Children's,good,2
1981,Children's,hear,2
1981,Children's,late,2
1981,Children's,let,2
1981,Children's,maybe,2
1981,Children's,blame,1
1981,Children's,alone,1
1981,Children's,feel,1
1981,Children's,crazy,1
1981,Children's,put,1
1981,Children's,loved,1
1981,Children's,love,1
1981,Children's,home,1
1981,Children's,heart,1
1981,Children's,head,1
1981,Classical,touch,12
1981,Classical,dancing,8
1981,Classical,got,5
1981,Classical,love,5
1981,Classical,want,5
1981,Classical,falling,4
1981,Classical,loving,4
1981,Classical,know,4
1981,Classical,feel,4
1981,Classical,feels,3
1981,Classical,let,3
1981,Classical,play,2
1981,Classical,close,2
1981,Classical,coast,2
1981,Classical,come,2
1981,Classical,good,2
1981,Classical,hardly,1
1981,Classical,groove,1
1981,Classical,fly,1
1981,Classical,flow,1
1981,Classical,ear,1
1981,Classical,dance,1
1981,Classical,could,1
1981,Classical,beat,1
1981,Classical,tonight,1
1981,Country & Folk,love,137
1981,Country & Folk,ross,115
1981,Country & Folk,know,112
1981,Country & Folk,one,92
1981,Country & Folk,chandler,90
1981,Country & Folk,monica,88
1981,Country & Folk,rachel,75
1981,Country & Folk,say,74
1981,Country & Folk,joey,73
1981,Country & Folk,got,67
1981,Country & Folk,could,57
1981,Country & Folk,well,56
1981,Country & Folk,never,53
1981,Country & Folk,see,53
1981,Country & Folk,night,49
1981,Country & Folk,let,49
1981,Country & Folk,tell,48
1981,Country & Folk,old,47
1981,Country & Folk,make,46
1981,Country & Folk,heart,45
1981,Country & Folk,step,42
1981,Country & Folk,time,41
1981,Country & Folk,first,38
1981,Country & Folk,look,37
1981,Country & Folk,get,37
1981,Electronic,love,179
1981,Electronic,got,108
1981,Electronic,featuring,105
1981,Electronic,let,93
1981,Electronic,make,78
1981,Electronic,stop,77
1981,Electronic,right,73
1981,Electronic,feel,71
1981,Electronic,move,67
1981,Electronic,get,65
1981,Electronic,give,65
1981,Electronic,def,65
1981,Electronic,come,64
1981,Electronic,jam,62
1981,Electronic,boy,59
1981,Electronic,wanna,57
1981,Electronic,know,52
1981,Electronic,alright,51
1981,Electronic,keep,50
1981,Electronic,say,49
1981,Electronic,rap,49
1981,Electronic,time,48
1981,Electronic,runnin,46
1981,Electronic,rock,44
1981,Electronic,girl,43
1981,Hip Hop,dang,24
1981,Hip Hop,let,20
1981,Hip Hop,hah,19
1981,Hip Hop,big,12
1981,Hip Hop,get,12
1981,Hip Hop,diggy,12
1981,Hip Hop,say,11
1981,Hip Hop,three,11
1981,Hip Hop,sugarhill,11
1981,Hip Hop,master,11
1981,Hip Hop,make,11
1981,Hip Hop,ahh,11
1981,Hip Hop,wonder,10
1981,Hip Hop,whistle,10
1981,Hip Hop,see,10
1981,Hip Hop,scream,10
1981,Hip Hop,mike,10
1981,Hip Hop,got,10
1981,Hip Hop,bank,10
1981,Hip Hop,hank,9
1981,Hip Hop,ready,8
1981,Hip Hop,know,8
1981,Hip Hop,keep,8
1981,Hip Hop,body,8
1981,Hip Hop,turn,7
1981,Jazz,life,419
1981,Jazz,get,341
1981,Jazz,love,325
1981,Jazz,one,240
1981,Jazz,know,182
1981,Jazz,let,178
1981,Jazz,time,136
1981,Jazz,back,134
1981,Jazz,way,132
1981,Jazz,got,125
1981,Jazz,want,119
1981,Jazz,say,110
1981,Jazz,right,92
1981,Jazz,heart,87
1981,Jazz,make,86
1981,Jazz,eyes,85
1981,Jazz,set,85
1981,Jazz,see,81
1981,Jazz,need,73
1981,Jazz,turn,72
1981,Jazz,world,70
1981,Jazz,take,69
1981,Jazz,day,69
1981,Jazz,around,65
1981,Jazz,stay,64
1981,Other,love,41
1981,Other,get,35
1981,Other,never,24
1981,Other,leah,24
1981,Other,ooo,21
1981,Other,bar,20
1981,Other,help,19
1981,Other,tell,18
1981,Other,everlasting,16
1981,Other,see,15
1981,Other,know,15
1981,Other,long,15
1981,Other,girls,15
1981,Other,around,15
1981,Other,got,14
1981,Other,take,13
1981,Other,surfin,13
1981,Other,rhonda,13
1981,Other,need,13
1981,Other,make,13
1981,Other,fun,13
1981,Other,cry,12
1981,Other,good,12
1981,Other,reply,12
1981,Other,round,12
1981,Pop,love,83
1981,Pop,come,60
1981,Pop,got,57
1981,Pop,need,49
1981,Pop,want,48
1981,Pop,time,42
1981,Pop,one,41
1981,Pop,know,38
1981,Pop,girl,37
1981,Pop,dom,37
1981,Pop,lipstick,36
1981,Pop,see,33
1981,Pop,backfired,32
1981,Pop,feel,32
1981,Pop,per,32
1981,Pop,said,32
1981,Pop,tell,30
1981,Pop,think,30
1981,Pop,night,30
1981,Pop,man,30
1981,Pop,get,30
1981,Pop,someone,28
1981,Pop,make,26
1981,Pop,say,26
1981,Pop,take,26
1981,R&B & Funk,got,71
1981,R&B & Funk,away,32
1981,R&B & Funk,get,32
1981,R&B & Funk,iot,32
1981,R&B & Funk,controversy,31
1981,R&B & Funk,sun,29
1981,R&B & Funk,walk,25
1981,R&B & Funk,haha,24
1981,R&B & Funk,much,21
1981,R&B & Funk,sunshine,21
1981,R&B & Funk,never,20
1981,R&B & Funk,stand,19
1981,R&B & Funk,ain,18
1981,R&B & Funk,jamming,15
1981,R&B & Funk,love,15
1981,R&B & Funk,lady,14
1981,R&B & Funk,wanna,13
1981,R&B & Funk,days,11
1981,R&B & Funk,would,9
1981,R&B & Funk,wish,9
1981,R&B & Funk,want,9
1981,R&B & Funk,believe,9
1981,R&B & Funk,aws,8
1981,R&B & Funk,walking,8
1981,R&B & Funk,time,7
1981,Rock,jay,701
1981,Rock,know,618
1981,Rock,get,485
1981,Rock,one,480
1981,Rock,love,433
1981,Rock,back,428
1981,Rock,got,419
1981,Rock,see,390
1981,Rock,bob,372
1981,Rock,time,367
1981,Rock,well,329
1981,Rock,let,318
1981,Rock,make,312
1981,Rock,way,312
1981,Rock,never,304
1981,Rock,say,303
1981,Rock,night,285
1981,Rock,said,280
1981,Rock,man,279
1981,Rock,take,274
1981,Rock,day,270
1981,Rock,want,267
1981,Rock,yes,252
1981,Rock,think,245
1981,Rock,could,242
1982,Avant-Garde & Experimental,king,44
1982,Avant-Garde & Experimental,years,23
1982,Avant-Garde & Experimental,want,18
1982,Avant-Garde & Experimental,love,17
1982,Avant-Garde & Experimental,great,17
1982,Avant-Garde & Experimental,son,17
1982,Avant-Garde & Experimental,made,14
1982,Avant-Garde & Experimental,whose,12
1982,Avant-Garde & Experimental,one,12
1982,Avant-Garde & Experimental,reign,12
1982,Avant-Garde & Experimental,none,11
1982,Avant-Garde & Experimental,army,11
1982,Avant-Garde & Experimental,hundred,10
1982,Avant-Garde & Experimental,let,10
1982,Avant-Garde & Experimental,arbaces,9
1982,Avant-Garde & Experimental,belosus,9
1982,Avant-Garde & Experimental,could,9
1982,Avant-Garde & Experimental,dead,9
1982,Avant-Garde & Experimental,ever,9
1982,Avant-Garde & Experimental,father,9
1982,Avant-Garde & Experimental,must,9
1982,Avant-Garde & Experimental,predict,9
1982,Avant-Garde & Experimental,see,9
1982,Avant-Garde & Experimental,take,9
1982,Avant-Garde & Experimental,time,9
1982,Blues & Soul,love,70
1982,Blues & Soul,got,45
1982,Blues & Soul,never,38
1982,Blues & Soul,girl,29
1982,Blues & Soul,tell,28
1982,Blues & Soul,get,28
1982,Blues & Soul,gone,23
1982,Blues & Soul,work,22
1982,Blues & Soul,dee,21
1982,Blues & Soul,good,21
1982,Blues & Soul,keep,21
1982,Blues & Soul,want,21
1982,Blues & Soul,street,20
1982,Blues & Soul,nigga,20
1982,Blues & Soul,higher,20
1982,Blues & Soul,kiss,20
1982,Blues & Soul,thoughts,19
1982,Blues & Soul,know,19
1982,Blues & Soul,feel,19
1982,Blues & Soul,ever,18
1982,Blues & Soul,cutie,18
1982,Blues & Soul,pie,18
1982,Blues & Soul,nickel,18
1982,Blues & Soul,penny,17
1982,Blues & Soul,niggas,17
1982,Country & Folk,love,133
1982,Country & Folk,one,70
1982,Country & Folk,got,51
1982,Country & Folk,heart,40
1982,Country & Folk,know,37
1982,Country & Folk,little,31
1982,Country & Folk,night,26
1982,Country & Folk,never,23
1982,Country & Folk,right,23
1982,Country & Folk,way,23
1982,Country & Folk,see,22
1982,Country & Folk,could,22
1982,Country & Folk,time,21
1982,Country & Folk,someday,21
1982,Country & Folk,someway,20
1982,Country & Folk,always,20
1982,Country & Folk,away,16
1982,Country & Folk,tell,16
1982,Country & Folk,wouldn,16
1982,Country & Folk,wonder,16
1982,Country & Folk,take,15
1982,Country & Folk,find,15
1982,Country & Folk,long,15
1982,Country & Folk,world,14
1982,Country & Folk,want,14
1982,Electronic,get,196
1982,Electronic,love,137
1982,Electronic,let,110
1982,Electronic,make,105
1982,Electronic,night,104
1982,Electronic,come,104
1982,Electronic,one,93
1982,Electronic,know,87
1982,Electronic,see,83
1982,Electronic,got,81
1982,Electronic,bow,81
1982,Electronic,want,76
1982,Electronic,life,75
1982,Electronic,move,70
1982,Electronic,time,67
1982,Electronic,way,66
1982,Electronic,gotta,66
1982,Electronic,right,64
1982,Electronic,alright,64
1982,Electronic,feel,59
1982,Electronic,really,59
1982,Electronic,fun,58
1982,Electronic,back,57
1982,Electronic,need,56
1982,Electronic,would,53
1982,Hip Hop,jump,44
1982,Hip Hop,huh,24
1982,Hip Hop,hunga,17
1982,Hip Hop,keep,15
1982,Hip Hop,wonder,14
1982,Hip Hop,sometimes,14
1982,Hip Hop,makes,13
1982,Hip Hop,jungle,13
1982,Hip Hop,man,12
1982,Hip Hop,got,12
1982,Hip Hop,get,10
1982,Hip Hop,going,10
1982,Hip Hop,mel,7
1982,Hip Hop,big,6
1982,Hip Hop,head,6
1982,Hip Hop,kemosabi,6
1982,Hip Hop,melle,6
1982,Hip Hop,push,6
1982,Hip Hop,said,6
1982,Hip Hop,bootee,5
1982,Hip Hop,close,5
1982,Hip Hop,edge,5
1982,Hip Hop,duke,5
1982,Hip Hop,goin,5
1982,Hip Hop,lose,5
1982,Jazz,love,307
1982,Jazz,know,193
1982,Jazz,one,161
1982,Jazz,time,129
1982,Jazz,adam,126
1982,Jazz,got,122
1982,Jazz,let,107
1982,Jazz,want,106
1982,Jazz,get,103
1982,Jazz,never,101
1982,Jazz,need,86
1982,Jazz,make,80
1982,Jazz,good,75
1982,Jazz,tonight,74
1982,Jazz,think,73
1982,Jazz,around,72
1982,Jazz,see,69
1982,Jazz,way,68
1982,Jazz,life,66
1982,Jazz,eyes,63
1982,Jazz,come,62
1982,Jazz,right,61
1982,Jazz,going,60
1982,Jazz,tell,60
1982,Jazz,thing,56
1982,Other,harry,744
1982,Other,perry,366
1982,Other,harmony,354
1982,Other,got,114
1982,Other,one,105
1982,Other,get,90
1982,Other,know,83
1982,Other,look,82
1982,Other,right,74
1982,Other,back,73
1982,Other,love,72
1982,Other,car,56
1982,Other,come,50
1982,Other,thing,49
1982,Other,see,49
1982,Other,want,45
1982,Other,think,45
1982,Other,gun,44
1982,Other,guy,43
1982,Other,god,43
1982,Other,could,43
1982,Other,girl,42
1982,Other,dexter,42
1982,Other,away,41
1982,Other,man,41
1982,Pop,one,756
1982,Pop,would,597
1982,Pop,xa0xa0xa0,511
1982,Pop,mme,405
1982,Pop,know,316
1982,Pop,guermantes,287
1982,Pop,could,280
1982,Pop,time,278
1982,Pop,said,275
1982,Pop,see,273
1982,Pop,saint,246
1982,Pop,without,237
1982,Pop,never,236
1982,Pop,little,235
1982,Pop,say,228
1982,Pop,day,219
1982,Pop,might,216
1982,Pop,loup,214
1982,Pop,come,206
1982,Pop,make,204
1982,Pop,people,194
1982,Pop,still,193
1982,Pop,even,190
1982,Pop,made,188
1982,Pop,well,184
1982,R&B & Funk,love,70
1982,R&B & Funk,party,32
1982,R&B & Funk,controversy,31
1982,R&B & Funk,shine,31
1982,R&B & Funk,time,25
1982,R&B & Funk,girl,23
1982,R&B & Funk,say,21
1982,R&B & Funk,much,20
1982,R&B & Funk,got,19
1982,R&B & Funk,never,18
1982,R&B & Funk,way,17
1982,R&B & Funk,know,16
1982,R&B & Funk,1999,15
1982,R&B & Funk,wanna,14
1982,R&B & Funk,kisses,13
1982,R&B & Funk,want,11
1982,R&B & Funk,tonight,11
1982,R&B & Funk,everybody,11
1982,R&B & Funk,zero,10
1982,R&B & Funk,heart,9
1982,R&B & Funk,prince,9
1982,R&B & Funk,waiting,9
1982,R&B & Funk,wish,9
1982,R&B & Funk,yes,9
1982,R&B & Funk,won,8
1982,Reggae,eazy,15
1982,Reggae,roll,9
1982,Reggae,sitting,9
1982,Reggae,bay,7
1982,Reggae,dock,7
1982,Reggae,smoke,7
1982,Reggae,sublime,7
1982,Reggae,weed,7
1982,Reggae,high,6
1982,Reggae,mary,6
1982,Reggae,snoop,6
1982,Reggae,tech,5
1982,Reggae,n9ne,5
1982,Reggae,man,5
1982,Reggae,lil,5
1982,Reggae,jane,5
1982,Reggae,green,5
1982,Reggae,get,5
1982,Reggae,away,5
1982,Reggae,brown,4
1982,Reggae,bob,4
1982,Reggae,cocaine,4
1982,Reggae,day,4
1982,Reggae,dogg,4
1982,Reggae,got,4
1982,Rock,jay,699
1982,Rock,love,498
1982,Rock,know,405
1982,Rock,bob,357
1982,Rock,one,330
1982,Rock,recorded,306
1982,Rock,studios,296
1982,Rock,got,280
1982,Rock,get,268
1982,Rock,spotify,258
1982,Rock,nyc,257
1982,Rock,come,235
1982,Rock,back,233
1982,Rock,see,222
1982,Rock,let,220
1982,Rock,silent,217
1982,Rock,night,216
1982,Rock,say,213
1982,Rock,gone,208
1982,Rock,never,192
1982,Rock,girl,190
1982,Rock,justice,188
1982,Rock,away,187
1982,Rock,time,185
1982,Rock,said,185
1983,Avant-Garde & Experimental,love,62
1983,Avant-Garde & Experimental,everyday,46
1983,Avant-Garde & Experimental,lies,40
1983,Avant-Garde & Experimental,got,26
1983,Avant-Garde & Experimental,cool,22
1983,Avant-Garde & Experimental,europa,19
1983,Avant-Garde & Experimental,heart,17
1983,Avant-Garde & Experimental,science,17
1983,Avant-Garde & Experimental,man,16
1983,Avant-Garde & Experimental,know,15
1983,Avant-Garde & Experimental,mirror,15
1983,Avant-Garde & Experimental,new,13
1983,Avant-Garde & Experimental,comes,13
1983,Avant-Garde & Experimental,side,12
1983,Avant-Garde & Experimental,time,12
1983,Avant-Garde & Experimental,wanna,11
1983,Avant-Garde & Experimental,write,11
1983,Avant-Garde & Experimental,way,11
1983,Avant-Garde & Experimental,want,11
1983,Avant-Garde & Experimental,say,11
1983,Avant-Garde & Experimental,book,11
1983,Avant-Garde & Experimental,arrow,10
1983,Avant-Garde & Experimental,eyes,10
1983,Avant-Garde & Experimental,need,10
1983,Avant-Garde & Experimental,poison,10
1983,Blues & Soul,love,64
1983,Blues & Soul,get,43
1983,Blues & Soul,tonight,39
1983,Blues & Soul,mind,24
1983,Blues & Soul,got,23
1983,Blues & Soul,right,22
1983,Blues & Soul,time,22
1983,Blues & Soul,till,21
1983,Blues & Soul,tell,21
1983,Blues & Soul,thoughts,19
1983,Blues & Soul,kiss,19
1983,Blues & Soul,let,18
1983,Blues & Soul,crazy,17
1983,Blues & Soul,girl,17
1983,Blues & Soul,penny,17
1983,Blues & Soul,nickel,17
1983,Blues & Soul,dime,15
1983,Blues & Soul,good,15
1983,Blues & Soul,nowhere,15
1983,Blues & Soul,sexual,13
1983,Blues & Soul,never,13
1983,Blues & Soul,know,13
1983,Blues & Soul,healing,13
1983,Blues & Soul,away,12
1983,Blues & Soul,make,12
1983,Children's,really,7
1983,Children's,believe,7
1983,Children's,cannot,7
1983,Children's,gave,5
1983,Children's,things,4
1983,Children's,know,4
1983,Children's,gone,3
1983,Children's,borrowed,3
1983,Children's,pre,3
1983,Children's,nothing,3
1983,Children's,mine,3
1983,Children's,living,3
1983,Children's,true,3
1983,Children's,time,3
1983,Children's,happening,2
1983,Children's,hear,2
1983,Children's,kind,2
1983,Children's,make,2
1983,Children's,cruel,1
1983,Children's,could,1
1983,Children's,change,1
1983,Children's,bridge,1
1983,Children's,already,1
1983,Children's,ago,1
1983,Children's,hearing,1
1983,Country & Folk,love,68
1983,Country & Folk,know,46
1983,Country & Folk,heart,29
1983,Country & Folk,night,25
1983,Country & Folk,take,24
1983,Country & Folk,swingin,24
1983,Country & Folk,away,24
1983,Country & Folk,somebody,22
1983,Country & Folk,time,22
1983,Country & Folk,chances,21
1983,Country & Folk,taking,19
1983,Country & Folk,dance,18
1983,Country & Folk,one,18
1983,Country & Folk,still,16
1983,Country & Folk,made,16
1983,Country & Folk,life,16
1983,Country & Folk,ever,16
1983,Country & Folk,find,15
1983,Country & Folk,run,14
1983,Country & Folk,looks,14
1983,Country & Folk,long,14
1983,Country & Folk,tell,13
1983,Country & Folk,much,13
1983,Country & Folk,dirty,13
1983,Country & Folk,sound,11
1983,Electronic,would,627
1983,Electronic,one,353
1983,Electronic,love,298
1983,Electronic,time,257
1983,Electronic,know,245
1983,Electronic,little,192
1983,Electronic,could,188
1983,Electronic,never,180
1983,Electronic,come,177
1983,Electronic,see,166
1983,Electronic,way,161
1983,Electronic,upon,157
1983,Electronic,aunt,146
1983,Electronic,still,144
1983,Electronic,girl,141
1983,Electronic,day,140
1983,Electronic,françoise,137
1983,Electronic,mind,134
1983,Electronic,eyes,128
1983,Electronic,say,126
1983,Electronic,make,124
1983,Electronic,life,118
1983,Electronic,much,118
1983,Electronic,must,116
1983,Electronic,even,116
1983,Jazz,love,298
1983,Jazz,one,168
1983,Jazz,know,152
1983,Jazz,time,126
1983,Jazz,never,103
1983,Jazz,night,99
1983,Jazz,life,94
1983,Jazz,let,87
1983,Jazz,say,87
1983,Jazz,make,83
1983,Jazz,see,76
1983,Jazz,old,76
1983,Jazz,way,72
1983,Jazz,give,70
1983,Jazz,till,67
1983,Jazz,would,66
1983,Jazz,think,66
1983,Jazz,need,66
1983,Jazz,get,64
1983,Jazz,come,63
1983,Jazz,long,60
1983,Jazz,got,57
1983,Jazz,heart,57
1983,Jazz,take,54
1983,Jazz,man,54
1983,Other,love,53
1983,Other,look,49
1983,Other,beatles,33
1983,Other,war,33
1983,Other,man,29
1983,Other,paul,28
1983,Other,mccartney,27
1983,Other,john,25
1983,Other,lin,23
1983,Other,manuel,23
1983,Other,miranda,23
1983,Other,new,21
1983,Other,song,21
1983,Other,american,20
1983,Other,bob,20
1983,Other,little,19
1983,Other,battle,18
1983,Other,one,18
1983,Other,world,16
1983,Other,rolling,16
1983,Other,let,16
1983,Other,elvis,16
1983,Other,dylan,16
1983,Other,black,15
1983,Other,day,15
1983,Pop,one,832
1983,Pop,would,621
1983,Pop,xa0xa0xa0,511
1983,Pop,mme,405
1983,Pop,know,356
1983,Pop,time,294
1983,Pop,guermantes,287
1983,Pop,could,286
1983,Pop,see,283
1983,Pop,said,279
1983,Pop,saint,246
1983,Pop,little,244
1983,Pop,never,241
1983,Pop,without,241
1983,Pop,say,241
1983,Pop,day,234
1983,Pop,make,229
1983,Pop,love,224
1983,Pop,might,224
1983,Pop,come,222
1983,Pop,still,216
1983,Pop,loup,214
1983,Pop,people,212
1983,Pop,young,211
1983,Pop,way,210
1983,R&B & Funk,delirious,32
1983,R&B & Funk,party,32
1983,R&B & Funk,got,24
1983,R&B & Funk,say,22
1983,R&B & Funk,right,21
1983,R&B & Funk,love,21
1983,R&B & Funk,little,21
1983,R&B & Funk,wanna,19
1983,R&B & Funk,red,16
1983,R&B & Funk,let,16
1983,R&B & Funk,know,16
1983,R&B & Funk,system,15
1983,R&B & Funk,1999,15
1983,R&B & Funk,corvette,15
1983,R&B & Funk,tonight,15
1983,R&B & Funk,coo,14
1983,R&B & Funk,sha,14
1983,R&B & Funk,time,14
1983,R&B & Funk,everybody,13
1983,R&B & Funk,night,12
1983,R&B & Funk,get,11
1983,R&B & Funk,free,11
1983,R&B & Funk,zero,10
1983,R&B & Funk,pretend,10
1983,R&B & Funk,married,10
1983,Reggae,johnny,24
1983,Reggae,love,21
1983,Reggae,eazy,15
1983,Reggae,dee,14
1983,Reggae,doo,14
1983,Reggae,said,9
1983,Reggae,kind,9
1983,Reggae,good,8
1983,Reggae,man,8
1983,Reggae,weed,7
1983,Reggae,unconditional,7
1983,Reggae,sublime,7
1983,Reggae,smoke,7
1983,Reggae,give,7
1983,Reggae,snoop,6
1983,Reggae,mary,6
1983,Reggae,high,6
1983,Reggae,want,5
1983,Reggae,tonight,5
1983,Reggae,tech,5
1983,Reggae,n9ne,5
1983,Reggae,lil,5
1983,Reggae,jane,5
1983,Reggae,green,5
1983,Reggae,got,5
1983,Rock,says,2473
1983,Rock,bateman,1590
1983,Rock,know,1504
1983,Rock,mam,1278
1983,Rock,get,1157
1983,Rock,one,1139
1983,Rock,back,918
1983,Rock,want,896
1983,Rock,dad,884
1983,Rock,tell,879
1983,Rock,man,830
1983,Rock,see,816
1983,Rock,say,792
1983,Rock,day,752
1983,Rock,malachy,750
1983,Rock,never,743
1983,Rock,tells,724
1983,Rock,mother,724
1983,Rock,little,714
1983,Rock,come,694
1983,Rock,home,650
1983,Rock,god,622
1983,Rock,bed,619
1983,Rock,take,607
1983,Rock,head,604
1984,Avant-Garde & Experimental,love,45
1984,Avant-Garde & Experimental,say,23
1984,Avant-Garde & Experimental,shame,23
1984,Avant-Garde & Experimental,loving,22
1984,Avant-Garde & Experimental,doctor,20
1984,Avant-Garde & Experimental,whoa,20
1984,Avant-Garde & Experimental,never,19
1984,Avant-Garde & Experimental,heart,18
1984,Avant-Garde & Experimental,time,17
1984,Avant-Garde & Experimental,stay,16
1984,Avant-Garde & Experimental,start,16
1984,Avant-Garde & Experimental,let,16
1984,Avant-Garde & Experimental,warm,15
1984,Avant-Garde & Experimental,ever,14
1984,Avant-Garde & Experimental,east,14
1984,Avant-Garde & Experimental,fade,14
1984,Avant-Garde & Experimental,west,14
1984,Avant-Garde & Experimental,take,14
1984,Avant-Garde & Experimental,burning,13
1984,Avant-Garde & Experimental,know,13
1984,Avant-Garde & Experimental,hold,13
1984,Avant-Garde & Experimental,hyperactive,12
1984,Avant-Garde & Experimental,away,12
1984,Avant-Garde & Experimental,thing,11
1984,Avant-Garde & Experimental,life,11
1984,Blues & Soul,let,69
1984,Blues & Soul,love,66
1984,Blues & Soul,medicine,41
1984,Blues & Soul,freakshow,37
1984,Blues & Soul,whoa,34
1984,Blues & Soul,got,33
1984,Blues & Soul,give,33
1984,Blues & Soul,real,30
1984,Blues & Soul,treat,29
1984,Blues & Soul,solid,28
1984,Blues & Soul,hear,28
1984,Blues & Soul,know,27
1984,Blues & Soul,take,26
1984,Blues & Soul,feels,26
1984,Blues & Soul,won,25
1984,Blues & Soul,floor,25
1984,Blues & Soul,come,25
1984,Blues & Soul,freaks,24
1984,Blues & Soul,lady,24
1984,Blues & Soul,hot,24
1984,Blues & Soul,man,24
1984,Blues & Soul,mind,23
1984,Blues & Soul,one,19
1984,Blues & Soul,time,18
1984,Blues & Soul,dance,18
1984,Children's,born,16
1984,Children's,take,7
1984,Children's,look,6
1984,Children's,got,5
1984,Children's,empty,4
1984,Children's,face,4
1984,Children's,man,4
1984,Children's,space,4
1984,Children's,back,3
1984,Children's,knew,3
1984,Children's,really,3
1984,Children's,one,3
1984,Children's,son,2
1984,Children's,still,2
1984,Children's,turn,2
1984,Children's,walk,2
1984,Children's,well,2
1984,Children's,nothing,2
1984,Children's,nowhere,2
1984,Children's,odds,2
1984,Children's,refinery,2
1984,Children's,remind,2
1984,Children's,see,2
1984,Children's,shared,2
1984,Children's,left,2
1984,Country & Folk,one,515
1984,Country & Folk,would,432
1984,Country & Folk,mme,343
1984,Country & Folk,said,304
1984,Country & Folk,verdurin,255
1984,Country & Folk,little,244
1984,Country & Folk,people,241
1984,Country & Folk,say,192
1984,Country & Folk,even,191
1984,Country & Folk,might,185
1984,Country & Folk,cambremer,182
1984,Country & Folk,know,178
1984,Country & Folk,albertine,177
1984,Country & Folk,time,174
1984,Country & Folk,see,169
1984,Country & Folk,could,161
1984,Country & Folk,upon,154
1984,Country & Folk,make,149
1984,Country & Folk,never,148
1984,Country & Folk,day,147
1984,Country & Folk,without,147
1984,Country & Folk,cottard,143
1984,Country & Folk,made,142
1984,Country & Folk,charlus,137
1984,Country & Folk,must,132
1984,Electronic,love,409
1984,Electronic,know,199
1984,Electronic,good,176
1984,Electronic,time,169
1984,Electronic,let,151
1984,Electronic,take,109
1984,Electronic,got,101
1984,Electronic,come,97
1984,Electronic,want,96
1984,Electronic,way,88
1984,Electronic,turn,86
1984,Electronic,war,86
1984,Electronic,never,86
1984,Electronic,give,86
1984,Electronic,one,82
1984,Electronic,get,80
1984,Electronic,tell,79
1984,Electronic,need,77
1984,Electronic,night,76
1984,Electronic,mind,75
1984,Electronic,girl,74
1984,Electronic,didn,72
1984,Electronic,eyes,68
1984,Electronic,see,65
1984,Electronic,right,65
1984,Jazz,love,150
1984,Jazz,know,109
1984,Jazz,one,103
1984,Jazz,night,88
1984,Jazz,time,82
1984,Jazz,see,79
1984,Jazz,come,76
1984,Jazz,never,72
1984,Jazz,old,64
1984,Jazz,away,60
1984,Jazz,let,58
1984,Jazz,till,58
1984,Jazz,way,58
1984,Jazz,make,53
1984,Jazz,long,53
1984,Jazz,say,52
1984,Jazz,tell,51
1984,Jazz,got,49
1984,Jazz,good,47
1984,Jazz,right,46
1984,Jazz,would,46
1984,Jazz,heart,46
1984,Jazz,nothing,43
1984,Jazz,want,43
1984,Jazz,ever,40
1984,Latin,want,10
1984,Latin,everything,7
1984,Latin,never,5
1984,Latin,give,5
1984,Latin,feel,5
1984,Latin,love,4
1984,Latin,long,4
1984,Latin,live,3
1984,Latin,body,3
1984,Latin,return,3
1984,Latin,soul,3
1984,Latin,told,2
1984,Latin,would,2
1984,Latin,close,2
1984,Latin,dreams,2
1984,Latin,every,2
1984,Latin,express,2
1984,Latin,kind,2
1984,Latin,nothing,2
1984,Latin,secret,2
1984,Latin,know,1
1984,Latin,joys,1
1984,Latin,inside,1
1984,Latin,hold,1
1984,Latin,hide,1
1984,Other,mistake,29
1984,Other,number,29
1984,Other,three,28
1984,Other,mccartney,25
1984,Other,make,25
1984,Other,paul,22
1984,Other,tonight,15
1984,Other,hold,14
1984,Other,girls,12
1984,Other,tenderness,12
1984,Other,forever,11
1984,Other,desert,11
1984,Other,whisper,11
1984,Other,way,11
1984,Other,scream,10
1984,Other,moon,10
1984,Other,time,9
1984,Other,loved,9
1984,Other,love,9
1984,Other,night,9
1984,Other,arms,8
1984,Other,beatles,8
1984,Other,dreamers,8
1984,Other,know,8
1984,Other,take,8
1984,Pop,says,1229
1984,Pop,know,662
1984,Pop,mam,639
1984,Pop,get,513
1984,Pop,one,505
1984,Pop,dad,443
1984,Pop,want,417
1984,Pop,back,416
1984,Pop,tell,400
1984,Pop,casper,382
1984,Pop,mother,376
1984,Pop,malachy,375
1984,Pop,tells,367
1984,Pop,man,366
1984,Pop,day,365
1984,Pop,see,357
1984,Pop,telly,339
1984,Pop,home,326
1984,Pop,bed,324
1984,Pop,head,321
1984,Pop,never,320
1984,Pop,say,306
1984,Pop,little,305
1984,Pop,come,300
1984,Pop,god,291
1984,R&B & Funk,body,73
1984,R&B & Funk,love,58
1984,R&B & Funk,talk,54
1984,R&B & Funk,let,40
1984,R&B & Funk,high,28
1984,R&B & Funk,say,26
1984,R&B & Funk,alright,26
1984,R&B & Funk,purple,25
1984,R&B & Funk,know,24
1984,R&B & Funk,rain,24
1984,R&B & Funk,night,22
1984,R&B & Funk,wanna,21
1984,R&B & Funk,look,21
1984,R&B & Funk,day,21
1984,R&B & Funk,perfect,20
1984,R&B & Funk,light,20
1984,R&B & Funk,right,20
1984,R&B & Funk,combination,17
1984,R&B & Funk,cry,17
1984,R&B & Funk,centipede,16
1984,R&B & Funk,passion,16
1984,R&B & Funk,make,16
1984,R&B & Funk,fuel,15
1984,R&B & Funk,injection,15
1984,R&B & Funk,feel,15
1984,Reggae,bloom,434
1984,Reggae,stephen,147
1984,Reggae,zoe,106
1984,Reggae,hand,96
1984,Reggae,red,94
1984,Reggae,one,88
1984,Reggae,mrs,75
1984,Reggae,man,71
1984,Reggae,head,70
1984,Reggae,old,61
1984,Reggae,back,61
1984,Reggae,two,58
1984,Reggae,lynch,58
1984,Reggae,watch,55
1984,Reggae,eyes,52
1984,Reggae,private,50
1984,Reggae,time,50
1984,Reggae,hands,50
1984,Reggae,face,48
1984,Reggae,left,48
1984,Reggae,little,44
1984,Reggae,right,44
1984,Reggae,love,43
1984,Reggae,voice,43
1984,Reggae,black,43
1984,Rock,bateman,794
1984,Rock,love,451
1984,Rock,know,371
1984,Rock,got,324
1984,Rock,one,288
1984,Rock,want,230
1984,Rock,get,220
1984,Rock,time,214
1984,Rock,night,200
1984,Rock,rock,197
1984,Rock,away,194
1984,Rock,see,184
1984,Rock,say,182
1984,Rock,back,174
1984,Rock,man,168
1984,Rock,feel,167
1984,Rock,right,161
1984,Rock,turn,155
1984,Rock,heart,150
1984,Rock,come,144
1984,Rock,girl,139
1984,Rock,well,138
1984,Rock,could,135
1984,Rock,take,129
1984,Rock,way,124
1985,Avant-Garde & Experimental,lay,28
1985,Avant-Garde & Experimental,hands,28
1985,Avant-Garde & Experimental,love,21
1985,Avant-Garde & Experimental,near,21
1985,Avant-Garde & Experimental,got,20
1985,Avant-Garde & Experimental,make,19
1985,Avant-Garde & Experimental,way,18
1985,Avant-Garde & Experimental,perfect,15
1985,Avant-Garde & Experimental,secret,13
1985,Avant-Garde & Experimental,see,11
1985,Avant-Garde & Experimental,walk,10
1985,Avant-Garde & Experimental,things,9
1985,Avant-Garde & Experimental,moving,9
1985,Avant-Garde & Experimental,never,8
1985,Avant-Garde & Experimental,wanna,8
1985,Avant-Garde & Experimental,world,7
1985,Avant-Garde & Experimental,say,7
1985,Avant-Garde & Experimental,feel,7
1985,Avant-Garde & Experimental,alive,7
1985,Avant-Garde & Experimental,time,6
1985,Avant-Garde & Experimental,took,6
1985,Avant-Garde & Experimental,touch,6
1985,Avant-Garde & Experimental,forget,6
1985,Avant-Garde & Experimental,kicking,6
1985,Avant-Garde & Experimental,ever,6
1985,Blues & Soul,love,95
1985,Blues & Soul,got,40
1985,Blues & Soul,bit,32
1985,Blues & Soul,man,30
1985,Blues & Soul,treat,29
1985,Blues & Soul,jammin,28
1985,Blues & Soul,hot,28
1985,Blues & Soul,high,28
1985,Blues & Soul,know,28
1985,Blues & Soul,solid,28
1985,Blues & Soul,rock,27
1985,Blues & Soul,time,26
1985,Blues & Soul,lady,25
1985,Blues & Soul,school,24
1985,Blues & Soul,beatles,23
1985,Blues & Soul,nights,22
1985,Blues & Soul,give,21
1985,Blues & Soul,freeway,21
1985,Blues & Soul,heart,20
1985,Blues & Soul,say,19
1985,Blues & Soul,king,18
1985,Blues & Soul,never,18
1985,Blues & Soul,way,18
1985,Blues & Soul,bob,17
1985,Blues & Soul,making,17
1985,Children's,born,16
1985,Children's,hometown,14
1985,Children's,man,5
1985,Children's,son,4
1985,Children's,got,4
1985,Children's,old,3
1985,Children's,night,3
1985,Children's,come,3
1985,Children's,back,3
1985,Children's,ain,3
1985,Children's,high,2
1985,Children's,around,2
1985,Children's,daddy,2
1985,Children's,gone,2
1985,Children's,good,2
1985,Children's,hand,2
1985,Children's,nowhere,2
1985,Children's,refinery,2
1985,Children's,running,2
1985,Children's,said,2
1985,Children's,says,2
1985,Children's,take,2
1985,Children's,town,2
1985,Children's,last,2
1985,Children's,look,2
1985,Christian,got,33
1985,Christian,love,25
1985,Christian,way,21
1985,Christian,wise,21
1985,Christian,find,16
1985,Christian,better,16
1985,Christian,know,15
1985,Christian,see,8
1985,Christian,twice,8
1985,Christian,think,8
1985,Christian,get,7
1985,Christian,heart,6
1985,Christian,leave,5
1985,Christian,hoo,5
1985,Christian,tell,3
1985,Christian,take,3
1985,Christian,surely,3
1985,Christian,still,3
1985,Christian,past,3
1985,Christian,never,3
1985,Christian,make,3
1985,Christian,hard,3
1985,Christian,doubt,3
1985,Christian,believe,3
1985,Christian,behind,3
1985,Country & Folk,everyday,22
1985,Country & Folk,wake,17
1985,Country & Folk,rocket,12
1985,Country & Folk,launcher,12
1985,Country & Folk,would,9
1985,Country & Folk,come,9
1985,Country & Folk,little,8
1985,Country & Folk,way,7
1985,Country & Folk,love,7
1985,Country & Folk,friends,7
1985,Country & Folk,next,6
1985,Country & Folk,oooh,6
1985,Country & Folk,say,6
1985,Country & Folk,good,6
1985,Country & Folk,long,6
1985,Country & Folk,every,5
1985,Country & Folk,gold,5
1985,Country & Folk,seems,5
1985,Country & Folk,magic,5
1985,Country & Folk,surely,5
1985,Country & Folk,synchronized,4
1985,Country & Folk,steel,4
1985,Country & Folk,nerves,4
1985,Country & Folk,know,4
1985,Country & Folk,hearts,4
1985,Electronic,love,273
1985,Electronic,know,156
1985,Electronic,get,131
1985,Electronic,whoa,128
1985,Electronic,give,122
1985,Electronic,want,119
1985,Electronic,let,117
1985,Electronic,got,107
1985,Electronic,good,106
1985,Electronic,come,101
1985,Electronic,one,95
1985,Electronic,time,91
1985,Electronic,never,89
1985,Electronic,right,86
1985,Electronic,take,81
1985,Electronic,stop,77
1985,Electronic,wild,75
1985,Electronic,need,73
1985,Electronic,round,69
1985,Electronic,fresh,68
1985,Electronic,make,64
1985,Electronic,night,61
1985,Electronic,call,56
1985,Electronic,wanna,56
1985,Electronic,keep,55
1985,Hip Hop,basketball,19
1985,Hip Hop,playing,8
1985,Hip Hop,love,6
1985,Hip Hop,play,4
1985,Hip Hop,watch,3
1985,Hip Hop,take,3
1985,Hip Hop,give,3
1985,Hip Hop,blow,3
1985,Hip Hop,kurtis,3
1985,Hip Hop,back,2
1985,Hip Hop,ball,2
1985,Hip Hop,didn,2
1985,Hip Hop,favorite,2
1985,Hip Hop,hoop,2
1985,Hip Hop,king,2
1985,Hip Hop,number,2
1985,Hip Hop,one,2
1985,Hip Hop,rapping,2
1985,Hip Hop,see,2
1985,Hip Hop,team,2
1985,Hip Hop,wilt,2
1985,Hip Hop,center,1
1985,Hip Hop,celtics,1
1985,Hip Hop,cards,1
1985,Hip Hop,came,1
1985,Jazz,love,130
1985,Jazz,sir,112
1985,Jazz,one,78
1985,Jazz,say,61
1985,Jazz,make,59
1985,Jazz,see,59
1985,Jazz,need,59
1985,Jazz,cut,53
1985,Jazz,know,51
1985,Jazz,ott,51
1985,Jazz,mor,49
1985,Jazz,take,49
1985,Jazz,time,47
1985,Jazz,let,46
1985,Jazz,get,45
1985,Jazz,game,42
1985,Jazz,good,41
1985,Jazz,daw,41
1985,Jazz,come,41
1985,Jazz,master,40
1985,Jazz,used,38
1985,Jazz,cler,37
1985,Jazz,wanna,37
1985,Jazz,term,35
1985,Jazz,true,35
1985,Latin,hold,10
1985,Latin,need,8
1985,Latin,let,8
1985,Latin,want,7
1985,Latin,girl,7
1985,Latin,long,6
1985,Latin,never,5
1985,Latin,love,5
1985,Latin,tell,5
1985,Latin,since,4
1985,Latin,things,4
1985,Latin,sweet,4
1985,Latin,strong,4
1985,Latin,felt,4
1985,Latin,feel,4
1985,Latin,hear,4
1985,Latin,turn,3
1985,Latin,true,3
1985,Latin,show,3
1985,Latin,make,3
1985,Latin,give,3
1985,Latin,ever,3
1985,Latin,dreams,3
1985,Latin,come,3
1985,Latin,always,2
1985,Other,get,41
1985,Other,party,38
1985,Other,time,34
1985,Other,love,34
1985,Other,come,31
1985,Other,number,30
1985,Other,mistake,29
1985,Other,three,28
1985,Other,back,27
1985,Other,know,26
1985,Other,spies,25
1985,Other,home,20
1985,Other,got,19
1985,Other,make,18
1985,Other,bang,17
1985,Other,gong,17
1985,Other,ain,15
1985,Other,dangerous,14
1985,Other,dot,13
1985,Other,ditty,13
1985,Other,dit,13
1985,Other,honey,12
1985,Other,girl,12
1985,Other,tenderness,12
1985,Other,never,11
1985,Pop,says,2442
1985,Pop,mam,1278
1985,Pop,know,1175
1985,Pop,get,922
1985,Pop,dad,880
1985,Pop,one,826
1985,Pop,malachy,750
1985,Pop,tell,731
1985,Pop,back,726
1985,Pop,tells,723
1985,Pop,mother,716
1985,Pop,want,678
1985,Pop,see,626
1985,Pop,man,620
1985,Pop,never,607
1985,Pop,bed,597
1985,Pop,day,594
1985,Pop,home,594
1985,Pop,say,577
1985,Pop,god,553
1985,Pop,head,549
1985,Pop,little,527
1985,Pop,come,517
1985,Pop,going,510
1985,Pop,said,499
1985,R&B & Funk,love,96
1985,R&B & Funk,know,48
1985,R&B & Funk,life,43
1985,R&B & Funk,girl,38
1985,R&B & Funk,got,36
1985,R&B & Funk,tree,35
1985,R&B & Funk,time,33
1985,R&B & Funk,home,31
1985,R&B & Funk,oak,31
1985,R&B & Funk,want,30
1985,R&B & Funk,high,29
1985,R&B & Funk,never,29
1985,R&B & Funk,see,28
1985,R&B & Funk,tell,25
1985,R&B & Funk,rain,25
1985,R&B & Funk,need,24
1985,R&B & Funk,dancing,24
1985,R&B & Funk,purple,23
1985,R&B & Funk,say,23
1985,R&B & Funk,would,22
1985,R&B & Funk,stand,22
1985,R&B & Funk,passion,22
1985,R&B & Funk,right,21
1985,R&B & Funk,take,21
1985,R&B & Funk,come,19
1985,Reggae,got,20
1985,Reggae,babe,10
1985,Reggae,won,3
1985,Reggae,say,3
1985,Reggae,hand,2
1985,Reggae,hold,2
1985,Reggae,know,2
1985,Reggae,let,2
1985,Reggae,love,2
1985,Reggae,always,2
1985,Reggae,around,2
1985,Reggae,kiss,1
1985,Reggae,hill,1
1985,Reggae,hair,1
1985,Reggae,guess,1
1985,Reggae,grow,1
1985,Reggae,goodnight,1
1985,Reggae,get,1
1985,Reggae,flowers,1
1985,Reggae,find,1
1985,Reggae,earned,1
1985,Reggae,climb,1
1985,Reggae,care,1
1985,Reggae,ain,1
1985,Reggae,lot,1
1985,Rock,bloom,874
1985,Rock,love,458
1985,Rock,one,439
1985,Rock,know,413
1985,Rock,stephen,294
1985,Rock,time,285
1985,Rock,feat,281
1985,Rock,night,268
1985,Rock,got,259
1985,Rock,heart,238
1985,Rock,hand,235
1985,Rock,back,225
1985,Rock,man,220
1985,Rock,zoe,212
1985,Rock,see,195
1985,Rock,never,192
1985,Rock,face,192
1985,Rock,away,190
1985,Rock,right,178
1985,Rock,want,173
1985,Rock,say,171
1985,Rock,free,166
1985,Rock,let,166
1985,Rock,take,159
1985,Rock,head,158
1986,Avant-Garde & Experimental,love,86
1986,Avant-Garde & Experimental,need,74
1986,Avant-Garde & Experimental,got,63
1986,Avant-Garde & Experimental,end,54
1986,Avant-Garde & Experimental,make,54
1986,Avant-Garde & Experimental,time,49
1986,Avant-Garde & Experimental,know,39
1986,Avant-Garde & Experimental,perfect,39
1986,Avant-Garde & Experimental,right,36
1986,Avant-Garde & Experimental,nothing,34
1986,Avant-Garde & Experimental,never,34
1986,Avant-Garde & Experimental,wild,34
1986,Avant-Garde & Experimental,west,34
1986,Avant-Garde & Experimental,water,33
1986,Avant-Garde & Experimental,bom,32
1986,Avant-Garde & Experimental,ever,31
1986,Avant-Garde & Experimental,life,31
1986,Avant-Garde & Experimental,hands,30
1986,Avant-Garde & Experimental,feel,29
1986,Avant-Garde & Experimental,lay,28
1986,Avant-Garde & Experimental,way,27
1986,Avant-Garde & Experimental,let,26
1986,Avant-Garde & Experimental,girls,26
1986,Avant-Garde & Experimental,world,25
1986,Avant-Garde & Experimental,vain,25
1986,Blues & Soul,eye,51
1986,Blues & Soul,love,39
1986,Blues & Soul,money,35
1986,Blues & Soul,never,29
1986,Blues & Soul,know,29
1986,Blues & Soul,ain,28
1986,Blues & Soul,time,27
1986,Blues & Soul,enough,24
1986,Blues & Soul,good,24
1986,Blues & Soul,tough,24
1986,Blues & Soul,think,23
1986,Blues & Soul,always,19
1986,Blues & Soul,first,19
1986,Blues & Soul,keep,19
1986,Blues & Soul,night,19
1986,Blues & Soul,tell,18
1986,Blues & Soul,jimmy,18
1986,Blues & Soul,right,16
1986,Blues & Soul,holding,16
1986,Blues & Soul,gas,16
1986,Blues & Soul,another,15
1986,Blues & Soul,zombie,14
1986,Blues & Soul,lee,14
1986,Blues & Soul,got,13
1986,Blues & Soul,talk,12
1986,Children's,come,20
1986,Children's,twist,18
1986,Children's,shake,17
1986,Children's,hometown,13
1986,Children's,mon,12
1986,Children's,know,12
1986,Children's,back,12
1986,Children's,without,10
1986,Children's,work,8
1986,Children's,little,8
1986,Children's,got,6
1986,Children's,shout,6
1986,Children's,well,6
1986,Children's,old,5
1986,Children's,good,4
1986,Children's,girl,4
1986,Children's,fine,4
1986,Children's,closer,4
1986,Children's,away,4
1986,Children's,mine,4
1986,Children's,look,4
1986,Children's,let,4
1986,Children's,yesterday,4
1986,Children's,said,3
1986,Children's,night,3
1986,Country & Folk,everyday,22
1986,Country & Folk,want,12
1986,Country & Folk,come,9
1986,Country & Folk,night,8
1986,Country & Folk,little,8
1986,Country & Folk,long,8
1986,Country & Folk,friends,7
1986,Country & Folk,good,7
1986,Country & Folk,love,7
1986,Country & Folk,way,7
1986,Country & Folk,hearts,6
1986,Country & Folk,would,6
1986,Country & Folk,seems,5
1986,Country & Folk,surely,5
1986,Country & Folk,bop,5
1986,Country & Folk,blame,4
1986,Country & Folk,gold,4
1986,Country & Folk,feel,4
1986,Country & Folk,faster,4
1986,Country & Folk,magic,4
1986,Country & Folk,old,4
1986,Country & Folk,nerves,4
1986,Country & Folk,synchronized,4
1986,Country & Folk,steel,4
1986,Country & Folk,used,3
1986,Electronic,love,262
1986,Electronic,one,156
1986,Electronic,know,125
1986,Electronic,got,92
1986,Electronic,give,83
1986,Electronic,need,82
1986,Electronic,come,80
1986,Electronic,day,76
1986,Electronic,smile,72
1986,Electronic,ekman,70
1986,Electronic,way,70
1986,Electronic,two,69
1986,Electronic,another,63
1986,Electronic,want,62
1986,Electronic,face,62
1986,Electronic,would,60
1986,Electronic,eyes,57
1986,Electronic,people,56
1986,Electronic,take,54
1986,Electronic,time,54
1986,Electronic,talk,53
1986,Electronic,feel,53
1986,Electronic,get,52
1986,Electronic,never,51
1986,Electronic,man,51
1986,Hip Hop,way,20
1986,Hip Hop,walk,11
1986,Hip Hop,talk,9
1986,Hip Hop,illin,7
1986,Hip Hop,school,7
1986,Hip Hop,told,7
1986,Hip Hop,scratch,6
1986,Hip Hop,hook,5
1986,Hip Hop,big,4
1986,Hip Hop,diddle,4
1986,Hip Hop,kiss,4
1986,Hip Hop,swinging,4
1986,Hip Hop,run,4
1986,Hip Hop,tyler,3
1986,Hip Hop,til,3
1986,Hip Hop,steven,3
1986,Hip Hop,see,3
1986,Hip Hop,said,3
1986,Hip Hop,little,3
1986,Hip Hop,left,3
1986,Hip Hop,lady,3
1986,Hip Hop,kind,3
1986,Hip Hop,high,3
1986,Hip Hop,girl,3
1986,Hip Hop,feet,3
1986,Jazz,love,169
1986,Jazz,featuring,105
1986,Jazz,get,68
1986,Jazz,def,65
1986,Jazz,jam,62
1986,Jazz,heat,56
1986,Jazz,boy,53
1986,Jazz,time,49
1986,Jazz,know,48
1986,Jazz,rap,47
1986,Jazz,got,44
1986,Jazz,say,41
1986,Jazz,jive,37
1986,Jazz,rock,37
1986,Jazz,touch,36
1986,Jazz,night,36
1986,Jazz,beat,36
1986,Jazz,need,35
1986,Jazz,sugarhill,34
1986,Jazz,stand,34
1986,Jazz,let,34
1986,Jazz,big,33
1986,Jazz,profile,33
1986,Jazz,tommy,33
1986,Jazz,man,32
1986,Other,party,38
1986,Other,time,35
1986,Other,love,27
1986,Other,1972,26
1986,Other,spies,25
1986,Other,1973,24
1986,Other,1970,24
1986,Other,1969,23
1986,Other,1968,22
1986,Other,1971,22
1986,Other,one,20
1986,Other,1967,19
1986,Other,1977,19
1986,Other,ain,19
1986,Other,take,18
1986,Other,john,18
1986,Other,1975,18
1986,Other,1978,17
1986,Other,bob,17
1986,Other,every,17
1986,Other,1994,16
1986,Other,1965,16
1986,Other,little,15
1986,Other,1974,15
1986,Other,1979,13
1986,Pop,love,270
1986,Pop,know,122
1986,Pop,heart,92
1986,Pop,got,90
1986,Pop,say,80
1986,Pop,run,78
1986,Pop,right,74
1986,Pop,count,68
1986,Pop,one,68
1986,Pop,way,63
1986,Pop,never,57
1986,Pop,man,56
1986,Pop,feel,56
1986,Pop,time,56
1986,Pop,need,55
1986,Pop,yes,55
1986,Pop,want,55
1986,Pop,little,50
1986,Pop,let,48
1986,Pop,true,47
1986,Pop,night,46
1986,Pop,nasty,46
1986,Pop,boys,45
1986,Pop,good,43
1986,Pop,control,43
1986,R&B & Funk,love,231
1986,R&B & Funk,girl,85
1986,R&B & Funk,home,40
1986,R&B & Funk,know,36
1986,R&B & Funk,want,35
1986,R&B & Funk,say,34
1986,R&B & Funk,give,34
1986,R&B & Funk,stop,33
1986,R&B & Funk,time,32
1986,R&B & Funk,one,30
1986,R&B & Funk,never,30
1986,R&B & Funk,need,25
1986,R&B & Funk,ohh,25
1986,R&B & Funk,stand,23
1986,R&B & Funk,got,23
1986,R&B & Funk,sweet,21
1986,R&B & Funk,big,20
1986,R&B & Funk,come,20
1986,R&B & Funk,every,20
1986,R&B & Funk,make,20
1986,R&B & Funk,day,19
1986,R&B & Funk,right,19
1986,R&B & Funk,ready,18
1986,R&B & Funk,let,18
1986,R&B & Funk,life,18
1986,Rock,bloom,434
1986,Rock,love,419
1986,Rock,know,401
1986,Rock,one,282
1986,Rock,got,197
1986,Rock,time,192
1986,Rock,never,176
1986,Rock,take,173
1986,Rock,night,172
1986,Rock,back,169
1986,Rock,way,163
1986,Rock,see,157
1986,Rock,heart,155
1986,Rock,stephen,147
1986,Rock,away,147
1986,Rock,say,146
1986,Rock,let,145
1986,Rock,make,144
1986,Rock,tonight,142
1986,Rock,want,136
1986,Rock,right,134
1986,Rock,face,130
1986,Rock,life,130
1986,Rock,hand,127
1986,Rock,get,125
1987,Avant-Garde & Experimental,love,77
1987,Avant-Garde & Experimental,need,51
1987,Avant-Garde & Experimental,time,35
1987,Avant-Garde & Experimental,wild,34
1987,Avant-Garde & Experimental,shut,30
1987,Avant-Garde & Experimental,mouth,30
1987,Avant-Garde & Experimental,never,29
1987,Avant-Garde & Experimental,back,24
1987,Avant-Garde & Experimental,perfect,22
1987,Avant-Garde & Experimental,right,22
1987,Avant-Garde & Experimental,see,21
1987,Avant-Garde & Experimental,got,21
1987,Avant-Garde & Experimental,knew,20
1987,Avant-Garde & Experimental,won,20
1987,Avant-Garde & Experimental,get,19
1987,Avant-Garde & Experimental,feel,18
1987,Avant-Garde & Experimental,one,18
1987,Avant-Garde & Experimental,make,17
1987,Avant-Garde & Experimental,life,17
1987,Avant-Garde & Experimental,give,17
1987,Avant-Garde & Experimental,beat,17
1987,Avant-Garde & Experimental,world,16
1987,Avant-Garde & Experimental,snout,15
1987,Avant-Garde & Experimental,heartbreak,15
1987,Avant-Garde & Experimental,kissing,14
1987,Blues & Soul,man,59
1987,Blues & Soul,know,51
1987,Blues & Soul,one,49
1987,Blues & Soul,rock,42
1987,Blues & Soul,see,41
1987,Blues & Soul,much,38
1987,Blues & Soul,song,38
1987,Blues & Soul,would,33
1987,Blues & Soul,time,33
1987,Blues & Soul,let,31
1987,Blues & Soul,steady,30
1987,Blues & Soul,love,30
1987,Blues & Soul,think,29
1987,Blues & Soul,get,29
1987,Blues & Soul,come,29
1987,Blues & Soul,back,28
1987,Blues & Soul,knew,26
1987,Blues & Soul,say,25
1987,Blues & Soul,right,25
1987,Blues & Soul,take,23
1987,Blues & Soul,got,23
1987,Blues & Soul,didn,22
1987,Blues & Soul,upon,21
1987,Blues & Soul,eminem,20
1987,Blues & Soul,island,20
1987,Children's,love,7
1987,Children's,night,6
1987,Children's,machine,5
1987,Children's,last,4
1987,Children's,dance,4
1987,Children's,want,3
1987,Children's,walk,3
1987,Children's,used,3
1987,Children's,john,3
1987,Children's,jackson,3
1987,Children's,home,3
1987,Children's,green,3
1987,Children's,goulding,3
1987,Children's,florence,3
1987,Children's,ellie,3
1987,Children's,earth,3
1987,Children's,came,3
1987,Children's,bye,3
1987,Children's,beatles,3
1987,Children's,bayside,3
1987,Children's,azalea,2
1987,Children's,bad,2
1987,Children's,ben,2
1987,Children's,big,2
1987,Children's,ariana,2
1987,Christian,night,8
1987,Christian,morning,7
1987,Christian,lay,5
1987,Christian,away,5
1987,Christian,slept,5
1987,Christian,would,4
1987,Christian,forgot,4
1987,Christian,never,4
1987,Christian,one,3
1987,Christian,face,3
1987,Christian,whoa,3
1987,Christian,belonged,2
1987,Christian,goodbye,2
1987,Christian,got,2
1987,Christian,hurt,2
1987,Christian,time,2
1987,Christian,tomorrow,2
1987,Christian,understand,2
1987,Christian,want,2
1987,Christian,back,1
1987,Christian,across,1
1987,Christian,instead,1
1987,Christian,hurry,1
1987,Christian,hour,1
1987,Christian,hook,1
1987,Country & Folk,shelter,38
1987,Country & Folk,still,17
1987,Country & Folk,loving,15
1987,Country & Folk,let,13
1987,Country & Folk,ask,12
1987,Country & Folk,love,10
1987,Country & Folk,know,9
1987,Country & Folk,woman,8
1987,Country & Folk,river,8
1987,Country & Folk,lord,8
1987,Country & Folk,deep,8
1987,Country & Folk,time,6
1987,Country & Folk,stands,6
1987,Country & Folk,night,6
1987,Country & Folk,anymore,6
1987,Country & Folk,argue,6
1987,Country & Folk,coming,5
1987,Country & Folk,come,5
1987,Country & Folk,eyes,5
1987,Country & Folk,home,5
1987,Country & Folk,kind,5
1987,Country & Folk,see,5
1987,Country & Folk,waiting,5
1987,Country & Folk,think,5
1987,Country & Folk,turns,5
1987,Electronic,bloom,435
1987,Electronic,love,369
1987,Electronic,one,199
1987,Electronic,know,161
1987,Electronic,stephen,147
1987,Electronic,time,137
1987,Electronic,never,132
1987,Electronic,give,131
1987,Electronic,let,124
1987,Electronic,make,111
1987,Electronic,see,110
1987,Electronic,say,108
1987,Electronic,come,107
1987,Electronic,zoe,106
1987,Electronic,heart,100
1987,Electronic,back,100
1987,Electronic,hand,99
1987,Electronic,want,99
1987,Electronic,feel,91
1987,Electronic,eyes,90
1987,Electronic,little,89
1987,Electronic,got,88
1987,Electronic,head,87
1987,Electronic,man,82
1987,Electronic,get,79
1987,Hip Hop,tricky,43
1987,Hip Hop,love,24
1987,Hip Hop,rhyme,22
1987,Hip Hop,rock,22
1987,Hip Hop,time,19
1987,Hip Hop,said,17
1987,Hip Hop,cool,17
1987,Hip Hop,pump,16
1987,Hip Hop,need,16
1987,Hip Hop,girl,14
1987,Hip Hop,never,13
1987,Hip Hop,get,13
1987,Hip Hop,volume,13
1987,Hip Hop,wah,12
1987,Hip Hop,wipe,12
1987,Hip Hop,bad,11
1987,Hip Hop,right,11
1987,Hip Hop,make,11
1987,Hip Hop,know,11
1987,Hip Hop,see,11
1987,Hip Hop,got,10
1987,Hip Hop,wiping,9
1987,Hip Hop,put,9
1987,Hip Hop,think,8
1987,Hip Hop,take,8
1987,Jazz,love,118
1987,Jazz,stand,38
1987,Jazz,heart,37
1987,Jazz,know,36
1987,Jazz,want,35
1987,Jazz,time,33
1987,Jazz,jump,29
1987,Jazz,believe,28
1987,Jazz,never,28
1987,Jazz,need,28
1987,Jazz,lies,28
1987,Jazz,give,27
1987,Jazz,got,25
1987,Jazz,look,21
1987,Jazz,one,20
1987,Jazz,make,20
1987,Jazz,rain,19
1987,Jazz,fall,18
1987,Jazz,big,18
1987,Jazz,see,17
1987,Jazz,say,17
1987,Jazz,mistake,17
1987,Jazz,back,17
1987,Jazz,alone,17
1987,Jazz,takes,16
1987,Other,done,25
1987,Other,deserve,25
1987,Other,boardwalk,22
1987,Other,listen,20
1987,Other,get,19
1987,Other,love,15
1987,Other,every,15
1987,Other,respect,13
1987,Other,one,12
1987,Other,little,12
1987,Other,need,11
1987,Other,away,10
1987,Other,know,10
1987,Other,tennant,8
1987,Other,day,8
1987,Other,neil,8
1987,Other,sun,7
1987,Other,much,7
1987,Other,never,7
1987,Other,night,7
1987,Other,give,7
1987,Other,could,7
1987,Other,around,7
1987,Other,turns,6
1987,Other,thought,6
1987,Pop,labour,1926
1987,Pop,production,1015
1987,Pop,value,872
1987,Pop,capital,777
1987,Pop,one,498
1987,Pop,time,397
1987,Pop,form,386
1987,Pop,power,377
1987,Pop,means,354
1987,Pop,process,348
1987,Pop,capitalist,319
1987,Pop,social,283
1987,Pop,therefore,274
1987,Pop,surplus,272
1987,Pop,day,266
1987,Pop,use,258
1987,Pop,exchange,245
1987,Pop,working,244
1987,Pop,commodities,244
1987,Pop,money,237
1987,Pop,love,231
1987,Pop,society,226
1987,Pop,work,224
1987,Pop,conditions,211
1987,Pop,product,200
1987,R&B & Funk,love,180
1987,R&B & Funk,got,94
1987,R&B & Funk,one,91
1987,R&B & Funk,wanna,78
1987,R&B & Funk,time,74
1987,R&B & Funk,know,71
1987,R&B & Funk,get,56
1987,R&B & Funk,let,54
1987,R&B & Funk,man,54
1987,R&B & Funk,back,52
1987,R&B & Funk,dear,47
1987,R&B & Funk,would,46
1987,R&B & Funk,wants,45
1987,R&B & Funk,somebody,45
1987,R&B & Funk,body,44
1987,R&B & Funk,way,44
1987,R&B & Funk,shakes,42
1987,R&B & Funk,girl,41
1987,R&B & Funk,show,41
1987,R&B & Funk,stop,41
1987,R&B & Funk,look,41
1987,R&B & Funk,never,40
1987,R&B & Funk,say,40
1987,R&B & Funk,day,40
1987,R&B & Funk,make,36
1987,Rock,love,535
1987,Rock,know,281
1987,Rock,come,196
1987,Rock,let,194
1987,Rock,night,172
1987,Rock,tonight,169
1987,Rock,want,167
1987,Rock,way,165
1987,Rock,time,165
1987,Rock,got,159
1987,Rock,get,153
1987,Rock,say,151
1987,Rock,one,149
1987,Rock,make,142
1987,Rock,see,135
1987,Rock,never,131
1987,Rock,feel,126
1987,Rock,dance,125
1987,Rock,take,122
1987,Rock,back,120
1987,Rock,away,120
1987,Rock,day,118
1987,Rock,need,110
1987,Rock,tell,110
1987,Rock,right,108
1988,Avant-Garde & Experimental,day,64
1988,Avant-Garde & Experimental,love,34
1988,Avant-Garde & Experimental,always,16
1988,Avant-Garde & Experimental,got,16
1988,Avant-Garde & Experimental,one,14
1988,Avant-Garde & Experimental,watch,13
1988,Avant-Garde & Experimental,mind,12
1988,Avant-Garde & Experimental,looking,12
1988,Avant-Garde & Experimental,get,11
1988,Avant-Garde & Experimental,fall,11
1988,Avant-Garde & Experimental,sin,11
1988,Avant-Garde & Experimental,neil,11
1988,Avant-Garde & Experimental,voice,11
1988,Avant-Garde & Experimental,tennant,11
1988,Avant-Garde & Experimental,fashion,10
1988,Avant-Garde & Experimental,ever,10
1988,Avant-Garde & Experimental,domino,10
1988,Avant-Garde & Experimental,didn,10
1988,Avant-Garde & Experimental,dancing,10
1988,Avant-Garde & Experimental,everything,9
1988,Avant-Garde & Experimental,want,9
1988,Avant-Garde & Experimental,maybe,8
1988,Avant-Garde & Experimental,boom,8
1988,Avant-Garde & Experimental,right,7
1988,Avant-Garde & Experimental,every,7
1988,Blues & Soul,ooo,25
1988,Blues & Soul,joy,23
1988,Blues & Soul,much,22
1988,Blues & Soul,help,20
1988,Blues & Soul,tell,19
1988,Blues & Soul,wait,17
1988,Blues & Soul,falling,14
1988,Blues & Soul,afraid,14
1988,Blues & Soul,dark,14
1988,Blues & Soul,got,13
1988,Blues & Soul,right,12
1988,Blues & Soul,night,12
1988,Blues & Soul,arms,11
1988,Blues & Soul,love,11
1988,Blues & Soul,sweet,10
1988,Blues & Soul,something,10
1988,Blues & Soul,hold,10
1988,Blues & Soul,another,9
1988,Blues & Soul,lazy,9
1988,Blues & Soul,spend,9
1988,Blues & Soul,thing,8
1988,Blues & Soul,know,8
1988,Blues & Soul,life,8
1988,Blues & Soul,give,8
1988,Blues & Soul,never,7
1988,Children's,fab,15
1988,Children's,love,8
1988,Children's,night,7
1988,Children's,time,6
1988,Children's,long,6
1988,Children's,ago,6
1988,Children's,machine,5
1988,Children's,take,5
1988,Children's,last,4
1988,Children's,green,4
1988,Children's,dance,4
1988,Children's,want,3
1988,Children's,walk,3
1988,Children's,used,3
1988,Children's,john,3
1988,Children's,jackson,3
1988,Children's,home,3
1988,Children's,goulding,3
1988,Children's,florence,3
1988,Children's,ellie,3
1988,Children's,earth,3
1988,Children's,come,3
1988,Children's,came,3
1988,Children's,bye,3
1988,Children's,beatles,3
1988,Christian,lead,25
1988,Christian,seeking,5
1988,Christian,runs,4
1988,Christian,river,4
1988,Christian,place,4
1988,Christian,comforts,4
1988,Christian,awaited,4
1988,Christian,keeping,4
1988,Christian,deliverance,4
1988,Christian,time,3
1988,Christian,hook,3
1988,Christian,man,2
1988,Christian,singing,2
1988,Christian,sun,2
1988,Christian,anger,1
1988,Christian,door,1
1988,Christian,done,1
1988,Christian,day,1
1988,Christian,dark,1
1988,Christian,cryin,1
1988,Christian,comfort,1
1988,Christian,cold,1
1988,Christian,clay,1
1988,Christian,choosing,1
1988,Christian,chambers,1
1988,Country & Folk,got,14
1988,Country & Folk,know,14
1988,Country & Folk,love,13
1988,Country & Folk,hold,13
1988,Country & Folk,fast,12
1988,Country & Folk,come,12
1988,Country & Folk,che,11
1988,Country & Folk,little,11
1988,Country & Folk,non,10
1988,Country & Folk,get,10
1988,Country & Folk,car,10
1988,Country & Folk,better,9
1988,Country & Folk,someone,9
1988,Country & Folk,see,9
1988,Country & Folk,put,8
1988,Country & Folk,heart,8
1988,Country & Folk,world,7
1988,Country & Folk,sono,7
1988,Country & Folk,per,7
1988,Country & Folk,place,7
1988,Country & Folk,never,7
1988,Country & Folk,maybe,7
1988,Country & Folk,driving,7
1988,Country & Folk,words,6
1988,Country & Folk,right,6
1988,Electronic,bloom,434
1988,Electronic,love,383
1988,Electronic,never,226
1988,Electronic,know,201
1988,Electronic,one,166
1988,Electronic,let,155
1988,Electronic,say,154
1988,Electronic,stephen,147
1988,Electronic,get,129
1988,Electronic,want,120
1988,Electronic,come,115
1988,Electronic,time,113
1988,Electronic,see,113
1988,Electronic,zoe,106
1988,Electronic,hand,105
1988,Electronic,back,99
1988,Electronic,man,97
1988,Electronic,give,96
1988,Electronic,heart,92
1988,Electronic,rain,89
1988,Electronic,eyes,80
1988,Electronic,away,79
1988,Electronic,night,78
1988,Electronic,feel,77
1988,Electronic,right,77
1988,Hip Hop,wild,164
1988,Hip Hop,signed,83
1988,Hip Hop,west,75
1988,Hip Hop,make,52
1988,Hip Hop,said,51
1988,Hip Hop,two,46
1988,Hip Hop,black,43
1988,Hip Hop,get,42
1988,Hip Hop,takes,39
1988,Hip Hop,mary,39
1988,Hip Hop,man,39
1988,Hip Hop,got,39
1988,Hip Hop,twist,38
1988,Hip Hop,one,34
1988,Hip Hop,big,34
1988,Hip Hop,thing,32
1988,Hip Hop,come,30
1988,Hip Hop,let,27
1988,Hip Hop,vol,26
1988,Hip Hop,rock,25
1988,Hip Hop,brother,23
1988,Hip Hop,know,23
1988,Hip Hop,world,23
1988,Hip Hop,girl,21
1988,Hip Hop,hell,21
1988,Jazz,love,90
1988,Jazz,want,40
1988,Jazz,talk,38
1988,Jazz,never,36
1988,Jazz,good,31
1988,Jazz,heart,31
1988,Jazz,one,31
1988,Jazz,time,31
1988,Jazz,live,27
1988,Jazz,without,26
1988,Jazz,away,26
1988,Jazz,make,25
1988,Jazz,lost,25
1988,Jazz,lover,24
1988,Jazz,let,24
1988,Jazz,forever,24
1988,Jazz,look,23
1988,Jazz,know,23
1988,Jazz,new,22
1988,Jazz,day,20
1988,Jazz,see,19
1988,Jazz,think,19
1988,Jazz,young,18
1988,Jazz,mine,17
1988,Jazz,way,17
1988,Latin,love,20
1988,Latin,every,10
1988,Latin,let,9
1988,Latin,til,5
1988,Latin,world,3
1988,Latin,say,3
1988,Latin,people,3
1988,Latin,heart,2
1988,Latin,mountain,2
1988,Latin,pain,2
1988,Latin,reach,2
1988,Latin,sees,2
1988,Latin,shine,2
1988,Latin,soul,2
1988,Latin,steeple,2
1988,Latin,throughout,2
1988,Latin,top,2
1988,Latin,true,2
1988,Latin,anyone,2
1988,Latin,disenfranchised,2
1988,Latin,felt,2
1988,Latin,present,2
1988,Latin,child,1
1988,Latin,ceased,1
1988,Latin,ask,1
1988,Other,love,53
1988,Other,way,29
1988,Other,done,26
1988,Other,deserve,25
1988,Other,lighten,24
1988,Other,day,21
1988,Other,walk,21
1988,Other,get,20
1988,Other,look,18
1988,Other,know,17
1988,Other,night,16
1988,Other,never,16
1988,Other,one,16
1988,Other,let,16
1988,Other,left,14
1988,Other,every,14
1988,Other,could,13
1988,Other,see,13
1988,Other,right,13
1988,Other,need,13
1988,Other,say,12
1988,Other,middle,12
1988,Other,heart,12
1988,Other,around,12
1988,Other,girl,11
1988,Pop,love,317
1988,Pop,know,172
1988,Pop,girl,148
1988,Pop,tell,121
1988,Pop,got,118
1988,Pop,want,110
1988,Pop,heart,106
1988,Pop,make,91
1988,Pop,feel,90
1988,Pop,fat,75
1988,Pop,get,74
1988,Pop,way,68
1988,Pop,time,68
1988,Pop,one,65
1988,Pop,really,64
1988,Pop,see,64
1988,Pop,need,62
1988,Pop,never,62
1988,Pop,say,61
1988,Pop,right,60
1988,Pop,something,59
1988,Pop,ain,56
1988,Pop,give,55
1988,Pop,push,54
1988,Pop,away,54
1988,R&B & Funk,love,78
1988,R&B & Funk,know,70
1988,R&B & Funk,got,55
1988,R&B & Funk,tell,50
1988,R&B & Funk,wanna,47
1988,R&B & Funk,get,43
1988,R&B & Funk,heart,41
1988,R&B & Funk,one,35
1988,R&B & Funk,thing,35
1988,R&B & Funk,feel,34
1988,R&B & Funk,ready,33
1988,R&B & Funk,right,33
1988,R&B & Funk,man,32
1988,R&B & Funk,gettin,32
1988,R&B & Funk,dial,32
1988,R&B & Funk,hot,31
1988,R&B & Funk,night,31
1988,R&B & Funk,look,29
1988,R&B & Funk,let,27
1988,R&B & Funk,girl,27
1988,R&B & Funk,going,25
1988,R&B & Funk,think,23
1988,R&B & Funk,make,23
1988,R&B & Funk,day,23
1988,R&B & Funk,fishnet,23
1988,Reggae,red,68
1988,Reggae,wine,35
1988,Reggae,tomorrow,27
1988,Reggae,people,21
1988,Reggae,make,20
1988,Reggae,feel,18
1988,Reggae,know,17
1988,Reggae,time,14
1988,Reggae,past,14
1988,Reggae,heart,10
1988,Reggae,fine,10
1988,Reggae,love,9
1988,Reggae,bad,9
1988,Reggae,give,8
1988,Reggae,long,8
1988,Reggae,lot,8
1988,Reggae,last,7
1988,Reggae,leave,7
1988,Reggae,wanna,6
1988,Reggae,stay,6
1988,Reggae,pon,6
1988,Reggae,monkey,6
1988,Reggae,line,6
1988,Reggae,little,6
1988,Reggae,girl,6
1988,Rock,love,550
1988,Rock,know,300
1988,Rock,time,194
1988,Rock,come,161
1988,Rock,got,154
1988,Rock,never,147
1988,Rock,want,144
1988,Rock,one,141
1988,Rock,heart,139
1988,Rock,night,134
1988,Rock,get,128
1988,Rock,way,124
1988,Rock,world,123
1988,Rock,say,119
1988,Rock,feel,116
1988,Rock,let,112
1988,Rock,need,102
1988,Rock,life,99
1988,Rock,see,97
1988,Rock,tell,94
1988,Rock,feat,93
1988,Rock,away,84
1988,Rock,wanna,83
1988,Rock,tonight,83
1988,Rock,take,81
1989,Avant-Garde & Experimental,day,67
1989,Avant-Garde & Experimental,daddy,35
1989,Avant-Garde & Experimental,tennant,28
1989,Avant-Garde & Experimental,neil,28
1989,Avant-Garde & Experimental,sugar,18
1989,Avant-Garde & Experimental,would,18
1989,Avant-Garde & Experimental,could,16
1989,Avant-Garde & Experimental,veronica,16
1989,Avant-Garde & Experimental,devices,15
1989,Avant-Garde & Experimental,left,15
1989,Avant-Garde & Experimental,probably,14
1989,Avant-Garde & Experimental,say,12
1989,Avant-Garde & Experimental,make,12
1989,Avant-Garde & Experimental,working,11
1989,Avant-Garde & Experimental,well,11
1989,Avant-Garde & Experimental,watch,11
1989,Avant-Garde & Experimental,voice,10
1989,Avant-Garde & Experimental,know,10
1989,Avant-Garde & Experimental,fashion,10
1989,Avant-Garde & Experimental,fall,10
1989,Avant-Garde & Experimental,domino,10
1989,Avant-Garde & Experimental,dancing,10
1989,Avant-Garde & Experimental,love,9
1989,Avant-Garde & Experimental,interlude,9
1989,Avant-Garde & Experimental,give,8
1989,Blues & Soul,stop,31
1989,Blues & Soul,one,29
1989,Blues & Soul,keep,26
1989,Blues & Soul,moving,24
1989,Blues & Soul,love,21
1989,Blues & Soul,time,20
1989,Blues & Soul,know,18
1989,Blues & Soul,never,17
1989,Blues & Soul,life,14
1989,Blues & Soul,better,14
1989,Blues & Soul,day,14
1989,Blues & Soul,way,11
1989,Blues & Soul,get,10
1989,Blues & Soul,come,10
1989,Blues & Soul,temptation,9
1989,Blues & Soul,got,9
1989,Blues & Soul,van,7
1989,Blues & Soul,morrison,7
1989,Blues & Soul,twenty,6
1989,Blues & Soul,thing,6
1989,Blues & Soul,stay,6
1989,Blues & Soul,see,6
1989,Blues & Soul,pilots,6
1989,Blues & Soul,girl,6
1989,Blues & Soul,find,6
1989,Children's,always,8
1989,Children's,love,8
1989,Children's,whenever,6
1989,Children's,make,6
1989,Children's,alone,6
1989,Children's,feel,6
1989,Children's,however,4
1989,Children's,say,2
1989,Children's,away,2
1989,Children's,far,2
1989,Children's,stay,2
1989,Children's,whatever,2
1989,Children's,words,2
1989,Children's,long,2
1989,Children's,home,1
1989,Children's,fun,1
1989,Children's,free,1
1989,Children's,fly,1
1989,Children's,clean,1
1989,Children's,young,1
1989,Children's,whole,1
1989,Children's,moon,1
1989,Country & Folk,know,19
1989,Country & Folk,love,14
1989,Country & Folk,see,14
1989,Country & Folk,say,12
1989,Country & Folk,went,10
1989,Country & Folk,way,10
1989,Country & Folk,shouldn,10
1989,Country & Folk,save,10
1989,Country & Folk,get,10
1989,Country & Folk,eyes,10
1989,Country & Folk,come,10
1989,Country & Folk,close,10
1989,Country & Folk,tell,9
1989,Country & Folk,right,9
1989,Country & Folk,heart,9
1989,Country & Folk,bother,9
1989,Country & Folk,best,8
1989,Country & Folk,little,8
1989,Country & Folk,put,8
1989,Country & Folk,world,7
1989,Country & Folk,wait,7
1989,Country & Folk,want,7
1989,Country & Folk,soul,7
1989,Country & Folk,mean,7
1989,Country & Folk,keep,7
1989,Electronic,love,348
1989,Electronic,know,212
1989,Electronic,one,129
1989,Electronic,want,108
1989,Electronic,let,101
1989,Electronic,make,95
1989,Electronic,feel,91
1989,Electronic,need,90
1989,Electronic,come,85
1989,Electronic,girl,79
1989,Electronic,get,77
1989,Electronic,eyes,73
1989,Electronic,never,73
1989,Electronic,time,72
1989,Electronic,give,71
1989,Electronic,good,68
1989,Electronic,see,65
1989,Electronic,got,64
1989,Electronic,wants,63
1989,Electronic,heart,63
1989,Electronic,wanna,61
1989,Electronic,right,61
1989,Electronic,way,60
1989,Electronic,tell,57
1989,Electronic,take,56
1989,Hip Hop,said,45
1989,Hip Hop,guy,42
1989,Hip Hop,type,38
1989,Hip Hop,get,29
1989,Hip Hop,got,25
1989,Hip Hop,know,23
1989,Hip Hop,girl,21
1989,Hip Hop,prince,20
1989,Hip Hop,posse,19
1989,Hip Hop,thing,18
1989,Hip Hop,man,18
1989,Hip Hop,mike,16
1989,Hip Hop,boy,15
1989,Hip Hop,cold,15
1989,Hip Hop,wild,14
1989,Hip Hop,time,14
1989,Hip Hop,took,13
1989,Hip Hop,ain,13
1989,Hip Hop,little,12
1989,Hip Hop,let,12
1989,Hip Hop,medina,11
1989,Hip Hop,tyson,11
1989,Hip Hop,say,10
1989,Hip Hop,next,10
1989,Hip Hop,fresh,10
1989,Jazz,talk,46
1989,Jazz,love,42
1989,Jazz,live,35
1989,Jazz,know,34
1989,Jazz,look,31
1989,Jazz,night,30
1989,Jazz,good,28
1989,Jazz,way,28
1989,Jazz,groove,26
1989,Jazz,forever,25
1989,Jazz,see,24
1989,Jazz,young,23
1989,Jazz,lover,23
1989,Jazz,away,23
1989,Jazz,one,22
1989,Jazz,time,21
1989,Jazz,radio,21
1989,Jazz,every,21
1989,Jazz,day,21
1989,Jazz,let,20
1989,Jazz,new,19
1989,Jazz,crazy,19
1989,Jazz,got,18
1989,Jazz,want,18
1989,Jazz,wanna,17
1989,Other,sail,83
1989,Other,away,67
1989,Other,love,42
1989,Other,billy,31
1989,Other,day,29
1989,Other,1972,26
1989,Other,got,26
1989,Other,way,25
1989,Other,1973,24
1989,Other,1970,24
1989,Other,1969,23
1989,Other,1971,22
1989,Other,1968,22
1989,Other,know,21
1989,Other,1967,19
1989,Other,1977,19
1989,Other,1975,18
1989,Other,john,18
1989,Other,never,17
1989,Other,bob,17
1989,Other,1978,17
1989,Other,1965,16
1989,Other,1994,16
1989,Other,let,16
1989,Other,want,16
1989,Pop,love,442
1989,Pop,xa0xa0xa0xa0xa0xa0xa0xa0,385
1989,Pop,thou,365
1989,Pop,said,326
1989,Pop,thee,313
1989,Pop,king,280
1989,Pop,night,266
1989,Pop,know,258
1989,Pop,heart,222
1989,Pop,thy,221
1989,Pop,one,212
1989,Pop,say,206
1989,Pop,kamar,198
1989,Pop,zaman,195
1989,Pop,day,191
1989,Pop,allah,173
1989,Pop,upon,166
1989,Pop,time,162
1989,Pop,till,160
1989,Pop,hath,159
1989,Pop,make,154
1989,Pop,two,144
1989,Pop,never,136
1989,Pop,tell,131
1989,Pop,son,130
1989,R&B & Funk,bateman,794
1989,R&B & Funk,love,152
1989,R&B & Funk,know,134
1989,R&B & Funk,kimball,121
1989,R&B & Funk,jean,105
1989,R&B & Funk,price,97
1989,R&B & Funk,one,94
1989,R&B & Funk,rap,87
1989,R&B & Funk,get,85
1989,R&B & Funk,owen,82
1989,R&B & Funk,want,79
1989,R&B & Funk,think,76
1989,R&B & Funk,away,75
1989,R&B & Funk,christie,73
1989,R&B & Funk,mcdermott,73
1989,R&B & Funk,back,71
1989,R&B & Funk,courtney,70
1989,R&B & Funk,right,67
1989,R&B & Funk,really,57
1989,R&B & Funk,patrick,57
1989,R&B & Funk,got,57
1989,R&B & Funk,come,56
1989,R&B & Funk,evelyn,54
1989,R&B & Funk,girl,54
1989,R&B & Funk,man,54
1989,Reggae,red,68
1989,Reggae,wine,35
1989,Reggae,woogie,24
1989,Reggae,electric,21
1989,Reggae,make,20
1989,Reggae,feel,19
1989,Reggae,boogie,15
1989,Reggae,time,14
1989,Reggae,fine,10
1989,Reggae,bad,9
1989,Reggae,know,9
1989,Reggae,wanna,8
1989,Reggae,teach,8
1989,Reggae,lot,8
1989,Reggae,give,8
1989,Reggae,heart,8
1989,Reggae,leave,7
1989,Reggae,let,7
1989,Reggae,love,7
1989,Reggae,blue,6
1989,Reggae,girl,6
1989,Reggae,got,6
1989,Reggae,head,6
1989,Reggae,line,6
1989,Reggae,little,6
1989,Rock,love,453
1989,Rock,know,257
1989,Rock,got,220
1989,Rock,one,187
1989,Rock,take,177
1989,Rock,want,173
1989,Rock,never,168
1989,Rock,see,156
1989,Rock,let,150
1989,Rock,way,149
1989,Rock,say,141
1989,Rock,time,138
1989,Rock,heart,137
1989,Rock,won,136
1989,Rock,get,135
1989,Rock,come,126
1989,Rock,right,124
1989,Rock,tell,124
1989,Rock,back,109
1989,Rock,need,97
1989,Rock,little,94
1989,Rock,feel,92
1989,Rock,wanna,91
1989,Rock,night,88
1989,Rock,make,87
1990,Avant-Garde & Experimental,hard,18
1990,Avant-Garde & Experimental,make,14
1990,Avant-Garde & Experimental,heart,10
1990,Avant-Garde & Experimental,wheel,10
1990,Avant-Garde & Experimental,hearts,8
1990,Avant-Garde & Experimental,break,8
1990,Avant-Garde & Experimental,try,7
1990,Avant-Garde & Experimental,real,6
1990,Avant-Garde & Experimental,turning,6
1990,Avant-Garde & Experimental,time,5
1990,Avant-Garde & Experimental,tell,5
1990,Avant-Garde & Experimental,away,5
1990,Avant-Garde & Experimental,anything,5
1990,Avant-Garde & Experimental,beating,4
1990,Avant-Garde & Experimental,colder,4
1990,Avant-Garde & Experimental,changing,4
1990,Avant-Garde & Experimental,steel,4
1990,Avant-Garde & Experimental,anymore,2
1990,Avant-Garde & Experimental,free,2
1990,Avant-Garde & Experimental,give,2
1990,Avant-Garde & Experimental,keep,2
1990,Avant-Garde & Experimental,say,2
1990,Avant-Garde & Experimental,world,2
1990,Avant-Garde & Experimental,anger,1
1990,Avant-Garde & Experimental,always,1
1990,Blues & Soul,see,43
1990,Blues & Soul,time,35
1990,Blues & Soul,right,32
1990,Blues & Soul,let,27
1990,Blues & Soul,never,23
1990,Blues & Soul,meaning,22
1990,Blues & Soul,innocent,21
1990,Blues & Soul,life,21
1990,Blues & Soul,love,21
1990,Blues & Soul,enough,19
1990,Blues & Soul,dream,18
1990,Blues & Soul,know,18
1990,Blues & Soul,one,18
1990,Blues & Soul,tick,18
1990,Blues & Soul,tock,18
1990,Blues & Soul,come,14
1990,Blues & Soul,people,13
1990,Blues & Soul,star,12
1990,Blues & Soul,mind,12
1990,Blues & Soul,girl,12
1990,Blues & Soul,deny,12
1990,Blues & Soul,believe,12
1990,Blues & Soul,got,11
1990,Blues & Soul,much,10
1990,Blues & Soul,lover,10
1990,Children's,rain,26
1990,Children's,would,12
1990,Children's,wish,12
1990,Children's,know,10
1990,Children's,let,9
1990,Children's,yes,6
1990,Children's,never,4
1990,Children's,meant,3
1990,Children's,eating,2
1990,Children's,pain,2
1990,Children's,heart,1
1990,Children's,hanging,1
1990,Children's,guess,1
1990,Children's,gone,1
1990,Children's,friend,1
1990,Children's,every,1
1990,Children's,didn,1
1990,Children's,day,1
1990,Children's,bridge,1
1990,Children's,passed,1
1990,Children's,outro,1
1990,Children's,night,1
1990,Children's,need,1
1990,Children's,mine,1
1990,Children's,looks,1
1990,Country & Folk,nothing,14
1990,Country & Folk,compares,10
1990,Country & Folk,said,5
1990,Country & Folk,clothes,5
1990,Country & Folk,new,4
1990,Country & Folk,mean,4
1990,Country & Folk,know,4
1990,Country & Folk,emperor,4
1990,Country & Folk,away,4
1990,Country & Folk,since,4
1990,Country & Folk,see,4
1990,Country & Folk,wrong,3
1990,Country & Folk,without,3
1990,Country & Folk,want,3
1990,Country & Folk,told,3
1990,Country & Folk,sleep,3
1990,Country & Folk,really,3
1990,Country & Folk,could,2
1990,Country & Folk,always,2
1990,Country & Folk,love,2
1990,Country & Folk,maybe,2
1990,Country & Folk,one,2
1990,Country & Folk,another,2
1990,Country & Folk,asked,2
1990,Country & Folk,think,2
1990,Electronic,love,407
1990,Electronic,said,374
1990,Electronic,one,262
1990,Electronic,know,254
1990,Electronic,upon,217
1990,Electronic,time,207
1990,Electronic,heart,201
1990,Electronic,get,195
1990,Electronic,make,191
1990,Electronic,never,178
1990,Electronic,little,169
1990,Electronic,could,166
1990,Electronic,way,153
1990,Electronic,would,151
1990,Electronic,feel,150
1990,Electronic,got,150
1990,Electronic,let,140
1990,Electronic,see,137
1990,Electronic,world,136
1990,Electronic,come,130
1990,Electronic,every,127
1990,Electronic,man,124
1990,Electronic,two,123
1990,Electronic,take,112
1990,Electronic,need,111
1990,Hip Hop,featuring,105
1990,Hip Hop,jam,72
1990,Hip Hop,boy,70
1990,Hip Hop,get,68
1990,Hip Hop,def,65
1990,Hip Hop,funky,63
1990,Hip Hop,ice,59
1990,Hip Hop,got,59
1990,Hip Hop,ghetto,52
1990,Hip Hop,rap,50
1990,Hip Hop,humpty,49
1990,Hip Hop,say,46
1990,Hip Hop,come,46
1990,Hip Hop,hump,43
1990,Hip Hop,play,42
1990,Hip Hop,rock,40
1990,Hip Hop,know,39
1990,Hip Hop,jive,37
1990,Hip Hop,beat,37
1990,Hip Hop,big,35
1990,Hip Hop,way,34
1990,Hip Hop,sugarhill,34
1990,Hip Hop,one,34
1990,Hip Hop,groove,34
1990,Hip Hop,fresh,33
1990,Jazz,live,36
1990,Jazz,love,35
1990,Jazz,groove,26
1990,Jazz,fuck,25
1990,Jazz,heart,25
1990,Jazz,make,25
1990,Jazz,time,24
1990,Jazz,let,24
1990,Jazz,shit,22
1990,Jazz,good,21
1990,Jazz,know,21
1990,Jazz,see,21
1990,Jazz,long,20
1990,Jazz,way,19
1990,Jazz,feel,18
1990,Jazz,back,17
1990,Jazz,never,16
1990,Jazz,want,15
1990,Jazz,friends,15
1990,Jazz,lovers,15
1990,Jazz,night,14
1990,Jazz,georgia,13
1990,Jazz,every,12
1990,Jazz,kick,12
1990,Jazz,take,12
1990,Latin,two,16
1990,Latin,one,16
1990,Latin,junior,16
1990,Latin,know,14
1990,Latin,uhh,14
1990,Latin,step,9
1990,Latin,realms,9
1990,Latin,lil,8
1990,Latin,rock,8
1990,Latin,jamal,7
1990,Latin,rocked,6
1990,Latin,got,5
1990,Latin,bitch,5
1990,Latin,fuck,4
1990,Latin,vec,3
1990,Latin,still,3
1990,Latin,shit,3
1990,Latin,notorious,3
1990,Latin,niggas,3
1990,Latin,del,3
1990,Latin,cha,3
1990,Latin,cease,3
1990,Latin,bitches,3
1990,Latin,back,2
1990,Latin,blunts,2
1990,Other,love,73
1990,Other,pray,43
1990,Other,seen,36
1990,Other,light,33
1990,Other,got,30
1990,Other,know,30
1990,Other,livin,30
1990,Other,won,26
1990,Other,one,25
1990,Other,lil,24
1990,Other,want,23
1990,Other,word,23
1990,Other,need,21
1990,Other,tell,21
1990,Other,make,19
1990,Other,survive,19
1990,Other,get,18
1990,Other,night,18
1990,Other,time,18
1990,Other,talk,15
1990,Other,girl,14
1990,Other,girls,14
1990,Other,heart,14
1990,Other,remix,14
1990,Other,say,14
1990,Pop,love,406
1990,Pop,xa0xa0xa0xa0xa0xa0xa0xa0,385
1990,Pop,thou,365
1990,Pop,said,341
1990,Pop,thee,313
1990,Pop,king,287
1990,Pop,night,278
1990,Pop,one,244
1990,Pop,day,237
1990,Pop,know,232
1990,Pop,thy,221
1990,Pop,heart,218
1990,Pop,say,216
1990,Pop,kamar,198
1990,Pop,zaman,195
1990,Pop,time,190
1990,Pop,allah,173
1990,Pop,let,172
1990,Pop,never,168
1990,Pop,till,163
1990,Pop,upon,161
1990,Pop,hath,159
1990,Pop,come,158
1990,Pop,two,156
1990,Pop,girl,141
1990,R&B & Funk,bateman,794
1990,R&B & Funk,know,149
1990,R&B & Funk,love,145
1990,R&B & Funk,kimball,121
1990,R&B & Funk,jean,105
1990,R&B & Funk,price,95
1990,R&B & Funk,man,94
1990,R&B & Funk,get,87
1990,R&B & Funk,want,87
1990,R&B & Funk,got,83
1990,R&B & Funk,owen,82
1990,R&B & Funk,need,80
1990,R&B & Funk,mcdermott,73
1990,R&B & Funk,christie,73
1990,R&B & Funk,right,71
1990,R&B & Funk,courtney,70
1990,R&B & Funk,think,69
1990,R&B & Funk,let,68
1990,R&B & Funk,one,59
1990,R&B & Funk,really,58
1990,R&B & Funk,time,58
1990,R&B & Funk,patrick,57
1990,R&B & Funk,evelyn,54
1990,R&B & Funk,back,54
1990,R&B & Funk,night,53
1990,Reggae,way,26
1990,Reggae,woogie,24
1990,Reggae,things,22
1990,Reggae,free,21
1990,Reggae,know,21
1990,Reggae,electric,21
1990,Reggae,wanna,19
1990,Reggae,love,18
1990,Reggae,could,18
1990,Reggae,close,17
1990,Reggae,say,16
1990,Reggae,want,15
1990,Reggae,boogie,15
1990,Reggae,time,13
1990,Reggae,feel,11
1990,Reggae,old,10
1990,Reggae,hold,9
1990,Reggae,sweet,8
1990,Reggae,teach,8
1990,Reggae,life,8
1990,Reggae,got,7
1990,Reggae,hear,6
1990,Reggae,show,6
1990,Reggae,wanted,6
1990,Reggae,heart,5
1990,Rock,love,412
1990,Rock,know,216
1990,Rock,got,185
1990,Rock,heart,151
1990,Rock,take,128
1990,Rock,way,128
1990,Rock,want,127
1990,Rock,chain,127
1990,Rock,time,126
1990,Rock,away,118
1990,Rock,see,117
1990,Rock,never,114
1990,Rock,let,114
1990,Rock,say,109
1990,Rock,girl,109
1990,Rock,one,107
1990,Rock,give,104
1990,Rock,night,102
1990,Rock,back,99
1990,Rock,wanna,95
1990,Rock,come,94
1990,Rock,didn,93
1990,Rock,world,93
1990,Rock,tell,91
1990,Rock,day,90
1991,Avant-Garde & Experimental,seriously,17
1991,Avant-Garde & Experimental,tell,9
1991,Avant-Garde & Experimental,see,8
1991,Avant-Garde & Experimental,expect,7
1991,Avant-Garde & Experimental,taken,7
1991,Avant-Garde & Experimental,proud,6
1991,Avant-Garde & Experimental,cry,6
1991,Avant-Garde & Experimental,lights,6
1991,Avant-Garde & Experimental,summer,3
1991,Avant-Garde & Experimental,shout,3
1991,Avant-Garde & Experimental,pre,3
1991,Avant-Garde & Experimental,post,3
1991,Avant-Garde & Experimental,love,3
1991,Avant-Garde & Experimental,live,3
1991,Avant-Garde & Experimental,gone,3
1991,Avant-Garde & Experimental,front,3
1991,Avant-Garde & Experimental,everyone,3
1991,Avant-Garde & Experimental,every,3
1991,Avant-Garde & Experimental,shine,3
1991,Avant-Garde & Experimental,fame,2
1991,Avant-Garde & Experimental,forgive,2
1991,Avant-Garde & Experimental,got,2
1991,Avant-Garde & Experimental,inside,2
1991,Avant-Garde & Experimental,within,2
1991,Avant-Garde & Experimental,lies,2
1991,Blues & Soul,love,29
1991,Blues & Soul,give,27
1991,Blues & Soul,would,21
1991,Blues & Soul,loved,20
1991,Blues & Soul,yes,20
1991,Blues & Soul,crazy,18
1991,Blues & Soul,never,16
1991,Blues & Soul,got,15
1991,Blues & Soul,change,12
1991,Blues & Soul,want,11
1991,Blues & Soul,little,11
1991,Blues & Soul,know,11
1991,Blues & Soul,unless,10
1991,Blues & Soul,survive,10
1991,Blues & Soul,wouldn,9
1991,Blues & Soul,good,9
1991,Blues & Soul,get,9
1991,Blues & Soul,cos,9
1991,Blues & Soul,double,8
1991,Blues & Soul,share,8
1991,Blues & Soul,true,8
1991,Blues & Soul,wonderful,8
1991,Blues & Soul,night,7
1991,Blues & Soul,something,7
1991,Blues & Soul,started,7
1991,Children's,cry,18
1991,Children's,tonight,13
1991,Children's,please,4
1991,Children's,heaven,3
1991,Children's,give,3
1991,Children's,inside,3
1991,Children's,know,2
1991,Children's,still,2
1991,Children's,take,2
1991,Children's,ever,2
1991,Children's,feel,2
1991,Children's,remember,2
1991,Children's,something,2
1991,Children's,come,1
1991,Children's,changing,1
1991,Children's,better,1
1991,Children's,bad,1
1991,Children's,alright,1
1991,Children's,make,1
1991,Children's,love,1
1991,Children's,light,1
1991,Children's,lied,1
1991,Children's,kiss,1
1991,Children's,honey,1
1991,Children's,head,1
1991,Christian,love,22
1991,Christian,every,21
1991,Christian,night,18
1991,Christian,world,18
1991,Christian,heartbeat,15
1991,Christian,place,14
1991,Christian,somewhere,12
1991,Christian,find,9
1991,Christian,name,8
1991,Christian,claim,7
1991,Christian,clear,7
1991,Christian,bears,7
1991,Christian,belongs,7
1991,Christian,light,7
1991,Christian,loud,7
1991,Christian,stake,7
1991,Christian,true,7
1991,Christian,give,6
1991,Christian,help,6
1991,Christian,tell,5
1991,Christian,standing,5
1991,Christian,day,5
1991,Christian,heart,4
1991,Christian,hear,4
1991,Christian,looking,4
1991,Electronic,love,252
1991,Electronic,captain,224
1991,Electronic,delano,205
1991,Electronic,one,202
1991,Electronic,know,176
1991,Electronic,benito,167
1991,Electronic,make,158
1991,Electronic,get,158
1991,Electronic,let,145
1991,Electronic,time,140
1991,Electronic,come,134
1991,Electronic,man,122
1991,Electronic,never,116
1991,Electronic,ship,109
1991,Electronic,give,107
1991,Electronic,upon,98
1991,Electronic,negro,98
1991,Electronic,could,96
1991,Electronic,day,89
1991,Electronic,long,88
1991,Electronic,see,86
1991,Electronic,would,83
1991,Electronic,babo,81
1991,Electronic,need,81
1991,Electronic,feel,80
1991,Hip Hop,know,194
1991,Hip Hop,feat,149
1991,Hip Hop,love,130
1991,Hip Hop,back,110
1991,Hip Hop,get,108
1991,Hip Hop,eminem,106
1991,Hip Hop,ain,104
1991,Hip Hop,let,92
1991,Hip Hop,got,89
1991,Hip Hop,one,89
1991,Hip Hop,ice,85
1991,Hip Hop,kiss,83
1991,Hip Hop,keep,71
1991,Hip Hop,man,71
1991,Hip Hop,make,67
1991,Hip Hop,good,65
1991,Hip Hop,girl,63
1991,Hip Hop,come,62
1991,Hip Hop,see,61
1991,Hip Hop,said,53
1991,Hip Hop,tonight,50
1991,Hip Hop,night,50
1991,Hip Hop,ghetto,49
1991,Hip Hop,time,48
1991,Hip Hop,shit,47
1991,Jazz,love,80
1991,Jazz,time,42
1991,Jazz,heart,37
1991,Jazz,day,32
1991,Jazz,tenderness,22
1991,Jazz,night,21
1991,Jazz,higher,20
1991,Jazz,wanna,20
1991,Jazz,world,20
1991,Jazz,way,19
1991,Jazz,know,18
1991,Jazz,every,17
1991,Jazz,make,17
1991,Jazz,thing,17
1991,Jazz,never,16
1991,Jazz,rain,16
1991,Jazz,man,16
1991,Jazz,stop,14
1991,Jazz,back,14
1991,Jazz,wonderful,13
1991,Jazz,see,13
1991,Jazz,one,13
1991,Jazz,get,12
1991,Jazz,broken,12
1991,Jazz,need,12
1991,Latin,two,16
1991,Latin,one,16
1991,Latin,junior,16
1991,Latin,uhh,14
1991,Latin,know,14
1991,Latin,step,9
1991,Latin,realms,9
1991,Latin,rock,8
1991,Latin,lil,8
1991,Latin,jamal,7
1991,Latin,rocked,6
1991,Latin,bitch,5
1991,Latin,got,5
1991,Latin,fuck,4
1991,Latin,bitches,3
1991,Latin,del,3
1991,Latin,cha,3
1991,Latin,cease,3
1991,Latin,notorious,3
1991,Latin,niggas,3
1991,Latin,vec,3
1991,Latin,still,3
1991,Latin,shit,3
1991,Latin,back,2
1991,Latin,blunts,2
1991,Other,march,648
1991,Other,healy,525
1991,Other,holly,231
1991,Other,know,125
1991,Other,amelia,119
1991,Other,right,106
1991,Other,get,101
1991,Other,cut,101
1991,Other,car,80
1991,Other,boy,80
1991,Other,wanna,79
1991,Other,guy,78
1991,Other,see,72
1991,Other,got,72
1991,Other,john,71
1991,Other,man,71
1991,Other,back,66
1991,Other,look,61
1991,Other,one,58
1991,Other,house,57
1991,Other,love,56
1991,Other,come,50
1991,Other,okay,50
1991,Other,tally,50
1991,Other,say,50
1991,Pop,love,354
1991,Pop,know,285
1991,Pop,abbey,156
1991,Pop,never,138
1991,Pop,feel,137
1991,Pop,let,131
1991,Pop,see,129
1991,Pop,get,129
1991,Pop,sam,126
1991,Pop,way,126
1991,Pop,got,121
1991,Pop,time,120
1991,Pop,bartlet,119
1991,Pop,want,115
1991,Pop,one,115
1991,Pop,need,107
1991,Pop,say,107
1991,Pop,girl,104
1991,Pop,josh,103
1991,Pop,wanna,101
1991,Pop,good,95
1991,Pop,right,91
1991,Pop,make,82
1991,Pop,tell,81
1991,Pop,away,78
1991,R&B & Funk,jay,701
1991,R&B & Funk,bob,346
1991,R&B & Funk,silent,203
1991,R&B & Funk,justice,189
1991,R&B & Funk,willenholly,148
1991,R&B & Funk,love,129
1991,R&B & Funk,back,125
1991,R&B & Funk,know,120
1991,R&B & Funk,get,119
1991,R&B & Funk,sissy,116
1991,R&B & Funk,day,114
1991,R&B & Funk,fuck,113
1991,R&B & Funk,one,103
1991,R&B & Funk,let,100
1991,R&B & Funk,man,97
1991,R&B & Funk,got,95
1991,R&B & Funk,shit,86
1991,R&B & Funk,ext,73
1991,R&B & Funk,time,73
1991,R&B & Funk,look,72
1991,R&B & Funk,stop,71
1991,R&B & Funk,looks,70
1991,R&B & Funk,little,69
1991,R&B & Funk,see,69
1991,R&B & Funk,chrissy,68
1991,Reggae,makers,34
1991,Reggae,way,34
1991,Reggae,melody,33
1991,Reggae,let,31
1991,Reggae,time,27
1991,Reggae,good,26
1991,Reggae,know,25
1991,Reggae,things,25
1991,Reggae,love,19
1991,Reggae,wanna,19
1991,Reggae,world,19
1991,Reggae,take,18
1991,Reggae,could,18
1991,Reggae,close,17
1991,Reggae,lover,16
1991,Reggae,cruel,15
1991,Reggae,heart,14
1991,Reggae,blind,14
1991,Reggae,feel,14
1991,Reggae,though,14
1991,Reggae,shabba,14
1991,Reggae,body,13
1991,Reggae,make,13
1991,Reggae,show,13
1991,Reggae,say,12
1991,Rock,love,290
1991,Rock,way,211
1991,Rock,know,203
1991,Rock,give,170
1991,Rock,never,169
1991,Rock,one,153
1991,Rock,get,145
1991,Rock,heart,142
1991,Rock,got,134
1991,Rock,time,133
1991,Rock,come,120
1991,Rock,away,110
1991,Rock,take,106
1991,Rock,say,99
1991,Rock,world,93
1991,Rock,want,89
1991,Rock,feel,89
1991,Rock,could,86
1991,Rock,feat,86
1991,Rock,let,85
1991,Rock,see,83
1991,Rock,good,82
1991,Rock,little,79
1991,Rock,day,74
1991,Rock,life,73
1992,Avant-Garde & Experimental,kennedy,30
1992,Avant-Garde & Experimental,cuba,29
1992,Avant-Garde & Experimental,would,27
1992,Avant-Garde & Experimental,nuclear,25
1992,Avant-Garde & Experimental,war,23
1992,Avant-Garde & Experimental,world,19
1992,Avant-Garde & Experimental,crisis,18
1992,Avant-Garde & Experimental,threat,17
1992,Avant-Garde & Experimental,soviet,17
1992,Avant-Garde & Experimental,missiles,17
1992,Avant-Garde & Experimental,president,16
1992,Avant-Garde & Experimental,missile,16
1992,Avant-Garde & Experimental,military,14
1992,Avant-Garde & Experimental,attack,13
1992,Avant-Garde & Experimental,cuban,13
1992,Avant-Garde & Experimental,one,13
1992,Avant-Garde & Experimental,might,13
1992,Avant-Garde & Experimental,could,12
1992,Avant-Garde & Experimental,though,11
1992,Avant-Garde & Experimental,october,11
1992,Avant-Garde & Experimental,force,11
1992,Avant-Garde & Experimental,even,10
1992,Avant-Garde & Experimental,invasion,10
1992,Avant-Garde & Experimental,khrushchev,10
1992,Avant-Garde & Experimental,russians,10
1992,Blues & Soul,love,69
1992,Blues & Soul,would,34
1992,Blues & Soul,lie,30
1992,Blues & Soul,afraid,29
1992,Blues & Soul,brother,22
1992,Blues & Soul,give,17
1992,Blues & Soul,see,14
1992,Blues & Soul,girl,13
1992,Blues & Soul,know,13
1992,Blues & Soul,ordinary,12
1992,Blues & Soul,sister,12
1992,Blues & Soul,cos,12
1992,Blues & Soul,change,12
1992,Blues & Soul,one,11
1992,Blues & Soul,never,11
1992,Blues & Soul,look,10
1992,Blues & Soul,live,10
1992,Blues & Soul,wouldn,10
1992,Blues & Soul,woman,10
1992,Blues & Soul,way,9
1992,Blues & Soul,keep,9
1992,Blues & Soul,didn,8
1992,Blues & Soul,another,8
1992,Blues & Soul,gave,8
1992,Blues & Soul,want,8
1992,Children's,cry,18
1992,Children's,tonight,13
1992,Children's,please,4
1992,Children's,inside,3
1992,Children's,heaven,3
1992,Children's,give,3
1992,Children's,ever,2
1992,Children's,feel,2
1992,Children's,know,2
1992,Children's,still,2
1992,Children's,take,2
1992,Children's,remember,2
1992,Children's,something,2
1992,Children's,eyes,1
1992,Children's,come,1
1992,Children's,changing,1
1992,Children's,better,1
1992,Children's,bad,1
1992,Children's,alright,1
1992,Children's,maybe,1
1992,Children's,make,1
1992,Children's,love,1
1992,Children's,light,1
1992,Children's,lied,1
1992,Children's,kiss,1
1992,Christian,love,19
1992,Christian,good,18
1992,Christian,night,15
1992,Christian,somewhere,12
1992,Christian,remember,11
1992,Christian,could,9
1992,Christian,hard,9
1992,Christian,enough,8
1992,Christian,cry,8
1992,Christian,see,6
1992,Christian,time,6
1992,Christian,know,5
1992,Christian,hear,5
1992,Christian,goes,5
1992,Christian,give,5
1992,Christian,sing,5
1992,Christian,standing,5
1992,Christian,want,4
1992,Christian,try,4
1992,Christian,strength,4
1992,Christian,shine,4
1992,Christian,light,4
1992,Christian,let,4
1992,Christian,reason,4
1992,Christian,one,4
1992,Country & Folk,could,32
1992,Country & Folk,know,30
1992,Country & Folk,tell,28
1992,Country & Folk,walking,28
1992,Country & Folk,one,23
1992,Country & Folk,last,21
1992,Country & Folk,always,21
1992,Country & Folk,heart,20
1992,Country & Folk,ever,16
1992,Country & Folk,broken,14
1992,Country & Folk,let,14
1992,Country & Folk,love,14
1992,Country & Folk,glass,13
1992,Country & Folk,soul,12
1992,Country & Folk,craving,12
1992,Country & Folk,else,11
1992,Country & Folk,long,11
1992,Country & Folk,constant,10
1992,Country & Folk,think,10
1992,Country & Folk,never,9
1992,Country & Folk,dreams,9
1992,Country & Folk,earth,9
1992,Country & Folk,achy,8
1992,Country & Folk,breaky,8
1992,Country & Folk,keep,8
1992,Electronic,bloom,436
1992,Electronic,love,251
1992,Electronic,got,180
1992,Electronic,stephen,147
1992,Electronic,know,129
1992,Electronic,one,124
1992,Electronic,time,121
1992,Electronic,get,112
1992,Electronic,see,112
1992,Electronic,man,109
1992,Electronic,zoe,106
1992,Electronic,keep,99
1992,Electronic,back,98
1992,Electronic,hand,98
1992,Electronic,let,92
1992,Electronic,dance,90
1992,Electronic,come,79
1992,Electronic,make,78
1992,Electronic,move,78
1992,Electronic,watch,77
1992,Electronic,take,76
1992,Electronic,right,75
1992,Electronic,mrs,75
1992,Electronic,never,74
1992,Electronic,girl,72
1992,Hip Hop,jump,200
1992,Hip Hop,got,194
1992,Hip Hop,ain,170
1992,Hip Hop,know,162
1992,Hip Hop,get,156
1992,Hip Hop,back,127
1992,Hip Hop,man,116
1992,Hip Hop,one,106
1992,Hip Hop,featuring,105
1992,Hip Hop,love,100
1992,Hip Hop,let,97
1992,Hip Hop,want,91
1992,Hip Hop,make,89
1992,Hip Hop,good,79
1992,Hip Hop,see,79
1992,Hip Hop,kiss,78
1992,Hip Hop,time,75
1992,Hip Hop,boy,70
1992,Hip Hop,wanna,68
1992,Hip Hop,def,65
1992,Hip Hop,jam,64
1992,Hip Hop,around,63
1992,Hip Hop,come,62
1992,Hip Hop,right,57
1992,Hip Hop,gotta,57
1992,Jazz,love,28
1992,Jazz,one,26
1992,Jazz,know,25
1992,Jazz,time,23
1992,Jazz,heart,18
1992,Jazz,want,18
1992,Jazz,missing,16
1992,Jazz,restless,16
1992,Jazz,matters,15
1992,Jazz,around,13
1992,Jazz,man,13
1992,Jazz,world,13
1992,Jazz,way,13
1992,Jazz,see,12
1992,Jazz,back,11
1992,Jazz,every,10
1992,Jazz,ever,9
1992,Jazz,long,9
1992,Jazz,loves,9
1992,Jazz,got,9
1992,Jazz,old,9
1992,Jazz,right,9
1992,Jazz,whole,9
1992,Jazz,woman,9
1992,Jazz,turning,8
1992,Other,wanna,81
1992,Other,addams,42
1992,Other,dance,36
1992,Other,see,31
1992,Other,say,27
1992,Other,live,26
1992,Other,play,26
1992,Other,one,24
1992,Other,know,22
1992,Other,family,20
1992,Other,slow,20
1992,Other,new,17
1992,Other,love,16
1992,Other,gangsta,15
1992,Other,girl,15
1992,Other,could,14
1992,Other,friend,14
1992,Other,let,14
1992,Other,look,14
1992,Other,life,13
1992,Other,kick,13
1992,Other,world,13
1992,Other,whole,13
1992,Other,take,12
1992,Other,mind,12
1992,Pop,love,404
1992,Pop,know,219
1992,Pop,give,208
1992,Pop,time,203
1992,Pop,never,161
1992,Pop,get,160
1992,Pop,make,158
1992,Pop,let,134
1992,Pop,one,124
1992,Pop,way,118
1992,Pop,got,113
1992,Pop,want,111
1992,Pop,girl,111
1992,Pop,see,109
1992,Pop,come,106
1992,Pop,said,105
1992,Pop,right,94
1992,Pop,feel,91
1992,Pop,real,91
1992,Pop,ever,84
1992,Pop,say,83
1992,Pop,life,83
1992,Pop,man,81
1992,Pop,would,80
1992,Pop,heart,79
1992,R&B & Funk,jay,699
1992,R&B & Funk,bob,343
1992,R&B & Funk,silent,217
1992,R&B & Funk,got,200
1992,R&B & Funk,justice,187
1992,R&B & Funk,willenholly,148
1992,R&B & Funk,love,136
1992,R&B & Funk,get,120
1992,R&B & Funk,sissy,116
1992,R&B & Funk,vibe,114
1992,R&B & Funk,fuck,112
1992,R&B & Funk,know,112
1992,R&B & Funk,one,110
1992,R&B & Funk,day,110
1992,R&B & Funk,wanna,96
1992,R&B & Funk,back,96
1992,R&B & Funk,shit,86
1992,R&B & Funk,see,83
1992,R&B & Funk,little,74
1992,R&B & Funk,ext,73
1992,R&B & Funk,right,69
1992,R&B & Funk,looks,69
1992,R&B & Funk,look,68
1992,R&B & Funk,chrissy,68
1992,R&B & Funk,suzanne,64
1992,Reggae,shabba,35
1992,Reggae,say,23
1992,Reggae,take,22
1992,Reggae,ranks,22
1992,Reggae,lover,19
1992,Reggae,groovin,14
1992,Reggae,man,14
1992,Reggae,wanna,14
1992,Reggae,slow,12
1992,Reggae,midnight,12
1992,Reggae,remedy,12
1992,Reggae,gotta,12
1992,Reggae,choo,12
1992,Reggae,body,12
1992,Reggae,johnny,12
1992,Reggae,ecstasy,11
1992,Reggae,breeze,11
1992,Reggae,love,11
1992,Reggae,make,11
1992,Reggae,passion,11
1992,Reggae,summer,11
1992,Reggae,see,10
1992,Reggae,sailing,10
1992,Reggae,rocking,10
1992,Reggae,girls,10
1992,Rock,love,240
1992,Rock,get,218
1992,Rock,way,210
1992,Rock,one,182
1992,Rock,let,166
1992,Rock,got,151
1992,Rock,give,148
1992,Rock,know,147
1992,Rock,want,143
1992,Rock,time,135
1992,Rock,never,133
1992,Rock,little,108
1992,Rock,heart,103
1992,Rock,feel,103
1992,Rock,take,101
1992,Rock,come,90
1992,Rock,feat,86
1992,Rock,tonight,86
1992,Rock,make,82
1992,Rock,see,81
1992,Rock,say,81
1992,Rock,cha,80
1992,Rock,right,79
1992,Rock,life,75
1992,Rock,away,72
1993,Avant-Garde & Experimental,rubberband,36
1993,Avant-Garde & Experimental,girl,19
1993,Avant-Garde & Experimental,won,6
1993,Avant-Garde & Experimental,keep,6
1993,Avant-Garde & Experimental,dub,6
1993,Avant-Garde & Experimental,rubberbands,4
1993,Avant-Garde & Experimental,learn,4
1993,Avant-Garde & Experimental,interlude,4
1993,Avant-Garde & Experimental,could,4
1993,Avant-Garde & Experimental,back,4
1993,Avant-Garde & Experimental,give,3
1993,Avant-Garde & Experimental,feet,3
1993,Avant-Garde & Experimental,bend,3
1993,Avant-Garde & Experimental,rub,3
1993,Avant-Garde & Experimental,twang,3
1993,Avant-Garde & Experimental,beat,2
1993,Avant-Garde & Experimental,bouncing,2
1993,Avant-Garde & Experimental,hold,2
1993,Avant-Garde & Experimental,hook,2
1993,Avant-Garde & Experimental,life,2
1993,Avant-Garde & Experimental,one,2
1993,Avant-Garde & Experimental,ponytails,2
1993,Avant-Garde & Experimental,post,2
1993,Avant-Garde & Experimental,wanna,2
1993,Avant-Garde & Experimental,see,2
1993,Blues & Soul,love,36
1993,Blues & Soul,lie,30
1993,Blues & Soul,would,29
1993,Blues & Soul,eyes,22
1993,Blues & Soul,kiss,20
1993,Blues & Soul,gave,18
1993,Blues & Soul,life,15
1993,Blues & Soul,could,14
1993,Blues & Soul,lost,14
1993,Blues & Soul,ordinary,12
1993,Blues & Soul,stood,10
1993,Blues & Soul,know,10
1993,Blues & Soul,girl,10
1993,Blues & Soul,heart,9
1993,Blues & Soul,freedom,9
1993,Blues & Soul,look,9
1993,Blues & Soul,see,8
1993,Blues & Soul,one,8
1993,Blues & Soul,never,7
1993,Blues & Soul,keep,7
1993,Blues & Soul,guess,7
1993,Blues & Soul,give,7
1993,Blues & Soul,say,6
1993,Blues & Soul,open,6
1993,Blues & Soul,isn,6
1993,Christian,somebody,20
1993,Christian,love,17
1993,Christian,night,13
1993,Christian,somewhere,12
1993,Christian,want,6
1993,Christian,need,5
1993,Christian,dreamed,5
1993,Christian,could,5
1993,Christian,standing,5
1993,Christian,always,5
1993,Christian,way,5
1993,Christian,shine,4
1993,Christian,light,4
1993,Christian,grey,4
1993,Christian,come,4
1993,Christian,someone,4
1993,Christian,carry,4
1993,Christian,blue,4
1993,Christian,away,4
1993,Christian,know,3
1993,Christian,world,3
1993,Christian,let,2
1993,Christian,alone,2
1993,Christian,reach,2
1993,Christian,trust,2
1993,Classical,carry,7
1993,Classical,hold,4
1993,Classical,boldly,4
1993,Classical,care,3
1993,Classical,softly,3
1993,Classical,love,3
1993,Classical,lift,3
1993,Classical,blessed,2
1993,Classical,feed,2
1993,Classical,feel,2
1993,Classical,free,2
1993,Classical,head,2
1993,Classical,show,2
1993,Classical,slowly,2
1993,Classical,kiss,2
1993,Classical,lay,2
1993,Classical,lowly,2
1993,Classical,say,2
1993,Classical,cleveland,1
1993,Classical,brother,1
1993,Classical,bear,1
1993,Classical,bathe,1
1993,Classical,another,1
1993,Classical,anguish,1
1993,Classical,always,1
1993,Country & Folk,love,67
1993,Country & Folk,one,46
1993,Country & Folk,know,41
1993,Country & Folk,could,40
1993,Country & Folk,walking,29
1993,Country & Folk,night,29
1993,Country & Folk,way,26
1993,Country & Folk,never,23
1993,Country & Folk,heart,19
1993,Country & Folk,kisses,19
1993,Country & Folk,passionate,19
1993,Country & Folk,tell,19
1993,Country & Folk,broken,18
1993,Country & Folk,time,17
1993,Country & Folk,maybe,17
1993,Country & Folk,got,17
1993,Country & Folk,little,16
1993,Country & Folk,might,15
1993,Country & Folk,hearts,15
1993,Country & Folk,ever,15
1993,Country & Folk,arms,14
1993,Country & Folk,knows,14
1993,Country & Folk,see,14
1993,Country & Folk,well,14
1993,Country & Folk,won,14
1993,Electronic,bloom,436
1993,Electronic,love,295
1993,Electronic,come,163
1993,Electronic,stephen,147
1993,Electronic,one,127
1993,Electronic,know,127
1993,Electronic,zoe,106
1993,Electronic,hand,102
1993,Electronic,life,100
1993,Electronic,give,99
1993,Electronic,back,98
1993,Electronic,time,90
1993,Electronic,want,90
1993,Electronic,feat,86
1993,Electronic,never,84
1993,Electronic,man,81
1993,Electronic,world,80
1993,Electronic,look,80
1993,Electronic,night,78
1993,Electronic,let,77
1993,Electronic,make,76
1993,Electronic,mrs,75
1993,Electronic,see,73
1993,Electronic,get,72
1993,Electronic,old,68
1993,Hip Hop,one,736
1993,Hip Hop,would,517
1993,Hip Hop,swann,384
1993,Hip Hop,get,328
1993,Hip Hop,mme,312
1993,Hip Hop,know,300
1993,Hip Hop,xa0xa0xa0,297
1993,Hip Hop,man,279
1993,Hip Hop,see,277
1993,Hip Hop,gilberte,262
1993,Hip Hop,time,261
1993,Hip Hop,love,251
1993,Hip Hop,got,238
1993,Hip Hop,come,217
1993,Hip Hop,make,213
1993,Hip Hop,could,212
1993,Hip Hop,say,204
1993,Hip Hop,day,203
1993,Hip Hop,little,201
1993,Hip Hop,never,190
1993,Hip Hop,let,185
1993,Hip Hop,way,184
1993,Hip Hop,must,179
1993,Hip Hop,made,177
1993,Hip Hop,even,177
1993,Jazz,see,35
1993,Jazz,ain,29
1993,Jazz,funky,21
1993,Jazz,get,21
1993,Jazz,love,19
1993,Jazz,know,18
1993,Jazz,might,18
1993,Jazz,alright,18
1993,Jazz,stumble,17
1993,Jazz,one,17
1993,Jazz,got,17
1993,Jazz,fall,17
1993,Jazz,bidi,16
1993,Jazz,right,16
1993,Jazz,never,14
1993,Jazz,makes,13
1993,Jazz,still,13
1993,Jazz,someone,12
1993,Jazz,said,12
1993,Jazz,believe,12
1993,Jazz,come,12
1993,Jazz,lied,11
1993,Jazz,give,11
1993,Jazz,loved,11
1993,Jazz,wanna,10
1993,Latin,girl,20
1993,Latin,murder,19
1993,Latin,wrote,19
1993,Latin,know,17
1993,Latin,chaka,17
1993,Latin,pretty,14
1993,Latin,face,12
1993,Latin,character,11
1993,Latin,sorry,9
1993,Latin,kind,9
1993,Latin,demus,9
1993,Latin,bad,8
1993,Latin,come,8
1993,Latin,maxine,8
1993,Latin,livin,8
1993,Latin,flirty,8
1993,Latin,say,8
1993,Latin,pliers,8
1993,Latin,hold,8
1993,Latin,follow,7
1993,Latin,hook,7
1993,Latin,name,6
1993,Latin,ragamuffin,6
1993,Latin,real,6
1993,Latin,great,6
1993,Other,one,50
1993,Other,two,38
1993,Other,get,34
1993,Other,know,30
1993,Other,love,28
1993,Other,breakadawn,26
1993,Other,day,22
1993,Other,see,22
1993,Other,time,21
1993,Other,new,19
1993,Other,world,19
1993,Other,gangsta,16
1993,Other,things,15
1993,Other,tell,14
1993,Other,never,14
1993,Other,child,13
1993,Other,whole,13
1993,Other,man,12
1993,Other,let,12
1993,Other,back,12
1993,Other,got,11
1993,Other,right,11
1993,Other,together,9
1993,Other,said,9
1993,Other,much,9
1993,Pop,love,467
1993,Pop,know,227
1993,Pop,way,138
1993,Pop,right,129
1993,Pop,make,125
1993,Pop,want,123
1993,Pop,let,116
1993,Pop,time,113
1993,Pop,get,113
1993,Pop,got,104
1993,Pop,come,100
1993,Pop,gotta,99
1993,Pop,away,99
1993,Pop,girl,96
1993,Pop,feel,93
1993,Pop,cool,89
1993,Pop,give,86
1993,Pop,one,82
1993,Pop,need,82
1993,Pop,never,81
1993,Pop,see,78
1993,Pop,every,77
1993,Pop,wanna,75
1993,Pop,take,73
1993,Pop,good,61
1993,R&B & Funk,wanna,116
1993,R&B & Funk,love,93
1993,R&B & Funk,play,55
1993,R&B & Funk,get,51
1993,R&B & Funk,one,46
1993,R&B & Funk,work,44
1993,R&B & Funk,come,42
1993,R&B & Funk,know,41
1993,R&B & Funk,let,40
1993,R&B & Funk,girl,38
1993,R&B & Funk,make,37
1993,R&B & Funk,slow,37
1993,R&B & Funk,never,37
1993,R&B & Funk,see,36
1993,R&B & Funk,time,36
1993,R&B & Funk,easy,35
1993,R&B & Funk,right,34
1993,R&B & Funk,alone,30
1993,R&B & Funk,every,30
1993,R&B & Funk,games,29
1993,R&B & Funk,want,28
1993,R&B & Funk,would,27
1993,R&B & Funk,way,26
1993,R&B & Funk,got,25
1993,R&B & Funk,good,24
1993,Reggae,feat,86
1993,Reggae,say,69
1993,Reggae,boys,56
1993,Reggae,bad,52
1993,Reggae,boom,49
1993,Reggae,cha,49
1993,Reggae,love,49
1993,Reggae,snow,47
1993,Reggae,come,46
1993,Reggae,girl,40
1993,Reggae,daddy,34
1993,Reggae,man,31
1993,Reggae,die,30
1993,Reggae,dem,30
1993,Reggae,one,27
1993,Reggae,take,27
1993,Reggae,licky,24
1993,Reggae,shabba,21
1993,Reggae,another,21
1993,Reggae,know,20
1993,Reggae,want,18
1993,Reggae,michael,17
1993,Reggae,hook,17
1993,Reggae,der,16
1993,Reggae,chuck,16
1993,Rock,song,239
1993,Rock,summary,227
1993,Rock,love,221
1993,Rock,know,126
1993,Rock,got,92
1993,Rock,feat,86
1993,Rock,one,85
1993,Rock,little,79
1993,Rock,get,79
1993,Rock,would,77
1993,Rock,let,75
1993,Rock,give,68
1993,Rock,want,67
1993,Rock,world,66
1993,Rock,time,63
1993,Rock,stand,60
1993,Rock,could,59
1993,Rock,never,57
1993,Rock,see,56
1993,Rock,tonight,55
1993,Rock,believe,53
1993,Rock,stop,52
1993,Rock,man,52
1993,Rock,anything,50
1993,Rock,around,49
1994,Avant-Garde & Experimental,rubberband,36
1994,Avant-Garde & Experimental,girl,19
1994,Avant-Garde & Experimental,come,11
1994,Avant-Garde & Experimental,sometimes,10
1994,Avant-Garde & Experimental,god,10
1994,Avant-Garde & Experimental,find,9
1994,Avant-Garde & Experimental,won,6
1994,Avant-Garde & Experimental,keep,6
1994,Avant-Garde & Experimental,dub,6
1994,Avant-Garde & Experimental,back,5
1994,Avant-Garde & Experimental,interlude,5
1994,Avant-Garde & Experimental,woman,4
1994,Avant-Garde & Experimental,tell,4
1994,Avant-Garde & Experimental,rubberbands,4
1994,Avant-Garde & Experimental,look,4
1994,Avant-Garde & Experimental,learn,4
1994,Avant-Garde & Experimental,gotta,4
1994,Avant-Garde & Experimental,give,4
1994,Avant-Garde & Experimental,could,4
1994,Avant-Garde & Experimental,need,4
1994,Avant-Garde & Experimental,babe,3
1994,Avant-Garde & Experimental,make,3
1994,Avant-Garde & Experimental,feet,3
1994,Avant-Garde & Experimental,bend,3
1994,Avant-Garde & Experimental,wind,3
1994,Blues & Soul,goes,8
1994,Blues & Soul,life,6
1994,Blues & Soul,carries,6
1994,Blues & Soul,say,5
1994,Blues & Soul,know,5
1994,Blues & Soul,hook,5
1994,Blues & Soul,time,4
1994,Blues & Soul,fire,3
1994,Blues & Soul,dying,3
1994,Blues & Soul,people,3
1994,Blues & Soul,may,3
1994,Blues & Soul,crossing,3
1994,Blues & Soul,burned,3
1994,Blues & Soul,bridge,3
1994,Blues & Soul,lessons,3
1994,Blues & Soul,learned,3
1994,Blues & Soul,going,3
1994,Blues & Soul,getting,3
1994,Blues & Soul,space,3
1994,Blues & Soul,playing,3
1994,Blues & Soul,else,2
1994,Blues & Soul,got,2
1994,Blues & Soul,hold,2
1994,Blues & Soul,light,2
1994,Blues & Soul,matters,2
1994,Children's,could,12
1994,Children's,girl,9
1994,Children's,reason,6
1994,Children's,see,6
1994,Children's,beautiful,6
1994,Children's,plain,5
1994,Children's,yes,5
1994,Children's,god,4
1994,Children's,world,4
1994,Children's,made,4
1994,Children's,one,3
1994,Children's,kind,3
1994,Children's,day,3
1994,Children's,beauty,2
1994,Children's,bow,2
1994,Children's,cry,2
1994,Children's,ever,2
1994,Children's,get,2
1994,Children's,allow,2
1994,Children's,arms,1
1994,Children's,falls,1
1994,Children's,face,1
1994,Children's,die,1
1994,Children's,devoured,1
1994,Children's,days,1
1994,Christian,one,13
1994,Christian,lucky,11
1994,Christian,doo,10
1994,Christian,never,8
1994,Christian,murder,7
1994,Christian,kind,6
1994,Christian,love,6
1994,Christian,get,6
1994,Christian,blood,6
1994,Christian,ain,5
1994,Christian,floor,5
1994,Christian,would,4
1994,Christian,really,4
1994,Christian,night,4
1994,Christian,another,4
1994,Christian,boards,4
1994,Christian,kill,3
1994,Christian,hear,3
1994,Christian,face,3
1994,Christian,know,3
1994,Christian,water,3
1994,Christian,wanna,3
1994,Christian,always,2
1994,Christian,enough,2
1994,Christian,ever,2
1994,Country & Folk,love,55
1994,Country & Folk,know,42
1994,Country & Folk,one,37
1994,Country & Folk,got,33
1994,Country & Folk,never,30
1994,Country & Folk,come,30
1994,Country & Folk,girl,29
1994,Country & Folk,take,27
1994,Country & Folk,good,24
1994,Country & Folk,get,22
1994,Country & Folk,ain,20
1994,Country & Folk,give,20
1994,Country & Folk,said,20
1994,Country & Folk,world,20
1994,Country & Folk,around,19
1994,Country & Folk,little,18
1994,Country & Folk,would,18
1994,Country & Folk,heart,18
1994,Country & Folk,see,17
1994,Country & Folk,make,17
1994,Country & Folk,maybe,17
1994,Country & Folk,home,17
1994,Country & Folk,could,16
1994,Country & Folk,time,16
1994,Country & Folk,til,15
1994,Electronic,love,153
1994,Electronic,come,111
1994,Electronic,move,98
1994,Electronic,want,98
1994,Electronic,feat,86
1994,Electronic,night,84
1994,Electronic,whoa,69
1994,Electronic,goody,68
1994,Electronic,right,60
1994,Electronic,man,57
1994,Electronic,get,55
1994,Electronic,know,53
1994,Electronic,let,52
1994,Electronic,ding,50
1994,Electronic,another,49
1994,Electronic,see,47
1994,Electronic,whoomp,46
1994,Electronic,world,44
1994,Electronic,feel,44
1994,Electronic,doo,44
1994,Electronic,never,43
1994,Electronic,time,42
1994,Electronic,back,40
1994,Electronic,life,39
1994,Electronic,one,39
1994,Hip Hop,one,751
1994,Hip Hop,would,529
1994,Hip Hop,get,387
1994,Hip Hop,swann,380
1994,Hip Hop,know,364
1994,Hip Hop,mme,312
1994,Hip Hop,time,310
1994,Hip Hop,xa0xa0xa0,297
1994,Hip Hop,see,287
1994,Hip Hop,got,271
1994,Hip Hop,man,269
1994,Hip Hop,gilberte,262
1994,Hip Hop,day,235
1994,Hip Hop,make,226
1994,Hip Hop,say,223
1994,Hip Hop,love,220
1994,Hip Hop,could,219
1994,Hip Hop,way,209
1994,Hip Hop,come,207
1994,Hip Hop,people,197
1994,Hip Hop,even,196
1994,Hip Hop,never,194
1994,Hip Hop,ain,190
1994,Hip Hop,made,190
1994,Hip Hop,little,187
1994,Jazz,one,331
1994,Jazz,would,321
1994,Jazz,could,154
1994,Jazz,people,152
1994,Jazz,grandmother,136
1994,Jazz,mme,125
1994,Jazz,saint,120
1994,Jazz,day,118
1994,Jazz,see,118
1994,Jazz,time,114
1994,Jazz,never,107
1994,Jazz,made,107
1994,Jazz,bloch,106
1994,Jazz,xa0xa0xa0,104
1994,Jazz,said,103
1994,Jazz,loup,102
1994,Jazz,upon,98
1994,Jazz,life,97
1994,Jazz,without,93
1994,Jazz,man,91
1994,Jazz,villeparisis,90
1994,Jazz,say,88
1994,Jazz,little,88
1994,Jazz,eyes,87
1994,Jazz,know,87
1994,Other,pumps,56
1994,Other,bump,53
1994,Other,feat,43
1994,Other,right,41
1994,Other,beside,31
1994,Other,heart,31
1994,Other,time,28
1994,Other,won,23
1994,Other,constantly,22
1994,Other,breaking,18
1994,Other,lil,16
1994,Other,girls,16
1994,Other,satisfied,15
1994,Other,think,15
1994,Other,mind,15
1994,Other,got,15
1994,Other,love,14
1994,Other,waste,14
1994,Other,worry,14
1994,Other,house,13
1994,Other,know,13
1994,Other,light,12
1994,Other,stone,11
1994,Other,get,11
1994,Other,gave,10
1994,Pop,love,362
1994,Pop,know,270
1994,Pop,let,192
1994,Pop,want,156
1994,Pop,wanna,150
1994,Pop,see,124
1994,Pop,man,123
1994,Pop,time,123
1994,Pop,back,117
1994,Pop,girl,112
1994,Pop,got,106
1994,Pop,never,102
1994,Pop,get,99
1994,Pop,gotta,99
1994,Pop,come,93
1994,Pop,say,93
1994,Pop,good,87
1994,Pop,feel,81
1994,Pop,one,79
1994,Pop,make,79
1994,Pop,take,69
1994,Pop,give,69
1994,Pop,tell,68
1994,Pop,mind,67
1994,Pop,day,66
1994,R&B & Funk,love,74
1994,R&B & Funk,boyfriend,52
1994,R&B & Funk,let,49
1994,R&B & Funk,wanna,39
1994,R&B & Funk,slow,33
1994,R&B & Funk,easy,31
1994,R&B & Funk,always,31
1994,R&B & Funk,never,30
1994,R&B & Funk,come,27
1994,R&B & Funk,way,26
1994,R&B & Funk,know,26
1994,R&B & Funk,forever,26
1994,R&B & Funk,tonight,25
1994,R&B & Funk,lie,23
1994,R&B & Funk,soul,22
1994,R&B & Funk,make,22
1994,R&B & Funk,last,22
1994,R&B & Funk,body,19
1994,R&B & Funk,friend,19
1994,R&B & Funk,inside,17
1994,R&B & Funk,give,16
1994,R&B & Funk,yes,15
1994,R&B & Funk,ever,14
1994,R&B & Funk,feel,14
1994,R&B & Funk,night,14
1994,Reggae,love,119
1994,Reggae,man,88
1994,Reggae,feat,86
1994,Reggae,dem,59
1994,Reggae,need,54
1994,Reggae,sweet,41
1994,Reggae,one,36
1994,Reggae,make,31
1994,Reggae,get,30
1994,Reggae,die,30
1994,Reggae,take,24
1994,Reggae,time,23
1994,Reggae,mishale,22
1994,Reggae,lovin,22
1994,Reggae,gotta,22
1994,Reggae,know,21
1994,Reggae,never,21
1994,Reggae,want,21
1994,Reggae,night,19
1994,Reggae,inna,19
1994,Reggae,action,19
1994,Reggae,people,18
1994,Reggae,sensual,18
1994,Reggae,yuh,18
1994,Reggae,come,17
1994,Rock,song,241
1994,Rock,summary,227
1994,Rock,love,203
1994,Rock,based,195
1994,Rock,know,156
1994,Rock,want,138
1994,Rock,let,110
1994,Rock,novel,96
1994,Rock,won,96
1994,Rock,never,89
1994,Rock,got,82
1994,Rock,get,80
1994,Rock,say,64
1994,Rock,time,63
1994,Rock,always,62
1994,Rock,would,62
1994,Rock,come,59
1994,Rock,see,59
1994,Rock,heart,55
1994,Rock,name,53
1994,Rock,take,52
1994,Rock,night,51
1994,Rock,back,50
1994,Rock,feel,50
1994,Rock,life,49
1995,Avant-Garde & Experimental,see,36
1995,Avant-Garde & Experimental,nah,28
1995,Avant-Garde & Experimental,could,19
1995,Avant-Garde & Experimental,tell,19
1995,Avant-Garde & Experimental,girl,18
1995,Avant-Garde & Experimental,kissed,18
1995,Avant-Garde & Experimental,world,4
1995,Avant-Garde & Experimental,time,4
1995,Avant-Garde & Experimental,glad,3
1995,Avant-Garde & Experimental,laughed,3
1995,Avant-Garde & Experimental,know,3
1995,Avant-Garde & Experimental,says,3
1995,Avant-Garde & Experimental,really,3
1995,Avant-Garde & Experimental,won,3
1995,Avant-Garde & Experimental,better,2
1995,Avant-Garde & Experimental,change,2
1995,Avant-Garde & Experimental,diamonds,2
1995,Avant-Garde & Experimental,kissing,2
1995,Avant-Garde & Experimental,lips,2
1995,Avant-Garde & Experimental,first,2
1995,Avant-Garde & Experimental,free,2
1995,Avant-Garde & Experimental,need,2
1995,Avant-Garde & Experimental,never,2
1995,Avant-Garde & Experimental,pearls,2
1995,Avant-Garde & Experimental,said,2
1995,Blues & Soul,know,28
1995,Blues & Soul,rose,14
1995,Blues & Soul,gray,13
1995,Blues & Soul,tell,12
1995,Blues & Soul,time,10
1995,Blues & Soul,light,9
1995,Blues & Soul,want,8
1995,Blues & Soul,work,7
1995,Blues & Soul,kiss,6
1995,Blues & Soul,love,6
1995,Blues & Soul,say,6
1995,Blues & Soul,wanna,6
1995,Blues & Soul,make,5
1995,Blues & Soul,hits,5
1995,Blues & Soul,gloom,5
1995,Blues & Soul,bloom,5
1995,Blues & Soul,boy,5
1995,Blues & Soul,compare,4
1995,Blues & Soul,eyes,4
1995,Blues & Soul,give,4
1995,Blues & Soul,get,4
1995,Blues & Soul,feels,4
1995,Blues & Soul,good,4
1995,Blues & Soul,mind,4
1995,Blues & Soul,kissed,4
1995,Christian,never,18
1995,Christian,girl,13
1995,Christian,love,11
1995,Christian,find,10
1995,Christian,won,10
1995,Christian,someone,9
1995,Christian,know,8
1995,Christian,put,8
1995,Christian,way,8
1995,Christian,let,7
1995,Christian,lot,6
1995,Christian,paradise,6
1995,Christian,parking,6
1995,Christian,paved,6
1995,Christian,till,5
1995,Christian,seem,5
1995,Christian,true,5
1995,Christian,one,5
1995,Christian,got,5
1995,Christian,gone,5
1995,Christian,always,5
1995,Christian,ever,4
1995,Christian,could,4
1995,Christian,give,4
1995,Christian,make,4
1995,Country & Folk,know,47
1995,Country & Folk,love,37
1995,Country & Folk,one,37
1995,Country & Folk,never,22
1995,Country & Folk,way,22
1995,Country & Folk,girl,20
1995,Country & Folk,eyes,18
1995,Country & Folk,make,17
1995,Country & Folk,say,15
1995,Country & Folk,something,15
1995,Country & Folk,god,15
1995,Country & Folk,could,14
1995,Country & Folk,gone,14
1995,Country & Folk,got,14
1995,Country & Folk,see,14
1995,Country & Folk,world,14
1995,Country & Folk,would,13
1995,Country & Folk,time,13
1995,Country & Folk,ever,13
1995,Country & Folk,knew,12
1995,Country & Folk,santa,12
1995,Country & Folk,want,11
1995,Country & Folk,hold,11
1995,Country & Folk,help,11
1995,Country & Folk,claus,11
1995,Electronic,love,205
1995,Electronic,say,135
1995,Electronic,come,133
1995,Electronic,get,133
1995,Electronic,featuring,105
1995,Electronic,boom,105
1995,Electronic,life,93
1995,Electronic,night,87
1995,Electronic,let,85
1995,Electronic,away,82
1995,Electronic,run,81
1995,Electronic,time,77
1995,Electronic,want,74
1995,Electronic,need,73
1995,Electronic,around,66
1995,Electronic,def,65
1995,Electronic,lay,64
1995,Electronic,see,63
1995,Electronic,boy,63
1995,Electronic,jam,62
1995,Electronic,man,55
1995,Electronic,wanna,54
1995,Electronic,back,52
1995,Electronic,never,49
1995,Electronic,got,49
1995,Hip Hop,labour,1926
1995,Hip Hop,production,1015
1995,Hip Hop,value,873
1995,Hip Hop,capital,778
1995,Hip Hop,one,591
1995,Hip Hop,get,495
1995,Hip Hop,time,455
1995,Hip Hop,form,387
1995,Hip Hop,power,378
1995,Hip Hop,means,358
1995,Hip Hop,process,350
1995,Hip Hop,capitalist,319
1995,Hip Hop,day,312
1995,Hip Hop,money,297
1995,Hip Hop,social,283
1995,Hip Hop,therefore,275
1995,Hip Hop,surplus,272
1995,Hip Hop,use,254
1995,Hip Hop,exchange,245
1995,Hip Hop,commodities,244
1995,Hip Hop,working,243
1995,Hip Hop,man,233
1995,Hip Hop,know,227
1995,Hip Hop,society,226
1995,Hip Hop,work,226
1995,Jazz,touch,23
1995,Jazz,come,15
1995,Jazz,love,13
1995,Jazz,girl,12
1995,Jazz,night,11
1995,Jazz,need,10
1995,Jazz,time,10
1995,Jazz,holy,9
1995,Jazz,alone,9
1995,Jazz,leave,8
1995,Jazz,keep,8
1995,Jazz,say,8
1995,Jazz,way,8
1995,Jazz,virginia,8
1995,Jazz,telling,8
1995,Jazz,deep,7
1995,Jazz,closer,6
1995,Jazz,could,6
1995,Jazz,december,6
1995,Jazz,heart,6
1995,Jazz,right,6
1995,Jazz,well,6
1995,Jazz,want,5
1995,Jazz,preach,5
1995,Jazz,practice,5
1995,Latin,dreaming,10
1995,Latin,world,6
1995,Latin,tonight,5
1995,Latin,room,4
1995,Latin,rather,4
1995,Latin,nowhere,4
1995,Latin,till,3
1995,Latin,stop,3
1995,Latin,see,3
1995,Latin,love,3
1995,Latin,tomorrow,3
1995,Latin,cómo,2
1995,Latin,holding,2
1995,Latin,late,2
1995,Latin,night,2
1995,Latin,sleeping,2
1995,Latin,stay,2
1995,Latin,think,2
1995,Latin,tight,2
1995,Latin,wonder,2
1995,Latin,would,2
1995,Latin,acoustic,1
1995,Latin,eyes,1
1995,Latin,extraño,1
1995,Latin,ever,1
1995,Other,sidney,444
1995,Other,billy,233
1995,Other,tatum,192
1995,Other,gale,170
1995,Other,stu,166
1995,Other,door,157
1995,Other,dewey,152
1995,Other,casey,149
1995,Other,man,112
1995,Other,randy,108
1995,Other,back,80
1995,Other,sid,80
1995,Other,one,75
1995,Other,front,74
1995,Other,know,67
1995,Other,see,65
1995,Other,figure,65
1995,Other,face,65
1995,Other,int,64
1995,Other,phone,60
1995,Other,house,60
1995,Other,think,58
1995,Other,eyes,57
1995,Other,open,54
1995,Other,moves,51
1995,Pop,love,332
1995,Pop,know,171
1995,Pop,want,165
1995,Pop,wanna,154
1995,Pop,let,138
1995,Pop,time,110
1995,Pop,get,98
1995,Pop,one,97
1995,Pop,gotta,95
1995,Pop,day,94
1995,Pop,got,94
1995,Pop,night,90
1995,Pop,every,90
1995,Pop,never,88
1995,Pop,take,85
1995,Pop,tell,83
1995,Pop,girl,82
1995,Pop,make,82
1995,Pop,way,81
1995,Pop,heart,81
1995,Pop,say,79
1995,Pop,feel,77
1995,Pop,mind,77
1995,Pop,need,75
1995,Pop,back,75
1995,R&B & Funk,love,127
1995,R&B & Funk,want,59
1995,R&B & Funk,know,59
1995,R&B & Funk,wanna,44
1995,R&B & Funk,come,40
1995,R&B & Funk,get,40
1995,R&B & Funk,always,34
1995,R&B & Funk,girl,31
1995,R&B & Funk,gold,28
1995,R&B & Funk,forever,28
1995,R&B & Funk,froggy,27
1995,R&B & Funk,right,26
1995,R&B & Funk,never,25
1995,R&B & Funk,style,25
1995,R&B & Funk,soul,25
1995,R&B & Funk,little,25
1995,R&B & Funk,let,25
1995,R&B & Funk,lie,24
1995,R&B & Funk,time,24
1995,R&B & Funk,way,23
1995,R&B & Funk,got,22
1995,R&B & Funk,night,22
1995,R&B & Funk,friend,19
1995,R&B & Funk,ain,18
1995,R&B & Funk,body,18
1995,Reggae,love,29
1995,Reggae,mishale,22
1995,Reggae,get,20
1995,Reggae,right,15
1995,Reggae,pull,13
1995,Reggae,bitch,11
1995,Reggae,bumper,10
1995,Reggae,one,10
1995,Reggae,shit,10
1995,Reggae,loving,9
1995,Reggae,light,9
1995,Reggae,heaven,9
1995,Reggae,know,8
1995,Reggae,never,8
1995,Reggae,together,8
1995,Reggae,come,7
1995,Reggae,got,7
1995,Reggae,lil,7
1995,Reggae,nigga,7
1995,Reggae,people,7
1995,Reggae,try,7
1995,Reggae,ain,6
1995,Reggae,another,6
1995,Reggae,brother,6
1995,Reggae,everybody,6
1995,Rock,love,145
1995,Rock,know,143
1995,Rock,let,113
1995,Rock,time,101
1995,Rock,one,93
1995,Rock,say,89
1995,Rock,got,78
1995,Rock,never,76
1995,Rock,way,73
1995,Rock,said,66
1995,Rock,come,66
1995,Rock,heart,65
1995,Rock,get,63
1995,Rock,see,62
1995,Rock,want,62
1995,Rock,would,55
1995,Rock,won,52
1995,Rock,think,51
1995,Rock,man,50
1995,Rock,could,45
1995,Rock,really,45
1995,Rock,tell,45
1995,Rock,believe,43
1995,Rock,bang,42
1995,Rock,hand,42
1996,Avant-Garde & Experimental,inanna,9
1996,Avant-Garde & Experimental,boys,7
1996,Avant-Garde & Experimental,bring,6
1996,Avant-Garde & Experimental,son,6
1996,Avant-Garde & Experimental,caught,4
1996,Avant-Garde & Experimental,side,4
1996,Avant-Garde & Experimental,building,3
1996,Avant-Garde & Experimental,big,3
1996,Avant-Garde & Experimental,right,3
1996,Avant-Garde & Experimental,need,3
1996,Avant-Garde & Experimental,love,3
1996,Avant-Garde & Experimental,loan,3
1996,Avant-Garde & Experimental,know,3
1996,Avant-Garde & Experimental,john,3
1996,Avant-Garde & Experimental,girl,3
1996,Avant-Garde & Experimental,didn,3
1996,Avant-Garde & Experimental,couldn,3
1996,Avant-Garde & Experimental,tumbling,3
1996,Avant-Garde & Experimental,stand,3
1996,Avant-Garde & Experimental,small,3
1996,Avant-Garde & Experimental,zone,3
1996,Avant-Garde & Experimental,got,2
1996,Avant-Garde & Experimental,left,2
1996,Avant-Garde & Experimental,lite,2
1996,Avant-Garde & Experimental,belle,2
1996,Blues & Soul,nigga,44
1996,Blues & Soul,get,44
1996,Blues & Soul,float,36
1996,Blues & Soul,love,34
1996,Blues & Soul,ain,29
1996,Blues & Soul,rum,28
1996,Blues & Soul,know,27
1996,Blues & Soul,top,27
1996,Blues & Soul,got,26
1996,Blues & Soul,wit,25
1996,Blues & Soul,tell,23
1996,Blues & Soul,one,22
1996,Blues & Soul,make,19
1996,Blues & Soul,shit,18
1996,Blues & Soul,time,17
1996,Blues & Soul,see,17
1996,Blues & Soul,bitch,17
1996,Blues & Soul,give,16
1996,Blues & Soul,busy,16
1996,Blues & Soul,gun,16
1996,Blues & Soul,take,16
1996,Blues & Soul,let,15
1996,Blues & Soul,rose,15
1996,Blues & Soul,want,15
1996,Blues & Soul,cry,15
1996,Christian,got,11
1996,Christian,lift,10
1996,Christian,say,9
1996,Christian,something,8
1996,Christian,freedom,7
1996,Christian,way,7
1996,Christian,confession,5
1996,Christian,needs,4
1996,Christian,made,4
1996,Christian,keep,3
1996,Christian,goes,3
1996,Christian,get,3
1996,Christian,sun,3
1996,Christian,straight,3
1996,Christian,recompense,2
1996,Christian,resolution,2
1996,Christian,away,2
1996,Christian,days,2
1996,Christian,drowning,2
1996,Christian,dying,2
1996,Christian,falling,2
1996,Christian,hold,2
1996,Christian,waves,2
1996,Christian,weak,2
1996,Christian,must,2
1996,Country & Folk,know,40
1996,Country & Folk,little,36
1996,Country & Folk,love,34
1996,Country & Folk,one,33
1996,Country & Folk,want,28
1996,Country & Folk,maria,27
1996,Country & Folk,see,23
1996,Country & Folk,bitty,21
1996,Country & Folk,got,20
1996,Country & Folk,well,19
1996,Country & Folk,god,17
1996,Country & Folk,back,17
1996,Country & Folk,come,16
1996,Country & Folk,make,16
1996,Country & Folk,give,15
1996,Country & Folk,look,14
1996,Country & Folk,get,14
1996,Country & Folk,night,13
1996,Country & Folk,way,13
1996,Country & Folk,around,13
1996,Country & Folk,time,12
1996,Country & Folk,hallelujah,12
1996,Country & Folk,strawberry,11
1996,Country & Folk,wine,11
1996,Country & Folk,girl,11
1996,Electronic,birling,267
1996,Electronic,inspector,245
1996,Electronic,sheila,172
1996,Electronic,gerald,162
1996,Electronic,know,160
1996,Electronic,love,142
1996,Electronic,say,137
1996,Electronic,boom,105
1996,Electronic,mrs,104
1996,Electronic,yes,96
1996,Electronic,one,90
1996,Electronic,get,83
1996,Electronic,see,83
1996,Electronic,time,82
1996,Electronic,well,81
1996,Electronic,girl,74
1996,Electronic,let,67
1996,Electronic,eric,66
1996,Electronic,think,65
1996,Electronic,little,63
1996,Electronic,never,54
1996,Electronic,look,53
1996,Electronic,miss,51
1996,Electronic,ain,49
1996,Electronic,come,48
1996,Hip Hop,labour,1942
1996,Hip Hop,says,1250
1996,Hip Hop,production,1014
1996,Hip Hop,one,969
1996,Hip Hop,value,873
1996,Hip Hop,get,805
1996,Hip Hop,capital,778
1996,Hip Hop,know,646
1996,Hip Hop,mam,639
1996,Hip Hop,time,613
1996,Hip Hop,day,589
1996,Hip Hop,man,501
1996,Hip Hop,money,481
1996,Hip Hop,back,468
1996,Hip Hop,dad,440
1996,Hip Hop,come,438
1996,Hip Hop,see,437
1996,Hip Hop,two,408
1996,Hip Hop,means,400
1996,Hip Hop,form,399
1996,Hip Hop,power,383
1996,Hip Hop,tell,380
1996,Hip Hop,malachy,375
1996,Hip Hop,way,368
1996,Hip Hop,never,368
1996,Jazz,love,31
1996,Jazz,black,21
1996,Jazz,rob,20
1996,Jazz,want,16
1996,Jazz,lose,16
1996,Jazz,time,12
1996,Jazz,let,11
1996,Jazz,know,11
1996,Jazz,hold,10
1996,Jazz,say,10
1996,Jazz,heart,10
1996,Jazz,girl,9
1996,Jazz,got,9
1996,Jazz,take,8
1996,Jazz,good,8
1996,Jazz,darlin,8
1996,Jazz,every,7
1996,Jazz,fall,7
1996,Jazz,man,7
1996,Jazz,right,6
1996,Jazz,tell,6
1996,Jazz,won,6
1996,Jazz,wanna,5
1996,Jazz,shit,5
1996,Jazz,live,5
1996,Latin,dreaming,10
1996,Latin,world,6
1996,Latin,tonight,5
1996,Latin,room,4
1996,Latin,rather,4
1996,Latin,nowhere,4
1996,Latin,love,3
1996,Latin,till,3
1996,Latin,stop,3
1996,Latin,see,3
1996,Latin,tomorrow,3
1996,Latin,cómo,2
1996,Latin,holding,2
1996,Latin,late,2
1996,Latin,night,2
1996,Latin,sleeping,2
1996,Latin,stay,2
1996,Latin,think,2
1996,Latin,tight,2
1996,Latin,wonder,2
1996,Latin,would,2
1996,Latin,believe,1
1996,Latin,amor,1
1996,Latin,acoustic,1
1996,Latin,guitar,1
1996,Other,need,62
1996,Other,love,55
1996,Other,dont,41
1996,Other,saying,30
1996,Other,good,23
1996,Other,show,22
1996,Other,want,22
1996,Other,feels,21
1996,Other,please,19
1996,Other,side,19
1996,Other,right,16
1996,Other,never,15
1996,Other,stay,15
1996,Other,bring,15
1996,Other,back,15
1996,Other,would,14
1996,Other,amish,14
1996,Other,days,13
1996,Other,memories,13
1996,Other,take,13
1996,Other,rainy,13
1996,Other,probably,12
1996,Other,paradise,12
1996,Other,living,12
1996,Other,know,12
1996,Pop,love,282
1996,Pop,want,147
1996,Pop,know,143
1996,Pop,back,105
1996,Pop,one,101
1996,Pop,let,93
1996,Pop,wanna,92
1996,Pop,time,84
1996,Pop,get,82
1996,Pop,say,81
1996,Pop,got,81
1996,Pop,come,72
1996,Pop,never,70
1996,Pop,need,65
1996,Pop,alone,60
1996,Pop,really,59
1996,Pop,see,59
1996,Pop,right,59
1996,Pop,take,57
1996,Pop,heart,54
1996,Pop,girl,54
1996,Pop,still,52
1996,Pop,shoo,50
1996,Pop,life,50
1996,Pop,always,49
1996,R&B & Funk,love,135
1996,R&B & Funk,let,68
1996,R&B & Funk,know,52
1996,R&B & Funk,girl,49
1996,R&B & Funk,lady,47
1996,R&B & Funk,body,44
1996,R&B & Funk,never,41
1996,R&B & Funk,tell,38
1996,R&B & Funk,make,35
1996,R&B & Funk,get,33
1996,R&B & Funk,better,32
1996,R&B & Funk,away,30
1996,R&B & Funk,one,26
1996,R&B & Funk,see,24
1996,R&B & Funk,house,24
1996,R&B & Funk,say,23
1996,R&B & Funk,feel,20
1996,R&B & Funk,keeper,20
1996,R&B & Funk,going,19
1996,R&B & Funk,heart,19
1996,R&B & Funk,time,19
1996,R&B & Funk,cruise,18
1996,R&B & Funk,things,18
1996,R&B & Funk,would,17
1996,R&B & Funk,looking,17
1996,Reggae,makes,19
1996,Reggae,girl,18
1996,Reggae,nobody,18
1996,Reggae,ain,15
1996,Reggae,kind,14
1996,Reggae,love,13
1996,Reggae,loves,12
1996,Reggae,feel,12
1996,Reggae,better,12
1996,Reggae,way,12
1996,Reggae,one,10
1996,Reggae,right,9
1996,Reggae,make,9
1996,Reggae,happy,9
1996,Reggae,get,9
1996,Reggae,know,7
1996,Reggae,together,7
1996,Reggae,another,6
1996,Reggae,let,6
1996,Reggae,brother,6
1996,Reggae,everybody,6
1996,Reggae,got,6
1996,Reggae,lover,6
1996,Reggae,try,6
1996,Reggae,mon,6
1996,Rock,know,86
1996,Rock,time,84
1996,Rock,love,81
1996,Rock,said,70
1996,Rock,let,66
1996,Rock,one,63
1996,Rock,see,62
1996,Rock,never,61
1996,Rock,still,60
1996,Rock,make,59
1996,Rock,got,48
1996,Rock,come,47
1996,Rock,take,47
1996,Rock,think,44
1996,Rock,want,43
1996,Rock,world,41
1996,Rock,way,40
1996,Rock,could,40
1996,Rock,light,37
1996,Rock,tonight,37
1996,Rock,night,35
1996,Rock,well,34
1996,Rock,thing,34
1996,Rock,peaches,34
1996,Rock,believe,33
1997,Avant-Garde & Experimental,doo,50
1997,Avant-Garde & Experimental,got,20
1997,Avant-Garde & Experimental,know,18
1997,Avant-Garde & Experimental,want,17
1997,Avant-Garde & Experimental,little,15
1997,Avant-Garde & Experimental,doooo,15
1997,Avant-Garde & Experimental,see,11
1997,Avant-Garde & Experimental,flavors,11
1997,Avant-Garde & Experimental,said,10
1997,Avant-Garde & Experimental,years,9
1997,Avant-Garde & Experimental,lives,9
1997,Avant-Garde & Experimental,need,9
1997,Avant-Garde & Experimental,hear,9
1997,Avant-Garde & Experimental,one,8
1997,Avant-Garde & Experimental,girl,8
1997,Avant-Garde & Experimental,say,8
1997,Avant-Garde & Experimental,wait,8
1997,Avant-Garde & Experimental,bridge,7
1997,Avant-Garde & Experimental,came,7
1997,Avant-Garde & Experimental,eyes,7
1997,Avant-Garde & Experimental,gone,7
1997,Avant-Garde & Experimental,sunny,7
1997,Avant-Garde & Experimental,cowboys,6
1997,Avant-Garde & Experimental,best,6
1997,Avant-Garde & Experimental,bring,6
1997,Blues & Soul,body,108
1997,Blues & Soul,nigga,44
1997,Blues & Soul,know,43
1997,Blues & Soul,get,40
1997,Blues & Soul,float,36
1997,Blues & Soul,ain,31
1997,Blues & Soul,top,29
1997,Blues & Soul,rum,28
1997,Blues & Soul,return,26
1997,Blues & Soul,love,26
1997,Blues & Soul,wit,25
1997,Blues & Soul,one,24
1997,Blues & Soul,mack,24
1997,Blues & Soul,never,22
1997,Blues & Soul,babe,22
1997,Blues & Soul,back,21
1997,Blues & Soul,got,21
1997,Blues & Soul,man,19
1997,Blues & Soul,round,18
1997,Blues & Soul,see,18
1997,Blues & Soul,shit,18
1997,Blues & Soul,said,17
1997,Blues & Soul,let,17
1997,Blues & Soul,give,17
1997,Blues & Soul,bitch,17
1997,Christian,love,11
1997,Christian,got,11
1997,Christian,say,10
1997,Christian,way,10
1997,Christian,something,8
1997,Christian,freedom,7
1997,Christian,confession,5
1997,Christian,place,4
1997,Christian,needs,4
1997,Christian,made,4
1997,Christian,know,4
1997,Christian,kind,4
1997,Christian,would,4
1997,Christian,never,3
1997,Christian,harm,3
1997,Christian,goes,3
1997,Christian,get,3
1997,Christian,sun,3
1997,Christian,straight,3
1997,Christian,away,2
1997,Christian,blame,2
1997,Christian,came,2
1997,Christian,must,2
1997,Christian,pain,2
1997,Christian,peel,2
1997,Classical,serenade,12
1997,Classical,love,5
1997,Classical,heart,4
1997,Classical,song,3
1997,Classical,give,2
1997,Classical,never,2
1997,Classical,blessing,1
1997,Classical,angels,1
1997,Classical,angel,1
1997,Classical,alone,1
1997,Classical,keep,1
1997,Classical,help,1
1997,Classical,heavenly,1
1997,Classical,got,1
1997,Classical,find,1
1997,Classical,dream,1
1997,Classical,destiny,1
1997,Classical,came,1
1997,Classical,calling,1
1997,Classical,worry,1
1997,Classical,way,1
1997,Classical,warm,1
1997,Classical,true,1
1997,Classical,sweet,1
1997,Classical,spirits,1
1997,Country & Folk,love,88
1997,Country & Folk,one,40
1997,Country & Folk,little,37
1997,Country & Folk,know,34
1997,Country & Folk,night,32
1997,Country & Folk,gone,31
1997,Country & Folk,get,29
1997,Country & Folk,done,26
1997,Country & Folk,everybody,25
1997,Country & Folk,life,24
1997,Country & Folk,light,24
1997,Country & Folk,well,23
1997,Country & Folk,bitty,21
1997,Country & Folk,every,21
1997,Country & Folk,want,21
1997,Country & Folk,ever,21
1997,Country & Folk,without,21
1997,Country & Folk,time,17
1997,Country & Folk,talkin,17
1997,Country & Folk,right,17
1997,Country & Folk,never,17
1997,Country & Folk,heart,17
1997,Country & Folk,got,17
1997,Country & Folk,away,16
1997,Country & Folk,live,16
1997,Electronic,love,286
1997,Electronic,world,154
1997,Electronic,around,152
1997,Electronic,one,91
1997,Electronic,say,65
1997,Electronic,time,54
1997,Electronic,want,53
1997,Electronic,come,52
1997,Electronic,know,47
1997,Electronic,let,47
1997,Electronic,night,47
1997,Electronic,get,44
1997,Electronic,little,40
1997,Electronic,feel,39
1997,Electronic,good,39
1997,Electronic,bit,39
1997,Electronic,must,38
1997,Electronic,make,38
1997,Electronic,play,38
1997,Electronic,barbie,38
1997,Electronic,never,37
1997,Electronic,got,36
1997,Electronic,put,36
1997,Electronic,need,35
1997,Electronic,see,35
1997,Hip Hop,get,188
1997,Hip Hop,got,178
1997,Hip Hop,know,124
1997,Hip Hop,back,116
1997,Hip Hop,make,114
1997,Hip Hop,one,114
1997,Hip Hop,love,111
1997,Hip Hop,see,110
1997,Hip Hop,ain,110
1997,Hip Hop,nigga,104
1997,Hip Hop,let,92
1997,Hip Hop,lookin,90
1997,Hip Hop,come,84
1997,Hip Hop,niggas,80
1997,Hip Hop,shit,74
1997,Hip Hop,world,71
1997,Hip Hop,dip,68
1997,Hip Hop,wanna,67
1997,Hip Hop,keep,67
1997,Hip Hop,feel,66
1997,Hip Hop,going,66
1997,Hip Hop,cali,64
1997,Hip Hop,put,64
1997,Hip Hop,boy,62
1997,Hip Hop,smokin,60
1997,Jazz,love,51
1997,Jazz,need,30
1997,Jazz,right,23
1997,Jazz,black,21
1997,Jazz,let,20
1997,Jazz,rob,20
1997,Jazz,make,17
1997,Jazz,got,16
1997,Jazz,know,16
1997,Jazz,together,14
1997,Jazz,come,14
1997,Jazz,one,13
1997,Jazz,alright,13
1997,Jazz,things,13
1997,Jazz,time,13
1997,Jazz,want,12
1997,Jazz,sometimes,12
1997,Jazz,forever,12
1997,Jazz,heart,11
1997,Jazz,around,11
1997,Jazz,live,10
1997,Jazz,life,10
1997,Jazz,wake,9
1997,Jazz,spend,9
1997,Jazz,night,9
1997,Other,feat,86
1997,Other,man,84
1997,Other,one,83
1997,Other,mind,64
1997,Other,love,59
1997,Other,another,57
1997,Other,know,56
1997,Other,every,54
1997,Other,thought,54
1997,Other,nature,52
1997,Other,men,50
1997,Other,power,50
1997,Other,see,49
1997,Other,never,47
1997,Other,life,45
1997,Other,got,42
1997,Other,ain,42
1997,Other,world,41
1997,Other,say,39
1997,Other,must,39
1997,Other,new,38
1997,Other,time,36
1997,Other,day,35
1997,Other,want,35
1997,Other,daddy,34
1997,Pop,love,466
1997,Pop,know,273
1997,Pop,got,166
1997,Pop,wanna,155
1997,Pop,want,137
1997,Pop,one,129
1997,Pop,say,122
1997,Pop,time,120
1997,Pop,really,118
1997,Pop,heart,114
1997,Pop,never,112
1997,Pop,need,112
1997,Pop,get,111
1997,Pop,make,97
1997,Pop,back,95
1997,Pop,way,95
1997,Pop,rap,94
1997,Pop,right,92
1997,Pop,see,86
1997,Pop,always,86
1997,Pop,feel,84
1997,Pop,let,84
1997,Pop,girl,84
1997,Pop,could,79
1997,Pop,every,77
1997,R&B & Funk,life,361
1997,R&B & Funk,get,313
1997,R&B & Funk,let,116
1997,R&B & Funk,one,116
1997,R&B & Funk,way,90
1997,R&B & Funk,love,85
1997,R&B & Funk,set,80
1997,R&B & Funk,back,74
1997,R&B & Funk,know,68
1997,R&B & Funk,take,55
1997,R&B & Funk,girl,54
1997,R&B & Funk,make,54
1997,R&B & Funk,body,53
1997,R&B & Funk,wheat,49
1997,R&B & Funk,time,48
1997,R&B & Funk,heart,46
1997,R&B & Funk,better,45
1997,R&B & Funk,east,45
1997,R&B & Funk,west,43
1997,R&B & Funk,right,42
1997,R&B & Funk,want,41
1997,R&B & Funk,day,39
1997,R&B & Funk,see,39
1997,R&B & Funk,ghetto,37
1997,R&B & Funk,eme,36
1997,Reggae,bye,26
1997,Reggae,say,21
1997,Reggae,prayer,16
1997,Reggae,little,16
1997,Reggae,love,15
1997,Reggae,forever,14
1997,Reggae,ever,10
1997,Reggae,never,9
1997,Reggae,u200b,8
1997,Reggae,together,8
1997,Reggae,dance,7
1997,Reggae,step,6
1997,Reggae,tell,6
1997,Reggae,girl,6
1997,Reggae,gets,5
1997,Reggae,part,5
1997,Reggae,heart,5
1997,Reggae,got,5
1997,Reggae,make,5
1997,Reggae,run,5
1997,Reggae,relationship,5
1997,Reggae,think,5
1997,Reggae,take,5
1997,Reggae,stay,5
1997,Reggae,without,4
1997,Rock,doo,90
1997,Rock,get,89
1997,Rock,one,76
1997,Rock,love,74
1997,Rock,never,71
1997,Rock,know,56
1997,Rock,let,53
1997,Rock,make,51
1997,Rock,night,50
1997,Rock,afraid,45
1997,Rock,away,43
1997,Rock,world,40
1997,Rock,want,40
1997,Rock,keep,38
1997,Rock,way,33
1997,Rock,see,31
1997,Rock,light,31
1997,Rock,nothing,31
1997,Rock,could,31
1997,Rock,say,30
1997,Rock,knocked,29
1997,Rock,time,29
1997,Rock,take,29
1997,Rock,got,26
1997,Rock,wanna,26
1998,Avant-Garde & Experimental,doo,50
1998,Avant-Garde & Experimental,want,30
1998,Avant-Garde & Experimental,jackie,21
1998,Avant-Garde & Experimental,say,20
1998,Avant-Garde & Experimental,know,19
1998,Avant-Garde & Experimental,doooo,15
1998,Avant-Garde & Experimental,flavors,11
1998,Avant-Garde & Experimental,came,9
1998,Avant-Garde & Experimental,lives,9
1998,Avant-Garde & Experimental,need,9
1998,Avant-Garde & Experimental,mean,9
1998,Avant-Garde & Experimental,really,9
1998,Avant-Garde & Experimental,wait,8
1998,Avant-Garde & Experimental,said,8
1998,Avant-Garde & Experimental,turn,7
1998,Avant-Garde & Experimental,sunny,7
1998,Avant-Garde & Experimental,make,7
1998,Avant-Garde & Experimental,yes,6
1998,Avant-Garde & Experimental,strength,6
1998,Avant-Garde & Experimental,one,6
1998,Avant-Garde & Experimental,never,6
1998,Avant-Garde & Experimental,love,6
1998,Avant-Garde & Experimental,light,6
1998,Avant-Garde & Experimental,home,6
1998,Avant-Garde & Experimental,girl,6
1998,Blues & Soul,body,103
1998,Blues & Soul,babe,20
1998,Blues & Soul,make,19
1998,Blues & Soul,moan,16
1998,Blues & Soul,wanna,13
1998,Blues & Soul,take,13
1998,Blues & Soul,home,12
1998,Blues & Soul,song,11
1998,Blues & Soul,gotta,10
1998,Blues & Soul,old,10
1998,Blues & Soul,night,10
1998,Blues & Soul,love,9
1998,Blues & Soul,girl,9
1998,Blues & Soul,better,8
1998,Blues & Soul,want,7
1998,Blues & Soul,morning,7
1998,Blues & Soul,light,7
1998,Blues & Soul,else,7
1998,Blues & Soul,wow,6
1998,Blues & Soul,think,6
1998,Blues & Soul,show,6
1998,Blues & Soul,rub,6
1998,Blues & Soul,know,6
1998,Blues & Soul,lick,6
1998,Blues & Soul,groan,6
1998,Children's,want,20
1998,Children's,miss,19
1998,Children's,dream,11
1998,Children's,thing,9
1998,Children's,close,8
1998,Children's,even,7
1998,Children's,eyes,6
1998,Children's,asleep,5
1998,Children's,moment,5
1998,Children's,fall,5
1998,Children's,would,4
1998,Children's,still,4
1998,Children's,stay,4
1998,Children's,wanna,4
1998,Children's,sweetest,4
1998,Children's,never,4
1998,Children's,could,3
1998,Children's,forever,3
1998,Children's,dreaming,2
1998,Children's,heart,2
1998,Children's,kiss,2
1998,Children's,one,2
1998,Children's,smile,2
1998,Children's,every,1
1998,Children's,ever,1
1998,Christian,love,91
1998,Christian,give,43
1998,Christian,good,33
1998,Christian,know,6
1998,Christian,never,5
1998,Christian,sometimes,5
1998,Christian,would,4
1998,Christian,kind,4
1998,Christian,gotta,3
1998,Christian,feel,3
1998,Christian,place,3
1998,Christian,moment,3
1998,Christian,harm,3
1998,Christian,way,3
1998,Christian,came,2
1998,Christian,could,2
1998,Christian,day,2
1998,Christian,let,2
1998,Christian,life,2
1998,Christian,need,2
1998,Christian,ain,2
1998,Christian,world,2
1998,Christian,pain,2
1998,Christian,save,2
1998,Christian,seen,2
1998,Country & Folk,love,163
1998,Country & Folk,one,109
1998,Country & Folk,know,85
1998,Country & Folk,heart,80
1998,Country & Folk,want,75
1998,Country & Folk,way,64
1998,Country & Folk,time,60
1998,Country & Folk,life,53
1998,Country & Folk,see,53
1998,Country & Folk,never,51
1998,Country & Folk,still,48
1998,Country & Folk,would,43
1998,Country & Folk,let,42
1998,Country & Folk,said,40
1998,Country & Folk,done,37
1998,Country & Folk,day,36
1998,Country & Folk,gone,35
1998,Country & Folk,everybody,35
1998,Country & Folk,kiss,33
1998,Country & Folk,get,33
1998,Country & Folk,eyes,33
1998,Country & Folk,little,32
1998,Country & Folk,live,32
1998,Country & Folk,really,31
1998,Country & Folk,right,31
1998,Electronic,world,168
1998,Electronic,around,164
1998,Electronic,love,124
1998,Electronic,one,120
1998,Electronic,right,90
1998,Electronic,get,80
1998,Electronic,bout,75
1998,Electronic,know,75
1998,Electronic,let,74
1998,Electronic,come,72
1998,Electronic,see,71
1998,Electronic,say,70
1998,Electronic,time,70
1998,Electronic,soul,70
1998,Electronic,till,67
1998,Electronic,brother,65
1998,Electronic,funk,63
1998,Electronic,old,63
1998,Electronic,never,62
1998,Electronic,good,62
1998,Electronic,feel,56
1998,Electronic,make,52
1998,Electronic,life,47
1998,Electronic,night,45
1998,Electronic,man,43
1998,Hip Hop,know,239
1998,Hip Hop,got,234
1998,Hip Hop,get,216
1998,Hip Hop,wanna,149
1998,Hip Hop,make,136
1998,Hip Hop,back,136
1998,Hip Hop,let,134
1998,Hip Hop,love,133
1998,Hip Hop,see,132
1998,Hip Hop,ain,118
1998,Hip Hop,want,118
1998,Hip Hop,featuring,107
1998,Hip Hop,come,97
1998,Hip Hop,nigga,95
1998,Hip Hop,say,92
1998,Hip Hop,niggas,90
1998,Hip Hop,never,89
1998,Hip Hop,one,83
1998,Hip Hop,big,82
1998,Hip Hop,keep,81
1998,Hip Hop,boy,80
1998,Hip Hop,right,79
1998,Hip Hop,feel,75
1998,Hip Hop,going,75
1998,Hip Hop,take,74
1998,Jazz,love,22
1998,Jazz,world,13
1998,Jazz,know,11
1998,Jazz,needs,11
1998,Jazz,dionne,9
1998,Jazz,knew,8
1998,Jazz,wish,8
1998,Jazz,warwick,8
1998,Jazz,together,8
1998,Jazz,get,7
1998,Jazz,come,5
1998,Jazz,enough,5
1998,Jazz,little,5
1998,Jazz,sweet,5
1998,Jazz,want,4
1998,Jazz,stronger,4
1998,Jazz,show,4
1998,Jazz,younger,4
1998,Jazz,need,4
1998,Jazz,got,4
1998,Jazz,could,4
1998,Jazz,man,3
1998,Jazz,lord,3
1998,Jazz,even,3
1998,Jazz,bit,3
1998,Latin,feat,86
1998,Latin,die,30
1998,Latin,love,28
1998,Latin,michael,17
1998,Latin,der,16
1998,Latin,ich,16
1998,Latin,williams,14
1998,Latin,peter,14
1998,Latin,das,13
1998,Latin,rihanna,12
1998,Latin,one,12
1998,Latin,queen,11
1998,Latin,jackson,11
1998,Latin,boys,11
1998,Latin,night,10
1998,Latin,world,9
1998,Latin,time,9
1998,Latin,robbie,9
1998,Latin,little,9
1998,Latin,jan,9
1998,Latin,john,9
1998,Latin,fire,9
1998,Latin,fettes,9
1998,Latin,david,9
1998,Latin,brot,9
1998,Other,body,92
1998,Other,wanna,87
1998,Other,feat,86
1998,Other,bump,81
1998,Other,one,77
1998,Other,know,73
1998,Other,love,69
1998,Other,yippie,52
1998,Other,see,47
1998,Other,night,46
1998,Other,never,45
1998,Other,time,43
1998,Other,shall,41
1998,Other,life,38
1998,Other,would,37
1998,Other,day,37
1998,Other,man,36
1998,Other,come,35
1998,Other,let,34
1998,Other,long,34
1998,Other,get,33
1998,Other,die,33
1998,Other,old,32
1998,Other,good,31
1998,Other,men,31
1998,Pop,know,404
1998,Pop,love,373
1998,Pop,never,194
1998,Pop,get,178
1998,Pop,got,169
1998,Pop,feel,164
1998,Pop,right,157
1998,Pop,make,155
1998,Pop,need,151
1998,Pop,way,149
1998,Pop,girl,148
1998,Pop,see,142
1998,Pop,want,142
1998,Pop,time,134
1998,Pop,really,129
1998,Pop,say,126
1998,Pop,heart,124
1998,Pop,ever,123
1998,Pop,wanna,121
1998,Pop,let,118
1998,Pop,come,113
1998,Pop,one,107
1998,Pop,boy,107
1998,Pop,tell,107
1998,Pop,could,103
1998,R&B & Funk,day,33
1998,R&B & Funk,stop,29
1998,R&B & Funk,love,22
1998,R&B & Funk,good,20
1998,R&B & Funk,got,20
1998,R&B & Funk,could,17
1998,R&B & Funk,every,15
1998,R&B & Funk,know,15
1998,R&B & Funk,get,14
1998,R&B & Funk,never,13
1998,R&B & Funk,world,12
1998,R&B & Funk,would,11
1998,R&B & Funk,girl,11
1998,R&B & Funk,everyone,11
1998,R&B & Funk,damn,11
1998,R&B & Funk,better,11
1998,R&B & Funk,around,11
1998,R&B & Funk,say,10
1998,R&B & Funk,find,9
1998,R&B & Funk,goin,9
1998,R&B & Funk,represent,9
1998,R&B & Funk,one,9
1998,R&B & Funk,time,9
1998,R&B & Funk,won,9
1998,R&B & Funk,westside,8
1998,Reggae,boom,32
1998,Reggae,love,30
1998,Reggae,bye,26
1998,Reggae,dance,15
1998,Reggae,gal,12
1998,Reggae,say,12
1998,Reggae,girl,9
1998,Reggae,party,9
1998,Reggae,romance,9
1998,Reggae,u200b,8
1998,Reggae,room,8
1998,Reggae,walk,8
1998,Reggae,loves,8
1998,Reggae,ina,8
1998,Reggae,confusion,8
1998,Reggae,chaka,8
1998,Reggae,think,7
1998,Reggae,make,7
1998,Reggae,step,6
1998,Reggae,tell,6
1998,Reggae,got,6
1998,Reggae,away,6
1998,Reggae,gets,5
1998,Reggae,livin,5
1998,Reggae,man,5
1998,Rock,doo,138
1998,Rock,get,122
1998,Rock,away,99
1998,Rock,never,84
1998,Rock,know,78
1998,Rock,want,60
1998,Rock,would,48
1998,Rock,time,48
1998,Rock,afraid,43
1998,Rock,keep,42
1998,Rock,gotta,40
1998,Rock,ever,39
1998,Rock,see,37
1998,Rock,night,35
1998,Rock,love,35
1998,Rock,wish,34
1998,Rock,make,34
1998,Rock,got,34
1998,Rock,say,34
1998,Rock,world,33
1998,Rock,could,32
1998,Rock,one,32
1998,Rock,jive,32
1998,Rock,knocked,29
1998,Rock,intergalactic,29
1999,Avant-Garde & Experimental,said,13
1999,Avant-Garde & Experimental,bliss,9
1999,Avant-Garde & Experimental,another,7
1999,Avant-Garde & Experimental,kind,7
1999,Avant-Garde & Experimental,comes,4
1999,Avant-Garde & Experimental,right,4
1999,Avant-Garde & Experimental,maybe,4
1999,Avant-Garde & Experimental,steady,4
1999,Avant-Garde & Experimental,take,2
1999,Avant-Garde & Experimental,taste,2
1999,Avant-Garde & Experimental,wonder,2
1999,Avant-Garde & Experimental,circuitry,1
1999,Avant-Garde & Experimental,bridge,1
1999,Avant-Garde & Experimental,bilocate,1
1999,Avant-Garde & Experimental,mine,1
1999,Avant-Garde & Experimental,means,1
1999,Avant-Garde & Experimental,made,1
1999,Avant-Garde & Experimental,let,1
1999,Avant-Garde & Experimental,lately,1
1999,Avant-Garde & Experimental,know,1
1999,Avant-Garde & Experimental,killed,1
1999,Avant-Garde & Experimental,kachina,1
1999,Avant-Garde & Experimental,juice,1
1999,Avant-Garde & Experimental,hot,1
1999,Avant-Garde & Experimental,horse,1
1999,Blues & Soul,rain,39
1999,Blues & Soul,cloud,19
1999,Blues & Soul,come,18
1999,Blues & Soul,get,18
1999,Blues & Soul,sunshine,13
1999,Blues & Soul,cried,11
1999,Blues & Soul,want,11
1999,Blues & Soul,sure,10
1999,Blues & Soul,gone,9
1999,Blues & Soul,give,9
1999,Blues & Soul,really,8
1999,Blues & Soul,let,8
1999,Blues & Soul,need,7
1999,Blues & Soul,place,6
1999,Blues & Soul,back,6
1999,Blues & Soul,around,5
1999,Blues & Soul,make,5
1999,Blues & Soul,time,5
1999,Blues & Soul,take,5
1999,Blues & Soul,whatever,4
1999,Blues & Soul,turns,4
1999,Blues & Soul,things,4
1999,Blues & Soul,tell,4
1999,Blues & Soul,show,4
1999,Blues & Soul,reality,4
1999,Children's,want,20
1999,Children's,miss,19
1999,Children's,dream,11
1999,Children's,thing,9
1999,Children's,close,8
1999,Children's,even,7
1999,Children's,eyes,6
1999,Children's,moment,5
1999,Children's,fall,5
1999,Children's,asleep,5
1999,Children's,would,4
1999,Children's,wanna,4
1999,Children's,sweetest,4
1999,Children's,still,4
1999,Children's,stay,4
1999,Children's,never,4
1999,Children's,could,3
1999,Children's,forever,3
1999,Children's,kiss,2
1999,Children's,one,2
1999,Children's,smile,2
1999,Children's,dreaming,2
1999,Children's,heart,2
1999,Children's,bridge,1
1999,Children's,breathin,1
1999,Christian,sunshine,29
1999,Christian,days,11
1999,Christian,love,10
1999,Christian,away,10
1999,Christian,right,10
1999,Christian,always,8
1999,Christian,stay,8
1999,Christian,never,7
1999,Christian,brighten,6
1999,Christian,life,4
1999,Christian,know,3
1999,Christian,day,3
1999,Christian,came,3
1999,Christian,believe,2
1999,Christian,cloudy,2
1999,Christian,filled,2
1999,Christian,goodbye,2
1999,Christian,lonely,2
1999,Christian,rain,2
1999,Christian,swept,2
1999,Christian,way,2
1999,Christian,without,2
1999,Christian,find,1
1999,Christian,finally,1
1999,Christian,every,1
1999,Country & Folk,love,217
1999,Country & Folk,know,122
1999,Country & Folk,never,116
1999,Country & Folk,way,115
1999,Country & Folk,get,110
1999,Country & Folk,one,92
1999,Country & Folk,heart,88
1999,Country & Folk,let,88
1999,Country & Folk,man,85
1999,Country & Folk,little,84
1999,Country & Folk,time,83
1999,Country & Folk,say,77
1999,Country & Folk,got,75
1999,Country & Folk,said,68
1999,Country & Folk,think,65
1999,Country & Folk,life,62
1999,Country & Folk,want,61
1999,Country & Folk,right,61
1999,Country & Folk,thing,59
1999,Country & Folk,back,54
1999,Country & Folk,see,54
1999,Country & Folk,feel,53
1999,Country & Folk,come,53
1999,Country & Folk,could,53
1999,Country & Folk,take,51
1999,Electronic,bout,86
1999,Electronic,soul,65
1999,Electronic,funk,62
1999,Electronic,brother,62
1999,Electronic,dye,56
1999,Electronic,dee,56
1999,Electronic,boom,54
1999,Electronic,right,52
1999,Electronic,say,47
1999,Electronic,blue,36
1999,Electronic,whoa,34
1999,Electronic,know,29
1999,Electronic,check,29
1999,Electronic,love,28
1999,Electronic,rockafeller,28
1999,Electronic,come,27
1999,Electronic,let,26
1999,Electronic,want,23
1999,Electronic,party,22
1999,Electronic,wanna,21
1999,Electronic,together,21
1999,Electronic,woooo,20
1999,Electronic,get,17
1999,Electronic,crime,17
1999,Electronic,way,17
1999,Hip Hop,know,276
1999,Hip Hop,get,195
1999,Hip Hop,got,161
1999,Hip Hop,make,154
1999,Hip Hop,dat,152
1999,Hip Hop,let,151
1999,Hip Hop,nigga,142
1999,Hip Hop,wanna,123
1999,Hip Hop,love,120
1999,Hip Hop,want,104
1999,Hip Hop,ain,98
1999,Hip Hop,niggas,88
1999,Hip Hop,whoot,86
1999,Hip Hop,come,84
1999,Hip Hop,shit,82
1999,Hip Hop,say,80
1999,Hip Hop,one,73
1999,Hip Hop,man,73
1999,Hip Hop,huh,70
1999,Hip Hop,name,68
1999,Hip Hop,thing,67
1999,Hip Hop,still,64
1999,Hip Hop,put,64
1999,Hip Hop,money,64
1999,Hip Hop,hot,64
1999,Jazz,president,26
1999,Jazz,first,13
1999,Jazz,one,11
1999,Jazz,new,11
1999,Jazz,kennedy,11
1999,Jazz,today,8
1999,Jazz,things,8
1999,Jazz,senator,8
1999,Jazz,war,7
1999,Jazz,never,7
1999,Jazz,george,7
1999,Jazz,time,6
1999,Jazz,say,6
1999,Jazz,richard,6
1999,Jazz,nixon,6
1999,Jazz,american,5
1999,Jazz,congress,5
1999,Jazz,died,5
1999,Jazz,john,5
1999,Jazz,little,5
1999,Jazz,many,5
1999,Jazz,man,5
1999,Jazz,much,5
1999,Jazz,see,5
1999,Jazz,world,5
1999,Latin,know,33
1999,Latin,need,32
1999,Latin,bit,24
1999,Latin,little,24
1999,Latin,girl,14
1999,Latin,tell,12
1999,Latin,take,6
1999,Latin,let,6
1999,Latin,one,5
1999,Latin,true,5
1999,Latin,way,5
1999,Latin,side,4
1999,Latin,sandra,4
1999,Latin,rita,4
1999,Latin,wondering,4
1999,Latin,pre,4
1999,Latin,number,4
1999,Latin,mambo,4
1999,Latin,leave,4
1999,Latin,gotta,4
1999,Latin,feeling,4
1999,Latin,ever,4
1999,Latin,alone,4
1999,Latin,jessica,3
1999,Latin,hands,3
1999,Other,love,37
1999,Other,got,28
1999,Other,want,21
1999,Other,one,19
1999,Other,get,19
1999,Other,goes,19
1999,Other,everything,18
1999,Other,heart,18
1999,Other,make,17
1999,Other,let,17
1999,Other,know,16
1999,Other,need,14
1999,Other,never,14
1999,Other,music,13
1999,Other,hold,13
1999,Other,ain,12
1999,Other,forget,12
1999,Other,said,12
1999,Other,inside,11
1999,Other,hear,11
1999,Other,man,11
1999,Other,kiss,11
1999,Other,chanukah,11
1999,Other,always,11
1999,Other,town,10
1999,Pop,love,486
1999,Pop,know,309
1999,Pop,say,241
1999,Pop,get,219
1999,Pop,come,174
1999,Pop,never,170
1999,Pop,wanna,164
1999,Pop,girl,162
1999,Pop,right,154
1999,Pop,make,153
1999,Pop,want,149
1999,Pop,see,146
1999,Pop,need,145
1999,Pop,way,144
1999,Pop,give,138
1999,Pop,feel,132
1999,Pop,one,131
1999,Pop,tell,126
1999,Pop,time,120
1999,Pop,ain,118
1999,Pop,bon,116
1999,Pop,life,115
1999,Pop,got,115
1999,Pop,let,114
1999,Pop,would,110
1999,R&B & Funk,love,47
1999,R&B & Funk,know,43
1999,R&B & Funk,say,42
1999,R&B & Funk,day,40
1999,R&B & Funk,got,33
1999,R&B & Funk,party,29
1999,R&B & Funk,never,28
1999,R&B & Funk,dance,22
1999,R&B & Funk,one,22
1999,R&B & Funk,wanna,22
1999,R&B & Funk,way,21
1999,R&B & Funk,life,21
1999,R&B & Funk,always,20
1999,R&B & Funk,stop,20
1999,R&B & Funk,think,19
1999,R&B & Funk,every,19
1999,R&B & Funk,everything,19
1999,R&B & Funk,want,18
1999,R&B & Funk,could,17
1999,R&B & Funk,let,17
1999,R&B & Funk,take,17
1999,R&B & Funk,took,16
1999,R&B & Funk,1999,15
1999,R&B & Funk,won,15
1999,R&B & Funk,time,15
1999,Rock,know,103
1999,Rock,away,102
1999,Rock,way,95
1999,Rock,get,92
1999,Rock,one,76
1999,Rock,got,68
1999,Rock,say,65
1999,Rock,want,63
1999,Rock,feel,62
1999,Rock,take,60
1999,Rock,love,56
1999,Rock,never,55
1999,Rock,would,54
1999,Rock,come,51
1999,Rock,could,50
1999,Rock,doo,48
1999,Rock,world,48
1999,Rock,around,45
1999,Rock,long,44
1999,Rock,make,44
1999,Rock,let,43
1999,Rock,see,41
1999,Rock,right,36
1999,Rock,tell,36
1999,Rock,run,35
2000,Blues & Soul,rain,39
2000,Blues & Soul,cloud,19
2000,Blues & Soul,get,19
2000,Blues & Soul,chula,18
2000,Blues & Soul,come,18
2000,Blues & Soul,mama,18
2000,Blues & Soul,try,18
2000,Blues & Soul,maria,14
2000,Blues & Soul,sunshine,13
2000,Blues & Soul,ahora,12
2000,Blues & Soul,vengo,12
2000,Blues & Soul,want,11
2000,Blues & Soul,santana,11
2000,Blues & Soul,cried,11
2000,Blues & Soul,sure,10
2000,Blues & Soul,carlos,9
2000,Blues & Soul,gone,9
2000,Blues & Soul,give,9
2000,Blues & Soul,love,9
2000,Blues & Soul,world,8
2000,Blues & Soul,really,8
2000,Blues & Soul,need,8
2000,Blues & Soul,let,8
2000,Blues & Soul,goodbye,8
2000,Blues & Soul,away,8
2000,Children's,daylight,17
2000,Children's,prayin,17
2000,Children's,night,11
2000,Children's,spend,10
2000,Children's,make,10
2000,Children's,another,10
2000,Children's,lonely,10
2000,Children's,life,5
2000,Children's,whole,4
2000,Children's,wanna,4
2000,Children's,waiting,4
2000,Children's,right,4
2000,Children's,morning,4
2000,Children's,swear,4
2000,Children's,sun,4
2000,Children's,wrong,4
2000,Children's,come,4
2000,Children's,back,4
2000,Children's,ain,4
2000,Children's,act,4
2000,Children's,goin,4
2000,Children's,love,3
2000,Children's,didn,2
2000,Children's,know,2
2000,Children's,leave,2
2000,Christian,praise,36
2000,Christian,wanna,18
2000,Christian,hands,12
2000,Christian,mary,12
2000,Christian,lift,12
2000,Christian,shoes,11
2000,Christian,one,10
2000,Christian,know,10
2000,Christian,heart,10
2000,Christian,dance,10
2000,Christian,mama,9
2000,Christian,need,9
2000,Christian,take,9
2000,Christian,word,9
2000,Christian,want,8
2000,Christian,open,8
2000,Christian,broke,8
2000,Christian,christmas,8
2000,Christian,chains,8
2000,Christian,sir,7
2000,Christian,time,6
2000,Christian,see,6
2000,Christian,shackles,6
2000,Christian,look,6
2000,Christian,make,6
2000,Country & Folk,love,171
2000,Country & Folk,know,115
2000,Country & Folk,way,101
2000,Country & Folk,one,97
2000,Country & Folk,said,86
2000,Country & Folk,never,73
2000,Country & Folk,heart,68
2000,Country & Folk,time,65
2000,Country & Folk,get,63
2000,Country & Folk,need,60
2000,Country & Folk,make,54
2000,Country & Folk,got,53
2000,Country & Folk,see,51
2000,Country & Folk,day,51
2000,Country & Folk,let,48
2000,Country & Folk,around,45
2000,Country & Folk,feel,45
2000,Country & Folk,could,43
2000,Country & Folk,little,41
2000,Country & Folk,always,40
2000,Country & Folk,back,40
2000,Country & Folk,life,40
2000,Country & Folk,tell,40
2000,Country & Folk,well,40
2000,Country & Folk,night,37
2000,Electronic,bout,73
2000,Electronic,soul,65
2000,Electronic,brother,63
2000,Electronic,funk,62
2000,Electronic,dee,56
2000,Electronic,dye,56
2000,Electronic,right,51
2000,Electronic,zombie,43
2000,Electronic,blue,36
2000,Electronic,rockafeller,28
2000,Electronic,check,28
2000,Electronic,sim,24
2000,Electronic,dem,24
2000,Electronic,simma,24
2000,Electronic,girl,18
2000,Electronic,think,18
2000,Electronic,girls,16
2000,Electronic,could,15
2000,Electronic,man,15
2000,Electronic,way,15
2000,Electronic,feel,14
2000,Electronic,know,13
2000,Electronic,make,12
2000,Electronic,sexual,12
2000,Electronic,zow,11
2000,Hip Hop,get,189
2000,Hip Hop,know,164
2000,Hip Hop,got,161
2000,Hip Hop,nigga,139
2000,Hip Hop,ain,137
2000,Hip Hop,let,124
2000,Hip Hop,make,112
2000,Hip Hop,niggas,105
2000,Hip Hop,girl,105
2000,Hip Hop,say,102
2000,Hip Hop,want,100
2000,Hip Hop,hot,94
2000,Hip Hop,love,90
2000,Hip Hop,back,89
2000,Hip Hop,come,89
2000,Hip Hop,see,88
2000,Hip Hop,wanna,88
2000,Hip Hop,shit,84
2000,Hip Hop,one,84
2000,Hip Hop,fuck,79
2000,Hip Hop,whoa,76
2000,Hip Hop,good,76
2000,Hip Hop,world,74
2000,Hip Hop,gon,72
2000,Hip Hop,ass,70
2000,Jazz,president,26
2000,Jazz,first,13
2000,Jazz,kennedy,11
2000,Jazz,one,11
2000,Jazz,new,11
2000,Jazz,today,8
2000,Jazz,things,8
2000,Jazz,senator,8
2000,Jazz,never,7
2000,Jazz,george,7
2000,Jazz,war,7
2000,Jazz,time,6
2000,Jazz,say,6
2000,Jazz,richard,6
2000,Jazz,nixon,6
2000,Jazz,american,5
2000,Jazz,congress,5
2000,Jazz,died,5
2000,Jazz,john,5
2000,Jazz,little,5
2000,Jazz,many,5
2000,Jazz,man,5
2000,Jazz,much,5
2000,Jazz,see,5
2000,Jazz,world,5
2000,Latin,know,40
2000,Latin,need,32
2000,Latin,bit,24
2000,Latin,little,24
2000,Latin,pretty,23
2000,Latin,girl,20
2000,Latin,see,20
2000,Latin,tricky,20
2000,Latin,love,15
2000,Latin,tell,14
2000,Latin,believe,13
2000,Latin,likes,11
2000,Latin,feel,11
2000,Latin,one,10
2000,Latin,didn,10
2000,Latin,eyes,9
2000,Latin,sing,9
2000,Latin,true,8
2000,Latin,sang,8
2000,Latin,man,8
2000,Latin,around,7
2000,Latin,undertaker,6
2000,Latin,troublemaker,6
2000,Latin,soulshaker,6
2000,Latin,take,6
2000,Other,could,58
2000,Other,come,47
2000,Other,want,42
2000,Other,know,34
2000,Other,got,31
2000,Other,night,30
2000,Other,get,30
2000,Other,love,29
2000,Other,cry,28
2000,Other,let,27
2000,Other,make,27
2000,Other,heart,26
2000,Other,never,25
2000,Other,life,24
2000,Other,won,24
2000,Other,forever,22
2000,Other,loves,19
2000,Other,goes,19
2000,Other,kiss,18
2000,Other,one,18
2000,Other,girl,17
2000,Other,home,17
2000,Other,way,17
2000,Other,whitney,16
2000,Other,hold,16
2000,Pop,love,507
2000,Pop,know,389
2000,Pop,wanna,324
2000,Pop,say,265
2000,Pop,see,226
2000,Pop,one,219
2000,Pop,girl,207
2000,Pop,get,206
2000,Pop,think,192
2000,Pop,let,190
2000,Pop,come,188
2000,Pop,got,187
2000,Pop,time,187
2000,Pop,man,183
2000,Pop,tell,175
2000,Pop,back,162
2000,Pop,make,162
2000,Pop,right,160
2000,Pop,give,158
2000,Pop,heart,157
2000,Pop,need,156
2000,Pop,tonight,149
2000,Pop,ain,147
2000,Pop,night,139
2000,Pop,life,132
2000,R&B & Funk,bloom,434
2000,R&B & Funk,stephen,147
2000,R&B & Funk,know,124
2000,R&B & Funk,one,115
2000,R&B & Funk,whoop,107
2000,R&B & Funk,zoe,106
2000,R&B & Funk,let,105
2000,R&B & Funk,hand,96
2000,R&B & Funk,love,85
2000,R&B & Funk,back,84
2000,R&B & Funk,man,78
2000,R&B & Funk,mrs,75
2000,R&B & Funk,time,69
2000,R&B & Funk,right,68
2000,R&B & Funk,say,67
2000,R&B & Funk,never,66
2000,R&B & Funk,head,65
2000,R&B & Funk,old,63
2000,R&B & Funk,girl,62
2000,R&B & Funk,face,61
2000,R&B & Funk,watch,59
2000,R&B & Funk,two,59
2000,R&B & Funk,lynch,58
2000,R&B & Funk,eyes,56
2000,R&B & Funk,see,55
2000,Reggae,angel,20
2000,Reggae,girl,20
2000,Reggae,nigga,17
2000,Reggae,wasn,16
2000,Reggae,bad,15
2000,Reggae,boyz,13
2000,Reggae,type,13
2000,Reggae,shaggy,11
2000,Reggae,darling,10
2000,Reggae,caught,10
2000,Reggae,tell,9
2000,Reggae,know,9
2000,Reggae,say,8
2000,Reggae,rikrok,8
2000,Reggae,shit,7
2000,Reggae,shorty,7
2000,Reggae,rayvon,7
2000,Reggae,one,7
2000,Reggae,never,7
2000,Reggae,niggas,7
2000,Reggae,need,6
2000,Reggae,heh,6
2000,Reggae,bangin,6
2000,Reggae,bang,5
2000,Reggae,back,5
2000,Rock,way,69
2000,Rock,take,68
2000,Rock,know,66
2000,Rock,life,65
2000,Rock,let,52
2000,Rock,see,50
2000,Rock,make,48
2000,Rock,time,48
2000,Rock,never,48
2000,Rock,one,45
2000,Rock,could,44
2000,Rock,around,42
2000,Rock,nothing,40
2000,Rock,would,39
2000,Rock,love,39
2000,Rock,away,39
2000,Rock,looking,37
2000,Rock,ain,36
2000,Rock,feel,35
2000,Rock,day,35
2000,Rock,world,35
2000,Rock,ever,34
2000,Rock,home,33
2000,Rock,long,32
2000,Rock,well,31
2001,Avant-Garde & Experimental,going,12
2001,Avant-Garde & Experimental,way,5
2001,Avant-Garde & Experimental,father,4
2001,Avant-Garde & Experimental,chris,4
2001,Avant-Garde & Experimental,bono,4
2001,Avant-Garde & Experimental,know,3
2001,Avant-Garde & Experimental,got,3
2001,Avant-Garde & Experimental,find,3
2001,Avant-Garde & Experimental,brother,3
2001,Avant-Garde & Experimental,bring,3
2001,Avant-Garde & Experimental,stay,3
2001,Avant-Garde & Experimental,lovin,3
2001,Avant-Garde & Experimental,block,2
2001,Avant-Garde & Experimental,punish,2
2001,Avant-Garde & Experimental,see,2
2001,Avant-Garde & Experimental,talk,2
2001,Avant-Garde & Experimental,brutality,2
2001,Avant-Garde & Experimental,lines,2
2001,Avant-Garde & Experimental,many,2
2001,Avant-Garde & Experimental,mother,2
2001,Avant-Garde & Experimental,picket,2
2001,Avant-Garde & Experimental,won,2
2001,Avant-Garde & Experimental,everybody,1
2001,Avant-Garde & Experimental,escalate,1
2001,Avant-Garde & Experimental,dying,1
2001,Blues & Soul,music,50
2001,Blues & Soul,love,25
2001,Blues & Soul,know,20
2001,Blues & Soul,girl,19
2001,Blues & Soul,got,19
2001,Blues & Soul,want,15
2001,Blues & Soul,brotha,15
2001,Blues & Soul,doo,15
2001,Blues & Soul,turn,14
2001,Blues & Soul,black,12
2001,Blues & Soul,one,12
2001,Blues & Soul,keep,11
2001,Blues & Soul,fill,11
2001,Blues & Soul,ain,11
2001,Blues & Soul,video,10
2001,Blues & Soul,true,10
2001,Blues & Soul,sunday,10
2001,Blues & Soul,average,10
2001,Blues & Soul,right,9
2001,Blues & Soul,forever,8
2001,Blues & Soul,said,8
2001,Blues & Soul,time,7
2001,Blues & Soul,say,7
2001,Blues & Soul,see,7
2001,Blues & Soul,get,7
2001,Christian,shoes,11
2001,Christian,heart,10
2001,Christian,word,9
2001,Christian,one,9
2001,Christian,mama,9
2001,Christian,christmas,8
2001,Christian,want,8
2001,Christian,open,8
2001,Christian,sir,7
2001,Christian,look,6
2001,Christian,make,6
2001,Christian,know,5
2001,Christian,buy,5
2001,Christian,need,5
2001,Christian,time,5
2001,Christian,tonight,4
2001,Christian,lord,4
2001,Christian,little,4
2001,Christian,sure,4
2001,Christian,meets,4
2001,Christian,beautiful,4
2001,Christian,jesus,4
2001,Christian,guide,4
2001,Christian,could,4
2001,Christian,cloudy,3
2001,Classical,christmas,9
2001,Classical,heart,3
2001,Classical,love,3
2001,Classical,away,2
2001,Classical,feel,2
2001,Classical,know,2
2001,Classical,one,2
2001,Classical,time,2
2001,Classical,used,2
2001,Classical,fill,1
2001,Classical,fade,1
2001,Classical,everywhere,1
2001,Classical,every,1
2001,Classical,done,1
2001,Classical,changing,1
2001,Classical,changes,1
2001,Classical,care,1
2001,Classical,bring,1
2001,Classical,rearranging,1
2001,Classical,play,1
2001,Classical,outro,1
2001,Classical,never,1
2001,Classical,music,1
2001,Classical,mind,1
2001,Classical,mean,1
2001,Country & Folk,love,142
2001,Country & Folk,know,136
2001,Country & Folk,one,98
2001,Country & Folk,time,84
2001,Country & Folk,get,82
2001,Country & Folk,heart,78
2001,Country & Folk,day,73
2001,Country & Folk,way,73
2001,Country & Folk,think,72
2001,Country & Folk,never,61
2001,Country & Folk,make,57
2001,Country & Folk,say,54
2001,Country & Folk,right,53
2001,Country & Folk,well,52
2001,Country & Folk,around,51
2001,Country & Folk,come,51
2001,Country & Folk,back,50
2001,Country & Folk,tell,48
2001,Country & Folk,said,45
2001,Country & Folk,every,45
2001,Country & Folk,night,43
2001,Country & Folk,good,43
2001,Country & Folk,see,43
2001,Country & Folk,got,42
2001,Country & Folk,talk,41
2001,Electronic,get,87
2001,Electronic,look,43
2001,Electronic,celebrate,42
2001,Electronic,dun,39
2001,Electronic,beep,39
2001,Electronic,free,35
2001,Electronic,time,35
2001,Electronic,one,33
2001,Electronic,nyu,31
2001,Electronic,commotion,27
2001,Electronic,start,27
2001,Electronic,simma,24
2001,Electronic,sim,24
2001,Electronic,dem,24
2001,Electronic,feeling,22
2001,Electronic,got,21
2001,Electronic,love,21
2001,Electronic,dream,20
2001,Electronic,music,19
2001,Electronic,put,19
2001,Electronic,dance,18
2001,Electronic,girls,16
2001,Electronic,around,16
2001,Electronic,body,15
2001,Electronic,boom,15
2001,Hip Hop,got,217
2001,Hip Hop,get,191
2001,Hip Hop,ain,182
2001,Hip Hop,know,173
2001,Hip Hop,love,110
2001,Hip Hop,featuring,105
2001,Hip Hop,see,103
2001,Hip Hop,wanna,101
2001,Hip Hop,bwok,100
2001,Hip Hop,back,88
2001,Hip Hop,high,86
2001,Hip Hop,boy,85
2001,Hip Hop,fresh,83
2001,Hip Hop,one,82
2001,Hip Hop,bah,80
2001,Hip Hop,let,80
2001,Hip Hop,come,78
2001,Hip Hop,clean,76
2001,Hip Hop,nigga,74
2001,Hip Hop,def,70
2001,Hip Hop,niggas,68
2001,Hip Hop,girls,68
2001,Hip Hop,want,66
2001,Hip Hop,take,65
2001,Hip Hop,hook,64
2001,Jazz,angel,26
2001,Jazz,need,11
2001,Jazz,tonight,10
2001,Jazz,miracle,6
2001,Jazz,life,4
2001,Jazz,know,4
2001,Jazz,prayer,3
2001,Jazz,give,3
2001,Jazz,everywhere,3
2001,Jazz,breathe,3
2001,Jazz,answer,3
2001,Jazz,shelter,3
2001,Jazz,rain,3
2001,Jazz,things,2
2001,Jazz,find,2
2001,Jazz,tell,2
2001,Jazz,believing,1
2001,Jazz,around,1
2001,Jazz,aha,1
2001,Jazz,light,1
2001,Jazz,inside,1
2001,Jazz,heart,1
2001,Jazz,friend,1
2001,Jazz,feel,1
2001,Jazz,ease,1
2001,Latin,know,40
2001,Latin,para,31
2001,Latin,turn,23
2001,Latin,soul,22
2001,Latin,light,22
2001,Latin,bomba,21
2001,Latin,sexy,21
2001,Latin,follow,19
2001,Latin,una,18
2001,Latin,acaba,17
2001,Latin,movimiento,17
2001,Latin,see,13
2001,Latin,abajo,12
2001,Latin,need,12
2001,Latin,home,12
2001,Latin,arriba,12
2001,Latin,bird,11
2001,Latin,love,10
2001,Latin,fly,10
2001,Latin,away,10
2001,Latin,sensual,9
2001,Latin,say,9
2001,Latin,así,8
2001,Latin,mano,8
2001,Latin,las,8
2001,Other,one,52
2001,Other,back,51
2001,Other,get,50
2001,Other,come,50
2001,Other,know,48
2001,Other,got,48
2001,Other,take,43
2001,Other,want,43
2001,Other,way,42
2001,Other,say,38
2001,Other,love,37
2001,Other,time,37
2001,Other,right,36
2001,Other,wanna,32
2001,Other,make,32
2001,Other,ain,32
2001,Other,night,27
2001,Other,man,26
2001,Other,must,26
2001,Other,let,23
2001,Other,fly,23
2001,Other,feel,23
2001,Other,tonight,23
2001,Other,minute,22
2001,Other,give,22
2001,Pop,love,395
2001,Pop,know,327
2001,Pop,get,325
2001,Pop,got,228
2001,Pop,girl,207
2001,Pop,let,198
2001,Pop,see,189
2001,Pop,tell,173
2001,Pop,man,171
2001,Pop,one,168
2001,Pop,wanna,167
2001,Pop,way,165
2001,Pop,think,162
2001,Pop,want,145
2001,Pop,say,145
2001,Pop,come,144
2001,Pop,time,141
2001,Pop,life,138
2001,Pop,ain,131
2001,Pop,need,126
2001,Pop,right,125
2001,Pop,day,115
2001,Pop,never,112
2001,Pop,could,109
2001,Pop,take,109
2001,R&B & Funk,know,82
2001,R&B & Funk,soul,41
2001,R&B & Funk,sista,40
2001,R&B & Funk,minute,34
2001,R&B & Funk,wait,34
2001,R&B & Funk,way,32
2001,R&B & Funk,maybe,32
2001,R&B & Funk,come,31
2001,R&B & Funk,never,30
2001,R&B & Funk,think,30
2001,R&B & Funk,girl,28
2001,R&B & Funk,get,28
2001,R&B & Funk,deserve,24
2001,R&B & Funk,better,22
2001,R&B & Funk,take,21
2001,R&B & Funk,tonight,21
2001,R&B & Funk,time,20
2001,R&B & Funk,back,19
2001,R&B & Funk,need,19
2001,R&B & Funk,say,19
2001,R&B & Funk,home,18
2001,R&B & Funk,let,18
2001,R&B & Funk,told,17
2001,R&B & Funk,love,16
2001,R&B & Funk,getting,16
2001,Reggae,girl,20
2001,Reggae,angel,20
2001,Reggae,wasn,16
2001,Reggae,shaggy,11
2001,Reggae,caught,10
2001,Reggae,darling,10
2001,Reggae,know,9
2001,Reggae,tell,8
2001,Reggae,rikrok,8
2001,Reggae,say,7
2001,Reggae,shorty,7
2001,Reggae,rayvon,7
2001,Reggae,never,7
2001,Reggae,heh,6
2001,Reggae,said,5
2001,Reggae,peeps,5
2001,Reggae,next,5
2001,Reggae,need,5
2001,Reggae,lady,5
2001,Reggae,friend,5
2001,Reggae,door,5
2001,Reggae,could,5
2001,Reggae,closer,5
2001,Reggae,bangin,5
2001,Reggae,back,5
2001,Rock,check,112
2001,Rock,know,101
2001,Rock,love,88
2001,Rock,time,88
2001,Rock,come,84
2001,Rock,rock,81
2001,Rock,one,81
2001,Rock,see,73
2001,Rock,fall,69
2001,Rock,way,68
2001,Rock,never,64
2001,Rock,could,63
2001,Rock,song,59
2001,Rock,feel,58
2001,Rock,okay,57
2001,Rock,album,54
2001,Rock,away,50
2001,Rock,even,49
2001,Rock,make,47
2001,Rock,take,47
2001,Rock,get,47
2001,Rock,day,41
2001,Rock,everything,41
2001,Rock,good,41
2001,Rock,say,41
2002,Avant-Garde & Experimental,never,5
2002,Avant-Garde & Experimental,dreaming,4
2002,Avant-Garde & Experimental,sleeping,3
2002,Avant-Garde & Experimental,every,2
2002,Avant-Garde & Experimental,great,2
2002,Avant-Garde & Experimental,keeping,2
2002,Avant-Garde & Experimental,knew,2
2002,Avant-Garde & Experimental,liked,2
2002,Avant-Garde & Experimental,one,2
2002,Avant-Garde & Experimental,right,2
2002,Avant-Garde & Experimental,girl,1
2002,Avant-Garde & Experimental,funny,1
2002,Avant-Garde & Experimental,feeling,1
2002,Avant-Garde & Experimental,even,1
2002,Avant-Garde & Experimental,days,1
2002,Avant-Garde & Experimental,dates,1
2002,Avant-Garde & Experimental,could,1
2002,Avant-Garde & Experimental,call,1
2002,Avant-Garde & Experimental,around,1
2002,Avant-Garde & Experimental,movies,1
2002,Avant-Garde & Experimental,move,1
2002,Avant-Garde & Experimental,midnight,1
2002,Avant-Garde & Experimental,made,1
2002,Avant-Garde & Experimental,looks,1
2002,Avant-Garde & Experimental,lines,1
2002,Blues & Soul,love,33
2002,Blues & Soul,ain,20
2002,Blues & Soul,away,19
2002,Blues & Soul,place,19
2002,Blues & Soul,anymore,18
2002,Blues & Soul,walking,17
2002,Blues & Soul,know,16
2002,Blues & Soul,girl,16
2002,Blues & Soul,brotha,15
2002,Blues & Soul,doo,15
2002,Blues & Soul,one,14
2002,Blues & Soul,sky,12
2002,Blues & Soul,mansion,12
2002,Blues & Soul,want,11
2002,Blues & Soul,true,11
2002,Blues & Soul,video,10
2002,Blues & Soul,sunday,10
2002,Blues & Soul,rather,10
2002,Blues & Soul,life,10
2002,Blues & Soul,better,10
2002,Blues & Soul,average,10
2002,Blues & Soul,sleep,9
2002,Blues & Soul,need,9
2002,Blues & Soul,find,9
2002,Blues & Soul,day,9
2002,Country & Folk,love,129
2002,Country & Folk,know,89
2002,Country & Folk,time,81
2002,Country & Folk,day,68
2002,Country & Folk,get,60
2002,Country & Folk,one,59
2002,Country & Folk,never,57
2002,Country & Folk,heart,56
2002,Country & Folk,got,54
2002,Country & Folk,man,51
2002,Country & Folk,well,51
2002,Country & Folk,long,49
2002,Country & Folk,little,48
2002,Country & Folk,come,48
2002,Country & Folk,said,45
2002,Country & Folk,wanna,45
2002,Country & Folk,think,44
2002,Country & Folk,say,44
2002,Country & Folk,back,44
2002,Country & Folk,make,43
2002,Country & Folk,way,43
2002,Country & Folk,would,41
2002,Country & Folk,right,40
2002,Country & Folk,getcha,39
2002,Country & Folk,beautiful,38
2002,Electronic,love,44
2002,Electronic,said,29
2002,Electronic,need,22
2002,Electronic,come,21
2002,Electronic,give,21
2002,Electronic,man,17
2002,Electronic,gyal,16
2002,Electronic,want,16
2002,Electronic,boy,15
2002,Electronic,without,15
2002,Electronic,see,13
2002,Electronic,know,13
2002,Electronic,get,13
2002,Electronic,dem,13
2002,Electronic,devonte,12
2002,Electronic,metro,12
2002,Electronic,tanto,12
2002,Electronic,still,12
2002,Electronic,something,12
2002,Electronic,think,11
2002,Electronic,heaven,11
2002,Electronic,head,11
2002,Electronic,first,11
2002,Electronic,feel,11
2002,Electronic,days,11
2002,Hip Hop,got,227
2002,Hip Hop,get,217
2002,Hip Hop,know,153
2002,Hip Hop,wanna,128
2002,Hip Hop,see,121
2002,Hip Hop,nigga,115
2002,Hip Hop,let,112
2002,Hip Hop,gon,109
2002,Hip Hop,one,100
2002,Hip Hop,boy,98
2002,Hip Hop,make,97
2002,Hip Hop,back,96
2002,Hip Hop,girls,94
2002,Hip Hop,ain,93
2002,Hip Hop,time,91
2002,Hip Hop,never,87
2002,Hip Hop,say,85
2002,Hip Hop,shit,81
2002,Hip Hop,bah,80
2002,Hip Hop,man,78
2002,Hip Hop,right,75
2002,Hip Hop,love,72
2002,Hip Hop,girl,70
2002,Hip Hop,huh,69
2002,Hip Hop,come,68
2002,Latin,turn,23
2002,Latin,light,22
2002,Latin,follow,19
2002,Latin,see,12
2002,Latin,anda,12
2002,Latin,quítame,11
2002,Latin,say,7
2002,Latin,dreams,7
2002,Latin,tough,6
2002,Latin,que,6
2002,Latin,quítalo,6
2002,Latin,rough,6
2002,Latin,inténtalo,6
2002,Latin,til,5
2002,Latin,know,5
2002,Latin,con,5
2002,Latin,girl,4
2002,Latin,act,4
2002,Latin,donde,4
2002,Latin,del,4
2002,Latin,llega,4
2002,Latin,well,4
2002,Latin,day,3
2002,Latin,cuerpo,3
2002,Latin,corazón,3
2002,Other,love,73
2002,Other,make,42
2002,Other,time,41
2002,Other,night,41
2002,Other,back,37
2002,Other,know,35
2002,Other,say,33
2002,Other,boy,27
2002,Other,ain,26
2002,Other,good,25
2002,Other,get,25
2002,Other,wrong,24
2002,Other,picked,23
2002,Other,one,22
2002,Other,girl,21
2002,Other,boys,19
2002,Other,girls,19
2002,Other,song,18
2002,Other,come,17
2002,Other,way,16
2002,Other,feels,15
2002,Other,got,15
2002,Other,really,15
2002,Other,keep,13
2002,Other,rule,13
2002,Pop,love,481
2002,Pop,know,376
2002,Pop,get,266
2002,Pop,one,242
2002,Pop,wanna,237
2002,Pop,got,222
2002,Pop,let,219
2002,Pop,girl,215
2002,Pop,see,203
2002,Pop,make,175
2002,Pop,want,161
2002,Pop,say,151
2002,Pop,life,148
2002,Pop,take,145
2002,Pop,need,140
2002,Pop,way,139
2002,Pop,ain,137
2002,Pop,come,131
2002,Pop,time,129
2002,Pop,back,114
2002,Pop,never,113
2002,Pop,feel,108
2002,Pop,man,108
2002,Pop,right,104
2002,Pop,keep,99
2002,R&B & Funk,love,96
2002,R&B & Funk,talkin,69
2002,R&B & Funk,know,39
2002,R&B & Funk,real,37
2002,R&B & Funk,girl,32
2002,R&B & Funk,life,32
2002,R&B & Funk,want,31
2002,R&B & Funk,please,31
2002,R&B & Funk,take,29
2002,R&B & Funk,one,27
2002,R&B & Funk,time,26
2002,R&B & Funk,let,24
2002,R&B & Funk,got,23
2002,R&B & Funk,really,22
2002,R&B & Funk,every,21
2002,R&B & Funk,paradise,21
2002,R&B & Funk,heart,20
2002,R&B & Funk,need,19
2002,R&B & Funk,never,18
2002,R&B & Funk,rather,18
2002,R&B & Funk,someone,18
2002,R&B & Funk,true,16
2002,R&B & Funk,tainted,16
2002,R&B & Funk,good,16
2002,R&B & Funk,way,16
2002,Rock,know,107
2002,Rock,one,100
2002,Rock,love,99
2002,Rock,feat,86
2002,Rock,away,83
2002,Rock,time,83
2002,Rock,never,73
2002,Rock,feel,73
2002,Rock,see,70
2002,Rock,everything,68
2002,Rock,life,67
2002,Rock,take,63
2002,Rock,let,59
2002,Rock,way,55
2002,Rock,okay,53
2002,Rock,need,51
2002,Rock,get,48
2002,Rock,aah,46
2002,Rock,always,46
2002,Rock,say,43
2002,Rock,right,43
2002,Rock,lord,42
2002,Rock,got,41
2002,Rock,could,40
2002,Rock,annie,40
2003,Avant-Garde & Experimental,day,17
2003,Avant-Garde & Experimental,life,7
2003,Avant-Garde & Experimental,one,7
2003,Avant-Garde & Experimental,dig,5
2003,Avant-Garde & Experimental,chicks,5
2003,Avant-Garde & Experimental,beautiful,5
2003,Avant-Garde & Experimental,chance,4
2003,Avant-Garde & Experimental,two,4
2003,Avant-Garde & Experimental,see,4
2003,Avant-Garde & Experimental,said,4
2003,Avant-Garde & Experimental,blessings,3
2003,Avant-Garde & Experimental,downs,3
2003,Avant-Garde & Experimental,didn,3
2003,Avant-Garde & Experimental,counting,3
2003,Avant-Garde & Experimental,chose,3
2003,Avant-Garde & Experimental,asked,3
2003,Avant-Garde & Experimental,along,3
2003,Avant-Garde & Experimental,leave,3
2003,Avant-Garde & Experimental,knowing,3
2003,Avant-Garde & Experimental,get,3
2003,Avant-Garde & Experimental,feeling,3
2003,Avant-Garde & Experimental,emotion,3
2003,Avant-Garde & Experimental,told,3
2003,Avant-Garde & Experimental,stay,3
2003,Avant-Garde & Experimental,questions,3
2003,Blues & Soul,vampire,142
2003,Blues & Soul,upon,82
2003,Blues & Soul,one,73
2003,Blues & Soul,lord,53
2003,Blues & Soul,may,43
2003,Blues & Soul,first,42
2003,Blues & Soul,yet,37
2003,Blues & Soul,would,37
2003,Blues & Soul,two,37
2003,Blues & Soul,life,37
2003,Blues & Soul,death,36
2003,Blues & Soul,place,36
2003,Blues & Soul,must,36
2003,Blues & Soul,well,36
2003,Blues & Soul,story,35
2003,Blues & Soul,little,35
2003,Blues & Soul,blood,34
2003,Blues & Soul,even,32
2003,Blues & Soul,vampires,31
2003,Blues & Soul,raby,31
2003,Blues & Soul,old,30
2003,Blues & Soul,horror,29
2003,Blues & Soul,der,29
2003,Blues & Soul,could,28
2003,Blues & Soul,body,28
2003,Christian,need,12
2003,Christian,imagine,11
2003,Christian,another,8
2003,Christian,lord,8
2003,Christian,right,6
2003,Christian,day,4
2003,Christian,come,3
2003,Christian,away,3
2003,Christian,way,3
2003,Christian,second,3
2003,Christian,minute,3
2003,Christian,make,3
2003,Christian,able,2
2003,Christian,awe,2
2003,Christian,best,2
2003,Christian,dance,2
2003,Christian,rescue,2
2003,Christian,fall,2
2003,Christian,feel,2
2003,Christian,forever,2
2003,Christian,friend,2
2003,Christian,glory,2
2003,Christian,hallelujah,2
2003,Christian,hands,2
2003,Christian,heart,2
2003,Classical,would,8
2003,Classical,love,6
2003,Classical,dance,6
2003,Classical,father,4
2003,Classical,another,3
2003,Classical,final,3
2003,Classical,ever,3
2003,Classical,could,3
2003,Classical,asleep,3
2003,Classical,one,3
2003,Classical,never,3
2003,Classical,know,2
2003,Classical,mother,2
2003,Classical,much,2
2003,Classical,night,2
2003,Classical,end,2
2003,Classical,even,2
2003,Classical,get,2
2003,Classical,play,2
2003,Classical,pray,2
2003,Classical,song,2
2003,Classical,loved,2
2003,Classical,make,2
2003,Classical,mama,2
2003,Classical,chance,1
2003,Country & Folk,proof,155
2003,Country & Folk,love,113
2003,Country & Folk,got,92
2003,Country & Folk,man,83
2003,Country & Folk,little,79
2003,Country & Folk,night,66
2003,Country & Folk,way,61
2003,Country & Folk,get,57
2003,Country & Folk,wanna,55
2003,Country & Folk,one,55
2003,Country & Folk,know,55
2003,Country & Folk,ain,54
2003,Country & Folk,see,54
2003,Country & Folk,never,51
2003,Country & Folk,time,50
2003,Country & Folk,said,49
2003,Country & Folk,well,49
2003,Country & Folk,good,47
2003,Country & Folk,take,47
2003,Country & Folk,back,46
2003,Country & Folk,long,46
2003,Country & Folk,right,44
2003,Country & Folk,day,43
2003,Country & Folk,going,40
2003,Country & Folk,come,39
2003,Electronic,doo,52
2003,Electronic,time,33
2003,Electronic,dance,29
2003,Electronic,come,28
2003,Electronic,good,24
2003,Electronic,dem,22
2003,Electronic,love,20
2003,Electronic,real,16
2003,Electronic,something,15
2003,Electronic,back,14
2003,Electronic,seen,12
2003,Electronic,say,12
2003,Electronic,run,12
2003,Electronic,know,12
2003,Electronic,give,12
2003,Electronic,wanna,11
2003,Electronic,girl,11
2003,Electronic,take,11
2003,Electronic,sorry,11
2003,Electronic,one,11
2003,Electronic,body,11
2003,Electronic,john,10
2003,Electronic,new,10
2003,Electronic,see,10
2003,Electronic,won,10
2003,Hip Hop,get,396
2003,Hip Hop,got,323
2003,Hip Hop,know,261
2003,Hip Hop,ain,222
2003,Hip Hop,let,187
2003,Hip Hop,right,181
2003,Hip Hop,see,153
2003,Hip Hop,nigga,145
2003,Hip Hop,wanna,143
2003,Hip Hop,shit,131
2003,Hip Hop,gon,131
2003,Hip Hop,one,130
2003,Hip Hop,never,126
2003,Hip Hop,make,123
2003,Hip Hop,come,119
2003,Hip Hop,man,115
2003,Hip Hop,back,114
2003,Hip Hop,girl,110
2003,Hip Hop,love,104
2003,Hip Hop,give,102
2003,Hip Hop,niggas,100
2003,Hip Hop,bitch,99
2003,Hip Hop,fuck,94
2003,Hip Hop,time,89
2003,Hip Hop,say,88
2003,Other,says,1223
2003,Other,mam,639
2003,Other,know,531
2003,Other,get,442
2003,Other,dad,441
2003,Other,one,419
2003,Other,malachy,375
2003,Other,tells,361
2003,Other,back,358
2003,Other,tell,358
2003,Other,mother,358
2003,Other,never,319
2003,Other,want,319
2003,Other,man,305
2003,Other,see,299
2003,Other,bed,297
2003,Other,home,290
2003,Other,day,289
2003,Other,say,281
2003,Other,god,277
2003,Other,head,273
2003,Other,little,263
2003,Other,come,258
2003,Other,going,250
2003,Other,said,248
2003,Pop,love,400
2003,Pop,know,393
2003,Pop,wanna,221
2003,Pop,one,216
2003,Pop,make,207
2003,Pop,let,194
2003,Pop,get,192
2003,Pop,girl,186
2003,Pop,got,180
2003,Pop,see,155
2003,Pop,take,149
2003,Pop,come,148
2003,Pop,back,148
2003,Pop,want,137
2003,Pop,need,130
2003,Pop,say,125
2003,Pop,tell,124
2003,Pop,life,121
2003,Pop,time,119
2003,Pop,ain,116
2003,Pop,right,116
2003,Pop,never,109
2003,Pop,way,102
2003,Pop,could,101
2003,Pop,said,98
2003,R&B & Funk,talkin,72
2003,R&B & Funk,love,61
2003,R&B & Funk,know,44
2003,R&B & Funk,life,29
2003,R&B & Funk,got,28
2003,R&B & Funk,give,28
2003,R&B & Funk,time,27
2003,R&B & Funk,one,25
2003,R&B & Funk,find,24
2003,R&B & Funk,take,24
2003,R&B & Funk,need,23
2003,R&B & Funk,heart,22
2003,R&B & Funk,send,21
2003,R&B & Funk,paradise,21
2003,R&B & Funk,angel,20
2003,R&B & Funk,come,20
2003,R&B & Funk,god,18
2003,R&B & Funk,rather,18
2003,R&B & Funk,won,17
2003,R&B & Funk,stay,17
2003,R&B & Funk,keep,17
2003,R&B & Funk,every,17
2003,R&B & Funk,body,16
2003,R&B & Funk,let,16
2003,R&B & Funk,world,15
2003,Rock,know,107
2003,Rock,away,88
2003,Rock,love,80
2003,Rock,one,77
2003,Rock,see,65
2003,Rock,take,60
2003,Rock,life,60
2003,Rock,always,60
2003,Rock,wanna,57
2003,Rock,right,57
2003,Rock,let,52
2003,Rock,never,50
2003,Rock,feel,49
2003,Rock,time,47
2003,Rock,everything,47
2003,Rock,back,47
2003,Rock,got,46
2003,Rock,get,44
2003,Rock,find,41
2003,Rock,won,40
2003,Rock,think,39
2003,Rock,way,39
2003,Rock,say,38
2003,Rock,done,37
2003,Rock,gone,35
2004,Avant-Garde & Experimental,sleep,8
2004,Avant-Garde & Experimental,wink,5
2004,Avant-Garde & Experimental,touch,5
2004,Avant-Garde & Experimental,til,5
2004,Avant-Garde & Experimental,face,5
2004,Avant-Garde & Experimental,dig,5
2004,Avant-Garde & Experimental,chicks,5
2004,Avant-Garde & Experimental,days,4
2004,Avant-Garde & Experimental,could,4
2004,Avant-Garde & Experimental,see,4
2004,Avant-Garde & Experimental,look,3
2004,Avant-Garde & Experimental,long,3
2004,Avant-Garde & Experimental,life,3
2004,Avant-Garde & Experimental,knees,3
2004,Avant-Garde & Experimental,ever,3
2004,Avant-Garde & Experimental,told,3
2004,Avant-Garde & Experimental,take,3
2004,Avant-Garde & Experimental,needed,3
2004,Avant-Garde & Experimental,made,3
2004,Avant-Garde & Experimental,asked,2
2004,Avant-Garde & Experimental,daddy,2
2004,Avant-Garde & Experimental,fades,2
2004,Avant-Garde & Experimental,glory,2
2004,Avant-Garde & Experimental,heal,2
2004,Avant-Garde & Experimental,hurts,2
2004,Blues & Soul,michael,476
2004,Blues & Soul,sonny,213
2004,Blues & Soul,corleone,206
2004,Blues & Soul,hagen,183
2004,Blues & Soul,day,173
2004,Blues & Soul,kay,120
2004,Blues & Soul,int,118
2004,Blues & Soul,car,117
2004,Blues & Soul,clemenza,116
2004,Blues & Soul,man,113
2004,Blues & Soul,ext,107
2004,Blues & Soul,sollozzo,107
2004,Blues & Soul,1945,105
2004,Blues & Soul,looks,94
2004,Blues & Soul,men,91
2004,Blues & Soul,one,86
2004,Blues & Soul,room,83
2004,Blues & Soul,see,76
2004,Blues & Soul,get,75
2004,Blues & Soul,winter,69
2004,Blues & Soul,back,69
2004,Blues & Soul,carlo,69
2004,Blues & Soul,moves,68
2004,Blues & Soul,want,68
2004,Blues & Soul,come,68
2004,Children's,bye,13
2004,Children's,mayberry,6
2004,Children's,miss,6
2004,Children's,nananananana,5
2004,Children's,nanananana,5
2004,Children's,pass,4
2004,Children's,old,4
2004,Children's,cherry,3
2004,Children's,call,3
2004,Children's,black,3
2004,Children's,first,3
2004,Children's,everything,3
2004,Children's,drinkin,3
2004,Children's,cold,3
2004,Children's,coke,3
2004,Children's,clouds,3
2004,Children's,pickin,3
2004,Children's,people,3
2004,Children's,white,3
2004,Children's,watchin,3
2004,Children's,string,3
2004,Children's,sometimes,3
2004,Children's,six,3
2004,Children's,sittin,3
2004,Children's,roll,3
2004,Christian,dare,15
2004,Christian,live,15
2004,Christian,move,12
2004,Christian,imagine,11
2004,Christian,meant,9
2004,Christian,never,8
2004,Christian,happened,8
2004,Christian,today,8
2004,Christian,inside,7
2004,Christian,lost,7
2004,Christian,much,7
2004,Christian,somewhere,6
2004,Christian,maybe,4
2004,Christian,lift,4
2004,Christian,welcome,4
2004,Christian,floor,3
2004,Christian,want,3
2004,Christian,world,3
2004,Christian,broken,2
2004,Christian,dance,2
2004,Christian,everybody,2
2004,Christian,everyone,2
2004,Christian,eyes,2
2004,Christian,got,2
2004,Christian,hallelujah,2
2004,Classical,please,7
2004,Classical,girl,6
2004,Classical,love,6
2004,Classical,well,6
2004,Classical,know,5
2004,Classical,enough,4
2004,Classical,alright,4
2004,Classical,ain,4
2004,Classical,dreams,4
2004,Classical,dear,4
2004,Classical,dad,4
2004,Classical,come,4
2004,Classical,mom,4
2004,Classical,money,4
2004,Classical,worry,4
2004,Classical,true,4
2004,Classical,get,4
2004,Classical,funny,4
2004,Classical,tonight,4
2004,Classical,send,4
2004,Classical,broke,3
2004,Classical,need,3
2004,Classical,much,3
2004,Classical,bar,3
2004,Classical,anything,3
2004,Country & Folk,love,101
2004,Country & Folk,little,85
2004,Country & Folk,know,82
2004,Country & Folk,back,80
2004,Country & Folk,got,73
2004,Country & Folk,take,70
2004,Country & Folk,life,67
2004,Country & Folk,said,56
2004,Country & Folk,way,55
2004,Country & Folk,long,52
2004,Country & Folk,good,51
2004,Country & Folk,well,50
2004,Country & Folk,night,48
2004,Country & Folk,wanna,47
2004,Country & Folk,one,47
2004,Country & Folk,ain,47
2004,Country & Folk,time,46
2004,Country & Folk,get,43
2004,Country & Folk,right,43
2004,Country & Folk,heart,43
2004,Country & Folk,let,41
2004,Country & Folk,make,41
2004,Country & Folk,never,41
2004,Country & Folk,could,39
2004,Country & Folk,feel,39
2004,Electronic,gal,98
2004,Electronic,yuh,72
2004,Electronic,wine,71
2004,Electronic,jook,64
2004,Electronic,dem,62
2004,Electronic,man,53
2004,Electronic,love,39
2004,Electronic,pon,37
2004,Electronic,know,31
2004,Electronic,one,28
2004,Electronic,see,27
2004,Electronic,want,27
2004,Electronic,girls,24
2004,Electronic,dude,24
2004,Electronic,nuh,22
2004,Electronic,say,21
2004,Electronic,let,21
2004,Electronic,got,19
2004,Electronic,inna,18
2004,Electronic,slow,18
2004,Electronic,waan,18
2004,Electronic,two,17
2004,Electronic,shake,17
2004,Electronic,need,17
2004,Electronic,girl,17
2004,Hip Hop,get,453
2004,Hip Hop,know,389
2004,Hip Hop,got,338
2004,Hip Hop,ain,303
2004,Hip Hop,let,253
2004,Hip Hop,back,227
2004,Hip Hop,shit,214
2004,Hip Hop,girl,203
2004,Hip Hop,nigga,198
2004,Hip Hop,wanna,191
2004,Hip Hop,one,190
2004,Hip Hop,bitch,182
2004,Hip Hop,wit,169
2004,Hip Hop,gon,167
2004,Hip Hop,see,152
2004,Hip Hop,come,150
2004,Hip Hop,man,148
2004,Hip Hop,right,141
2004,Hip Hop,make,141
2004,Hip Hop,fuck,135
2004,Hip Hop,hook,134
2004,Hip Hop,love,131
2004,Hip Hop,way,121
2004,Hip Hop,want,114
2004,Hip Hop,say,112
2004,Latin,tempted,39
2004,Latin,que,39
2004,Latin,touch,37
2004,Latin,yea,31
2004,Latin,gasolina,25
2004,Latin,woman,20
2004,Latin,man,18
2004,Latin,los,17
2004,Latin,much,16
2004,Latin,little,16
2004,Latin,wanna,15
2004,Latin,hug,14
2004,Latin,turn,14
2004,Latin,más,13
2004,Latin,dame,12
2004,Latin,know,11
2004,Latin,ella,11
2004,Latin,going,10
2004,Latin,girl,10
2004,Latin,way,10
2004,Latin,need,9
2004,Latin,tight,8
2004,Latin,night,8
2004,Latin,kiss,8
2004,Latin,gusta,8
2004,Other,know,49
2004,Other,one,41
2004,Other,back,38
2004,Other,right,36
2004,Other,girl,35
2004,Other,little,32
2004,Other,yuh,30
2004,Other,get,26
2004,Other,want,25
2004,Other,come,25
2004,Other,bit,25
2004,Other,head,24
2004,Other,say,23
2004,Other,nelly,23
2004,Other,every,23
2004,Other,sun,21
2004,Other,got,20
2004,Other,pull,20
2004,Other,see,20
2004,Other,alright,20
2004,Other,way,17
2004,Other,time,17
2004,Other,eminem,16
2004,Other,dey,16
2004,Other,chimps,16
2004,Pop,love,392
2004,Pop,know,358
2004,Pop,get,282
2004,Pop,let,234
2004,Pop,wanna,204
2004,Pop,make,198
2004,Pop,want,178
2004,Pop,come,172
2004,Pop,got,171
2004,Pop,one,161
2004,Pop,girl,158
2004,Pop,take,157
2004,Pop,see,129
2004,Pop,time,123
2004,Pop,way,117
2004,Pop,say,109
2004,Pop,need,103
2004,Pop,boy,101
2004,Pop,never,99
2004,Pop,feel,98
2004,Pop,think,93
2004,Pop,back,93
2004,Pop,gotta,91
2004,Pop,right,91
2004,Pop,better,90
2004,R&B & Funk,love,52
2004,R&B & Funk,sorry,44
2004,R&B & Funk,maybe,33
2004,R&B & Funk,one,31
2004,R&B & Funk,know,29
2004,R&B & Funk,used,28
2004,R&B & Funk,way,25
2004,R&B & Funk,let,17
2004,R&B & Funk,got,16
2004,R&B & Funk,holla,16
2004,R&B & Funk,call,15
2004,R&B & Funk,girl,14
2004,R&B & Funk,name,14
2004,R&B & Funk,see,14
2004,R&B & Funk,come,13
2004,R&B & Funk,good,13
2004,R&B & Funk,get,13
2004,R&B & Funk,selfish,13
2004,R&B & Funk,want,13
2004,R&B & Funk,real,12
2004,R&B & Funk,help,12
2004,R&B & Funk,around,12
2004,R&B & Funk,daughters,11
2004,R&B & Funk,damn,11
2004,R&B & Funk,home,11
2004,Rock,know,125
2004,Rock,away,88
2004,Rock,love,83
2004,Rock,way,69
2004,Rock,time,62
2004,Rock,never,59
2004,Rock,see,58
2004,Rock,one,57
2004,Rock,feel,53
2004,Rock,say,50
2004,Rock,take,46
2004,Rock,back,43
2004,Rock,alone,41
2004,Rock,bridge,41
2004,Rock,got,40
2004,Rock,check,39
2004,Rock,come,39
2004,Rock,always,38
2004,Rock,get,38
2004,Rock,want,37
2004,Rock,think,37
2004,Rock,could,37
2004,Rock,every,33
2004,Rock,give,33
2004,Rock,everything,32
2005,Avant-Garde & Experimental,said,558
2005,Avant-Garde & Experimental,thou,546
2005,Avant-Garde & Experimental,king,457
2005,Avant-Garde & Experimental,thee,452
2005,Avant-Garde & Experimental,thy,361
2005,Avant-Garde & Experimental,sharrkan,335
2005,Avant-Garde & Experimental,allah,325
2005,Avant-Garde & Experimental,one,297
2005,Avant-Garde & Experimental,till,251
2005,Avant-Garde & Experimental,zau,240
2005,Avant-Garde & Experimental,xa0xa0xa0xa0xa0xa0xa0xa0,240
2005,Avant-Garde & Experimental,makan,237
2005,Avant-Garde & Experimental,day,219
2005,Avant-Garde & Experimental,hath,210
2005,Avant-Garde & Experimental,upon,206
2005,Avant-Garde & Experimental,night,195
2005,Avant-Garde & Experimental,came,194
2005,Avant-Garde & Experimental,shall,186
2005,Avant-Garde & Experimental,say,165
2005,Avant-Garde & Experimental,man,164
2005,Avant-Garde & Experimental,quoth,153
2005,Avant-Garde & Experimental,brother,151
2005,Avant-Garde & Experimental,went,138
2005,Avant-Garde & Experimental,would,137
2005,Avant-Garde & Experimental,heard,134
2005,Blues & Soul,name,23
2005,Blues & Soul,charlie,18
2005,Blues & Soul,girl,15
2005,Blues & Soul,number,14
2005,Blues & Soul,time,11
2005,Blues & Soul,doin,10
2005,Blues & Soul,love,10
2005,Blues & Soul,got,10
2005,Blues & Soul,wonderin,9
2005,Blues & Soul,wilson,9
2005,Blues & Soul,take,9
2005,Blues & Soul,last,9
2005,Blues & Soul,forget,8
2005,Blues & Soul,good,8
2005,Blues & Soul,come,7
2005,Blues & Soul,could,7
2005,Blues & Soul,call,7
2005,Blues & Soul,home,7
2005,Blues & Soul,house,7
2005,Blues & Soul,think,7
2005,Blues & Soul,invite,6
2005,Blues & Soul,pre,6
2005,Blues & Soul,show,6
2005,Blues & Soul,someone,6
2005,Blues & Soul,yea,5
2005,Christian,stars,18
2005,Christian,dare,15
2005,Christian,look,15
2005,Christian,move,12
2005,Christian,get,11
2005,Christian,everyone,10
2005,Christian,never,9
2005,Christian,maybe,9
2005,Christian,begging,9
2005,Christian,happened,8
2005,Christian,one,8
2005,Christian,today,8
2005,Christian,night,7
2005,Christian,feel,6
2005,Christian,else,6
2005,Christian,glad,6
2005,Christian,gotta,6
2005,Christian,jesus,6
2005,Christian,know,6
2005,Christian,outta,6
2005,Christian,inside,5
2005,Christian,looking,5
2005,Christian,even,5
2005,Christian,away,5
2005,Christian,changed,4
2005,Classical,please,7
2005,Classical,girl,6
2005,Classical,love,6
2005,Classical,well,6
2005,Classical,know,5
2005,Classical,dreams,4
2005,Classical,dear,4
2005,Classical,dad,4
2005,Classical,come,4
2005,Classical,alright,4
2005,Classical,ain,4
2005,Classical,enough,4
2005,Classical,get,4
2005,Classical,funny,4
2005,Classical,send,4
2005,Classical,worry,4
2005,Classical,true,4
2005,Classical,tonight,4
2005,Classical,mom,4
2005,Classical,money,4
2005,Classical,broke,3
2005,Classical,bar,3
2005,Classical,anything,3
2005,Classical,time,3
2005,Classical,need,3
2005,Country & Folk,love,119
2005,Country & Folk,know,114
2005,Country & Folk,got,110
2005,Country & Folk,get,106
2005,Country & Folk,little,91
2005,Country & Folk,time,85
2005,Country & Folk,gone,82
2005,Country & Folk,back,75
2005,Country & Folk,let,74
2005,Country & Folk,way,73
2005,Country & Folk,said,70
2005,Country & Folk,take,66
2005,Country & Folk,never,66
2005,Country & Folk,ain,59
2005,Country & Folk,long,59
2005,Country & Folk,life,58
2005,Country & Folk,good,58
2005,Country & Folk,man,54
2005,Country & Folk,one,54
2005,Country & Folk,right,54
2005,Country & Folk,make,53
2005,Country & Folk,girl,52
2005,Country & Folk,night,51
2005,Country & Folk,well,49
2005,Country & Folk,ever,47
2005,Electronic,ding,72
2005,Electronic,dum,60
2005,Electronic,love,35
2005,Electronic,cry,30
2005,Electronic,smile,24
2005,Electronic,get,20
2005,Electronic,bem,20
2005,Electronic,along,16
2005,Electronic,crazy,15
2005,Electronic,ring,15
2005,Electronic,things,14
2005,Electronic,dumda,12
2005,Electronic,back,11
2005,Electronic,long,11
2005,Electronic,everytime,10
2005,Electronic,goodnight,10
2005,Electronic,left,10
2005,Electronic,mistake,9
2005,Electronic,honest,9
2005,Electronic,driving,9
2005,Electronic,baa,8
2005,Electronic,heart,8
2005,Electronic,way,8
2005,Electronic,feel,7
2005,Electronic,know,7
2005,Hip Hop,get,420
2005,Hip Hop,know,358
2005,Hip Hop,got,270
2005,Hip Hop,nigga,247
2005,Hip Hop,ain,246
2005,Hip Hop,let,229
2005,Hip Hop,see,197
2005,Hip Hop,back,195
2005,Hip Hop,girl,194
2005,Hip Hop,shit,162
2005,Hip Hop,one,140
2005,Hip Hop,wanna,134
2005,Hip Hop,hoes,132
2005,Hip Hop,hook,132
2005,Hip Hop,gon,128
2005,Hip Hop,make,124
2005,Hip Hop,want,124
2005,Hip Hop,lil,106
2005,Hip Hop,wit,105
2005,Hip Hop,right,104
2005,Hip Hop,ass,101
2005,Hip Hop,niggas,95
2005,Hip Hop,way,95
2005,Hip Hop,take,90
2005,Hip Hop,love,88
2005,Jazz,christmas,22
2005,Jazz,please,15
2005,Jazz,home,5
2005,Jazz,love,4
2005,Jazz,come,3
2005,Jazz,comin,2
2005,Jazz,last,2
2005,Jazz,need,2
2005,Jazz,remember,2
2005,Jazz,singing,2
2005,Jazz,watching,2
2005,Jazz,deck,2
2005,Jazz,fun,2
2005,Jazz,gotta,2
2005,Jazz,halls,2
2005,Jazz,know,2
2005,Jazz,year,2
2005,Jazz,day,1
2005,Jazz,coming,1
2005,Jazz,church,1
2005,Jazz,bridge,1
2005,Jazz,bells,1
2005,Jazz,back,1
2005,Jazz,babe,1
2005,Jazz,around,1
2005,Latin,que,83
2005,Latin,rompe,55
2005,Latin,tempted,39
2005,Latin,touch,37
2005,Latin,ella,32
2005,Latin,quiero,29
2005,Latin,los,28
2005,Latin,gasolina,25
2005,Latin,amor,25
2005,Latin,rakata,25
2005,Latin,want,24
2005,Latin,man,22
2005,Latin,much,21
2005,Latin,woman,20
2005,Latin,girl,20
2005,Latin,más,19
2005,Latin,dame,18
2005,Latin,know,18
2005,Latin,way,17
2005,Latin,little,17
2005,Latin,con,16
2005,Latin,sin,16
2005,Latin,coro,15
2005,Latin,ese,15
2005,Latin,wanna,15
2005,Other,morty,129
2005,Other,rick,113
2005,Other,know,69
2005,Other,jerry,58
2005,Other,love,53
2005,Other,got,49
2005,Other,get,36
2005,Other,say,32
2005,Other,man,31
2005,Other,right,30
2005,Other,way,30
2005,Other,make,29
2005,Other,simulation,27
2005,Other,time,27
2005,Other,cha,26
2005,Other,see,26
2005,Other,matter,26
2005,Other,let,26
2005,Other,yes,26
2005,Other,one,24
2005,Other,come,24
2005,Other,almost,24
2005,Other,back,23
2005,Other,trans,23
2005,Other,mean,20
2005,Pop,know,421
2005,Pop,love,417
2005,Pop,get,401
2005,Pop,got,290
2005,Pop,make,285
2005,Pop,girl,281
2005,Pop,let,260
2005,Pop,want,259
2005,Pop,ain,252
2005,Pop,gotta,220
2005,Pop,see,204
2005,Pop,come,200
2005,Pop,wanna,183
2005,Pop,shake,178
2005,Pop,one,173
2005,Pop,back,173
2005,Pop,right,167
2005,Pop,say,166
2005,Pop,take,158
2005,Pop,nigga,144
2005,Pop,time,136
2005,Pop,feel,125
2005,Pop,never,123
2005,Pop,keep,113
2005,Pop,need,113
2005,R&B & Funk,one,75
2005,R&B & Funk,know,56
2005,R&B & Funk,thing,50
2005,R&B & Funk,wish,44
2005,R&B & Funk,love,44
2005,R&B & Funk,take,34
2005,R&B & Funk,way,32
2005,R&B & Funk,never,30
2005,R&B & Funk,got,30
2005,R&B & Funk,girl,29
2005,R&B & Funk,think,28
2005,R&B & Funk,make,26
2005,R&B & Funk,need,26
2005,R&B & Funk,time,25
2005,R&B & Funk,would,25
2005,R&B & Funk,slow,23
2005,R&B & Funk,get,21
2005,R&B & Funk,say,21
2005,R&B & Funk,feel,21
2005,R&B & Funk,shame,20
2005,R&B & Funk,wanna,19
2005,R&B & Funk,tell,19
2005,R&B & Funk,ain,19
2005,R&B & Funk,tha,18
2005,R&B & Funk,could,16
2005,Reggae,dem,22
2005,Reggae,welcome,13
2005,Reggae,jamrock,12
2005,Reggae,jamaica,8
2005,Reggae,inna,6
2005,Reggae,back,5
2005,Reggae,call,4
2005,Reggae,nuh,4
2005,Reggae,street,3
2005,Reggae,stop,3
2005,Reggae,merther,3
2005,Reggae,man,3
2005,Reggae,lock,3
2005,Reggae,coast,2
2005,Reggae,come,2
2005,Reggae,cyaan,2
2005,Reggae,get,2
2005,Reggae,guns,2
2005,Reggae,hand,2
2005,Reggae,kings,2
2005,Reggae,know,2
2005,Reggae,playboy,2
2005,Reggae,pose,2
2005,Reggae,run,2
2005,Reggae,camp,2
2005,Rock,know,106
2005,Rock,never,85
2005,Rock,time,79
2005,Rock,want,66
2005,Rock,got,65
2005,Rock,alone,59
2005,Rock,say,57
2005,Rock,one,56
2005,Rock,way,51
2005,Rock,away,50
2005,Rock,home,47
2005,Rock,wanna,47
2005,Rock,feel,47
2005,Rock,love,45
2005,Rock,get,45
2005,Rock,take,44
2005,Rock,best,43
2005,Rock,back,41
2005,Rock,bridge,40
2005,Rock,see,40
2005,Rock,cold,39
2005,Rock,life,39
2005,Rock,little,39
2005,Rock,need,39
2005,Rock,let,38
2006,Avant-Garde & Experimental,life,3
2006,Avant-Garde & Experimental,take,3
2006,Avant-Garde & Experimental,bitches,2
2006,Avant-Garde & Experimental,deep,2
2006,Avant-Garde & Experimental,fucking,2
2006,Avant-Garde & Experimental,gotta,2
2006,Avant-Garde & Experimental,keys,2
2006,Avant-Garde & Experimental,need,2
2006,Avant-Garde & Experimental,never,2
2006,Avant-Garde & Experimental,please,2
2006,Avant-Garde & Experimental,reach,2
2006,Avant-Garde & Experimental,bad,2
2006,Avant-Garde & Experimental,real,2
2006,Avant-Garde & Experimental,want,2
2006,Avant-Garde & Experimental,help,2
2006,Avant-Garde & Experimental,clear,1
2006,Avant-Garde & Experimental,car,1
2006,Avant-Garde & Experimental,burrow,1
2006,Avant-Garde & Experimental,burn,1
2006,Avant-Garde & Experimental,borrowed,1
2006,Avant-Garde & Experimental,bone,1
2006,Avant-Garde & Experimental,beat,1
2006,Avant-Garde & Experimental,bar,1
2006,Avant-Garde & Experimental,babies,1
2006,Avant-Garde & Experimental,asking,1
2006,Blues & Soul,let,23
2006,Blues & Soul,hair,23
2006,Blues & Soul,love,11
2006,Blues & Soul,life,11
2006,Blues & Soul,girl,11
2006,Blues & Soul,say,10
2006,Blues & Soul,always,9
2006,Blues & Soul,ahead,9
2006,Blues & Soul,get,9
2006,Blues & Soul,whoa,9
2006,Blues & Soul,skin,8
2006,Blues & Soul,mind,8
2006,Blues & Soul,dat,8
2006,Blues & Soul,even,8
2006,Blues & Soul,got,7
2006,Blues & Soul,india,7
2006,Blues & Soul,put,7
2006,Blues & Soul,matter,7
2006,Blues & Soul,tell,7
2006,Blues & Soul,arie,6
2006,Blues & Soul,way,6
2006,Blues & Soul,try,5
2006,Blues & Soul,time,5
2006,Blues & Soul,soul,5
2006,Blues & Soul,people,5
2006,Children's,time,8
2006,Children's,toc,5
2006,Children's,tic,5
2006,Children's,feelin,3
2006,Children's,around,3
2006,Children's,world,2
2006,Children's,god,2
2006,Children's,heart,2
2006,Children's,hours,2
2006,Children's,minutes,2
2006,Children's,pray,2
2006,Children's,reason,2
2006,Children's,acts,1
2006,Children's,eyes,1
2006,Children's,distress,1
2006,Children's,cuts,1
2006,Children's,count,1
2006,Children's,control,1
2006,Children's,conscious,1
2006,Children's,comes,1
2006,Children's,caress,1
2006,Children's,calcul,1
2006,Children's,bullies,1
2006,Children's,blow,1
2006,Children's,big,1
2006,Christian,love,15
2006,Christian,beautiful,14
2006,Christian,night,11
2006,Christian,never,10
2006,Christian,right,10
2006,Christian,maybe,9
2006,Christian,see,9
2006,Christian,hates,8
2006,Christian,away,6
2006,Christian,glad,6
2006,Christian,jesus,6
2006,Christian,one,6
2006,Christian,sorry,6
2006,Christian,stop,6
2006,Christian,take,5
2006,Christian,make,5
2006,Christian,long,5
2006,Christian,know,5
2006,Christian,keep,5
2006,Christian,heart,5
2006,Christian,everything,4
2006,Christian,else,4
2006,Christian,changed,4
2006,Christian,happen,4
2006,Christian,found,4
2006,Classical,want,26
2006,Classical,could,14
2006,Classical,red,8
2006,Classical,high,8
2006,Classical,heels,8
2006,Classical,got,6
2006,Classical,bet,4
2006,Classical,back,4
2006,Classical,around,4
2006,Classical,keep,4
2006,Classical,feels,4
2006,Classical,show,4
2006,Classical,missin,4
2006,Classical,way,4
2006,Classical,watch,4
2006,Classical,walk,4
2006,Classical,nothing,3
2006,Classical,lose,3
2006,Classical,leave,3
2006,Classical,change,3
2006,Classical,came,3
2006,Classical,well,3
2006,Classical,things,3
2006,Classical,call,2
2006,Classical,said,2
2006,Country & Folk,love,125
2006,Country & Folk,know,116
2006,Country & Folk,little,104
2006,Country & Folk,batter,96
2006,Country & Folk,got,90
2006,Country & Folk,one,87
2006,Country & Folk,right,79
2006,Country & Folk,time,71
2006,Country & Folk,every,70
2006,Country & Folk,swing,70
2006,Country & Folk,get,68
2006,Country & Folk,life,65
2006,Country & Folk,never,65
2006,Country & Folk,way,60
2006,Country & Folk,night,59
2006,Country & Folk,going,56
2006,Country & Folk,back,55
2006,Country & Folk,ain,53
2006,Country & Folk,long,51
2006,Country & Folk,give,51
2006,Country & Folk,let,47
2006,Country & Folk,take,44
2006,Country & Folk,want,43
2006,Country & Folk,old,43
2006,Country & Folk,day,43
2006,Electronic,ohh,12
2006,Electronic,tell,10
2006,Electronic,everytime,10
2006,Electronic,feel,6
2006,Electronic,heart,6
2006,Electronic,touch,6
2006,Electronic,want,5
2006,Electronic,kiss,5
2006,Electronic,beat,5
2006,Electronic,control,4
2006,Electronic,hands,4
2006,Electronic,gold,4
2006,Electronic,take,4
2006,Electronic,saw,4
2006,Electronic,lion,4
2006,Electronic,light,4
2006,Electronic,get,3
2006,Electronic,could,3
2006,Electronic,fly,3
2006,Electronic,feeling,3
2006,Electronic,fast,3
2006,Electronic,swear,3
2006,Electronic,sky,3
2006,Electronic,side,3
2006,Electronic,need,3
2006,Hip Hop,got,304
2006,Hip Hop,know,287
2006,Hip Hop,get,277
2006,Hip Hop,let,250
2006,Hip Hop,see,170
2006,Hip Hop,make,158
2006,Hip Hop,love,155
2006,Hip Hop,ain,155
2006,Hip Hop,hook,153
2006,Hip Hop,back,148
2006,Hip Hop,walk,136
2006,Hip Hop,girl,131
2006,Hip Hop,wanna,121
2006,Hip Hop,tell,112
2006,Hip Hop,look,107
2006,Hip Hop,shit,103
2006,Hip Hop,every,103
2006,Hip Hop,right,99
2006,Hip Hop,nigga,96
2006,Hip Hop,come,96
2006,Hip Hop,shake,92
2006,Hip Hop,good,92
2006,Hip Hop,say,86
2006,Hip Hop,one,84
2006,Hip Hop,feel,84
2006,Jazz,know,20
2006,Jazz,call,18
2006,Jazz,love,13
2006,Jazz,dance,12
2006,Jazz,let,11
2006,Jazz,last,10
2006,Jazz,tell,9
2006,Jazz,save,8
2006,Jazz,heart,7
2006,Jazz,arms,6
2006,Jazz,home,6
2006,Jazz,want,6
2006,Jazz,whose,5
2006,Jazz,maybe,5
2006,Jazz,forget,5
2006,Jazz,fool,5
2006,Jazz,feeling,5
2006,Jazz,feel,5
2006,Jazz,could,5
2006,Jazz,never,4
2006,Jazz,truth,4
2006,Jazz,time,4
2006,Jazz,girl,3
2006,Jazz,darlin,3
2006,Jazz,apart,3
2006,Latin,que,91
2006,Latin,rompe,55
2006,Latin,make,35
2006,Latin,vuela,29
2006,Latin,rakata,25
2006,Latin,dembow,25
2006,Latin,coro,23
2006,Latin,tengo,21
2006,Latin,amor,19
2006,Latin,ella,17
2006,Latin,con,17
2006,Latin,hard,15
2006,Latin,love,15
2006,Latin,nelly,15
2006,Latin,yandel,15
2006,Latin,wisin,14
2006,Latin,más,14
2006,Latin,tus,14
2006,Latin,las,14
2006,Latin,vida,13
2006,Latin,verso,13
2006,Latin,labios,13
2006,Latin,angelito,13
2006,Latin,como,12
2006,Latin,doy,12
2006,Other,know,87
2006,Other,want,66
2006,Other,que,64
2006,Other,get,62
2006,Other,see,59
2006,Other,got,56
2006,Other,boy,54
2006,Other,wanna,51
2006,Other,let,47
2006,Other,make,43
2006,Other,hoo,40
2006,Other,girl,35
2006,Other,ain,34
2006,Other,keep,34
2006,Other,love,34
2006,Other,lookin,34
2006,Other,could,33
2006,Other,come,33
2006,Other,tell,32
2006,Other,smack,32
2006,Other,say,31
2006,Other,feel,30
2006,Other,cha,28
2006,Other,huh,28
2006,Other,right,27
2006,Pop,know,445
2006,Pop,got,347
2006,Pop,love,324
2006,Pop,get,299
2006,Pop,see,280
2006,Pop,girl,277
2006,Pop,wanna,271
2006,Pop,let,229
2006,Pop,back,222
2006,Pop,make,205
2006,Pop,say,200
2006,Pop,come,199
2006,Pop,shake,197
2006,Pop,ain,195
2006,Pop,time,182
2006,Pop,right,172
2006,Pop,one,168
2006,Pop,take,156
2006,Pop,want,155
2006,Pop,way,143
2006,Pop,never,141
2006,Pop,gotta,136
2006,Pop,keep,117
2006,Pop,every,116
2006,Pop,need,113
2006,R&B & Funk,one,65
2006,R&B & Funk,love,57
2006,R&B & Funk,know,43
2006,R&B & Funk,really,43
2006,R&B & Funk,wish,40
2006,R&B & Funk,working,38
2006,R&B & Funk,alone,38
2006,R&B & Funk,leave,33
2006,R&B & Funk,change,33
2006,R&B & Funk,wanna,32
2006,R&B & Funk,would,30
2006,R&B & Funk,save,30
2006,R&B & Funk,waiting,25
2006,R&B & Funk,little,23
2006,R&B & Funk,got,22
2006,R&B & Funk,make,21
2006,R&B & Funk,need,19
2006,R&B & Funk,time,19
2006,R&B & Funk,black,19
2006,R&B & Funk,world,18
2006,R&B & Funk,sweat,17
2006,R&B & Funk,get,16
2006,R&B & Funk,beautiful,16
2006,R&B & Funk,take,16
2006,R&B & Funk,ain,15
2006,Reggae,blood,87
2006,Reggae,one,35
2006,Reggae,niggas,11
2006,Reggae,know,8
2006,Reggae,ain,6
2006,Reggae,believe,6
2006,Reggae,keep,6
2006,Reggae,love,6
2006,Reggae,see,6
2006,Reggae,shit,6
2006,Reggae,want,6
2006,Reggae,soul,5
2006,Reggae,hook,5
2006,Reggae,god,5
2006,Reggae,get,5
2006,Reggae,game,5
2006,Reggae,blaze,4
2006,Reggae,dre,4
2006,Reggae,got,4
2006,Reggae,fire,4
2006,Reggae,say,4
2006,Reggae,west,4
2006,Reggae,beef,3
2006,Reggae,around,3
2006,Reggae,come,3
2006,Rock,know,180
2006,Rock,one,120
2006,Rock,never,110
2006,Rock,get,95
2006,Rock,say,92
2006,Rock,love,86
2006,Rock,time,81
2006,Rock,let,77
2006,Rock,life,72
2006,Rock,want,70
2006,Rock,take,70
2006,Rock,tell,68
2006,Rock,goes,67
2006,Rock,come,66
2006,Rock,scotty,59
2006,Rock,along,56
2006,Rock,pain,55
2006,Rock,see,55
2006,Rock,bridge,55
2006,Rock,doesn,55
2006,Rock,back,53
2006,Rock,away,51
2006,Rock,day,51
2006,Rock,way,51
2006,Rock,right,50
2007,Avant-Garde & Experimental,moments,15
2007,Avant-Garde & Experimental,know,10
2007,Avant-Garde & Experimental,lookin,7
2007,Avant-Garde & Experimental,heart,6
2007,Avant-Garde & Experimental,one,5
2007,Avant-Garde & Experimental,teenage,4
2007,Avant-Garde & Experimental,might,4
2007,Avant-Garde & Experimental,man,4
2007,Avant-Garde & Experimental,three,3
2007,Avant-Garde & Experimental,thought,3
2007,Avant-Garde & Experimental,two,3
2007,Avant-Garde & Experimental,sun,3
2007,Avant-Garde & Experimental,old,3
2007,Avant-Garde & Experimental,second,3
2007,Avant-Garde & Experimental,knew,3
2007,Avant-Garde & Experimental,none,3
2007,Avant-Garde & Experimental,love,3
2007,Avant-Garde & Experimental,long,3
2007,Avant-Garde & Experimental,four,3
2007,Avant-Garde & Experimental,days,3
2007,Avant-Garde & Experimental,couldn,3
2007,Avant-Garde & Experimental,changing,3
2007,Avant-Garde & Experimental,coming,3
2007,Avant-Garde & Experimental,cold,3
2007,Avant-Garde & Experimental,bridge,3
2007,Blues & Soul,tell,33
2007,Blues & Soul,know,22
2007,Blues & Soul,feel,14
2007,Blues & Soul,feeling,13
2007,Blues & Soul,real,13
2007,Blues & Soul,time,11
2007,Blues & Soul,bout,10
2007,Blues & Soul,danced,10
2007,Blues & Soul,make,10
2007,Blues & Soul,night,10
2007,Blues & Soul,song,8
2007,Blues & Soul,joss,8
2007,Blues & Soul,come,8
2007,Blues & Soul,tried,7
2007,Blues & Soul,stone,7
2007,Blues & Soul,said,7
2007,Blues & Soul,rehab,7
2007,Blues & Soul,got,7
2007,Blues & Soul,could,7
2007,Blues & Soul,won,6
2007,Blues & Soul,wanna,6
2007,Blues & Soul,say,6
2007,Blues & Soul,let,6
2007,Blues & Soul,deal,6
2007,Blues & Soul,beautiful,5
2007,Children's,stand,13
2007,Children's,time,8
2007,Children's,let,5
2007,Children's,toc,5
2007,Children's,tic,5
2007,Children's,won,4
2007,Children's,come,4
2007,Children's,nobody,3
2007,Children's,hurt,3
2007,Children's,feelin,3
2007,Children's,around,3
2007,Children's,reason,2
2007,Children's,see,2
2007,Children's,take,2
2007,Children's,world,2
2007,Children's,minutes,2
2007,Children's,never,2
2007,Children's,night,2
2007,Children's,pray,2
2007,Children's,know,2
2007,Children's,mad,2
2007,Children's,hour,2
2007,Children's,hours,2
2007,Children's,heart,2
2007,Children's,eyes,2
2007,Classical,want,26
2007,Classical,could,14
2007,Classical,red,8
2007,Classical,heels,8
2007,Classical,high,8
2007,Classical,got,6
2007,Classical,walk,4
2007,Classical,way,4
2007,Classical,watch,4
2007,Classical,show,4
2007,Classical,missin,4
2007,Classical,keep,4
2007,Classical,bet,4
2007,Classical,back,4
2007,Classical,around,4
2007,Classical,feels,4
2007,Classical,well,3
2007,Classical,things,3
2007,Classical,nothing,3
2007,Classical,lose,3
2007,Classical,leave,3
2007,Classical,change,3
2007,Classical,came,3
2007,Classical,whole,2
2007,Classical,world,2
2007,Country & Folk,little,105
2007,Country & Folk,got,99
2007,Country & Folk,know,90
2007,Country & Folk,love,89
2007,Country & Folk,back,77
2007,Country & Folk,one,68
2007,Country & Folk,right,67
2007,Country & Folk,ain,64
2007,Country & Folk,never,63
2007,Country & Folk,get,63
2007,Country & Folk,say,63
2007,Country & Folk,way,56
2007,Country & Folk,time,53
2007,Country & Folk,life,53
2007,Country & Folk,every,50
2007,Country & Folk,think,49
2007,Country & Folk,let,48
2007,Country & Folk,better,46
2007,Country & Folk,see,45
2007,Country & Folk,make,42
2007,Country & Folk,god,41
2007,Country & Folk,everything,40
2007,Country & Folk,take,40
2007,Country & Folk,man,39
2007,Country & Folk,bit,39
2007,Electronic,dance,72
2007,Electronic,whine,66
2007,Electronic,bed,32
2007,Electronic,right,30
2007,Electronic,music,25
2007,Electronic,love,25
2007,Electronic,left,22
2007,Electronic,breathe,19
2007,Electronic,kick,19
2007,Electronic,oye,19
2007,Electronic,got,18
2007,Electronic,cupid,18
2007,Electronic,want,15
2007,Electronic,see,15
2007,Electronic,put,15
2007,Electronic,earth,15
2007,Electronic,intruders,14
2007,Electronic,come,13
2007,Electronic,feel,12
2007,Electronic,let,12
2007,Electronic,new,12
2007,Electronic,shuffle,12
2007,Electronic,touchin,12
2007,Electronic,wanna,11
2007,Electronic,walk,11
2007,Hip Hop,get,625
2007,Hip Hop,life,389
2007,Hip Hop,got,333
2007,Hip Hop,know,234
2007,Hip Hop,let,211
2007,Hip Hop,king,207
2007,Hip Hop,ain,187
2007,Hip Hop,make,168
2007,Hip Hop,back,167
2007,Hip Hop,love,165
2007,Hip Hop,walk,163
2007,Hip Hop,one,157
2007,Hip Hop,money,154
2007,Hip Hop,see,145
2007,Hip Hop,two,127
2007,Hip Hop,way,120
2007,Hip Hop,right,118
2007,Hip Hop,bay,116
2007,Hip Hop,step,112
2007,Hip Hop,rock,111
2007,Hip Hop,hook,110
2007,Hip Hop,man,107
2007,Hip Hop,hot,100
2007,Hip Hop,take,99
2007,Hip Hop,girl,93
2007,Jazz,every,8
2007,Jazz,crazy,6
2007,Jazz,sing,4
2007,Jazz,everything,4
2007,Jazz,line,4
2007,Jazz,word,3
2007,Jazz,times,3
2007,Jazz,life,3
2007,Jazz,know,3
2007,Jazz,make,3
2007,Jazz,bridge,2
2007,Jazz,pre,2
2007,Jazz,see,2
2007,Jazz,car,1
2007,Jazz,bell,1
2007,Jazz,believe,1
2007,Jazz,august,1
2007,Jazz,along,1
2007,Jazz,far,1
2007,Jazz,falling,1
2007,Jazz,exactly,1
2007,Jazz,everyday,1
2007,Jazz,day,1
2007,Jazz,cute,1
2007,Jazz,coy,1
2007,Latin,feat,86
2007,Latin,make,59
2007,Latin,got,55
2007,Latin,give,43
2007,Latin,love,41
2007,Latin,die,30
2007,Latin,impacto,26
2007,Latin,mami,25
2007,Latin,shorty,20
2007,Latin,daddy,19
2007,Latin,want,19
2007,Latin,hard,17
2007,Latin,michael,17
2007,Latin,way,16
2007,Latin,que,16
2007,Latin,never,16
2007,Latin,ich,16
2007,Latin,der,16
2007,Latin,little,15
2007,Latin,know,15
2007,Latin,williams,14
2007,Latin,peter,14
2007,Latin,say,13
2007,Latin,nelly,13
2007,Latin,fergie,13
2007,Other,feat,108
2007,Other,boy,101
2007,Other,love,86
2007,Other,watch,82
2007,Other,give,61
2007,Other,know,60
2007,Other,crank,56
2007,Other,soulja,54
2007,Other,let,46
2007,Other,dat,45
2007,Other,get,41
2007,Other,hoo,40
2007,Other,lights,38
2007,Other,see,38
2007,Other,wanna,37
2007,Other,yuuuuuuu,37
2007,Other,one,36
2007,Other,beautiful,33
2007,Other,best,32
2007,Other,got,32
2007,Other,never,32
2007,Other,smack,32
2007,Other,say,31
2007,Other,die,30
2007,Other,winner,30
2007,Pop,know,616
2007,Pop,love,448
2007,Pop,get,422
2007,Pop,got,389
2007,Pop,see,354
2007,Pop,let,327
2007,Pop,girl,288
2007,Pop,make,284
2007,Pop,wanna,274
2007,Pop,say,264
2007,Pop,way,264
2007,Pop,never,259
2007,Pop,one,246
2007,Pop,time,238
2007,Pop,come,234
2007,Pop,ain,220
2007,Pop,want,196
2007,Pop,could,188
2007,Pop,take,186
2007,Pop,right,182
2007,Pop,think,167
2007,Pop,need,167
2007,Pop,feel,156
2007,Pop,back,146
2007,Pop,tell,138
2007,R&B & Funk,say,95
2007,R&B & Funk,need,47
2007,R&B & Funk,love,38
2007,R&B & Funk,see,33
2007,R&B & Funk,save,29
2007,R&B & Funk,world,29
2007,R&B & Funk,really,28
2007,R&B & Funk,waiting,27
2007,R&B & Funk,let,27
2007,R&B & Funk,come,25
2007,R&B & Funk,gone,24
2007,R&B & Funk,little,24
2007,R&B & Funk,keep,21
2007,R&B & Funk,far,20
2007,R&B & Funk,know,20
2007,R&B & Funk,one,19
2007,R&B & Funk,pictures,18
2007,R&B & Funk,could,17
2007,R&B & Funk,time,16
2007,R&B & Funk,change,14
2007,R&B & Funk,tell,13
2007,R&B & Funk,please,12
2007,R&B & Funk,never,12
2007,R&B & Funk,would,11
2007,R&B & Funk,well,11
2007,Rock,know,149
2007,Rock,one,117
2007,Rock,love,104
2007,Rock,never,101
2007,Rock,say,99
2007,Rock,want,97
2007,Rock,got,87
2007,Rock,time,85
2007,Rock,see,79
2007,Rock,get,71
2007,Rock,well,70
2007,Rock,away,68
2007,Rock,let,67
2007,Rock,make,64
2007,Rock,feel,63
2007,Rock,life,59
2007,Rock,wanna,56
2007,Rock,come,55
2007,Rock,bridge,54
2007,Rock,world,52
2007,Rock,going,48
2007,Rock,good,47
2007,Rock,could,46
2007,Rock,right,46
2007,Rock,pre,43
2008,Avant-Garde & Experimental,feedback,38
2008,Avant-Garde & Experimental,sexy,27
2008,Avant-Garde & Experimental,come,16
2008,Avant-Garde & Experimental,see,15
2008,Avant-Garde & Experimental,anyone,14
2008,Avant-Garde & Experimental,crank,14
2008,Avant-Garde & Experimental,give,14
2008,Avant-Garde & Experimental,love,11
2008,Avant-Garde & Experimental,things,11
2008,Avant-Garde & Experimental,let,9
2008,Avant-Garde & Experimental,man,9
2008,Avant-Garde & Experimental,never,8
2008,Avant-Garde & Experimental,back,7
2008,Avant-Garde & Experimental,crazy,7
2008,Avant-Garde & Experimental,else,7
2008,Avant-Garde & Experimental,cross,7
2008,Avant-Garde & Experimental,mind,7
2008,Avant-Garde & Experimental,get,6
2008,Avant-Garde & Experimental,heart,6
2008,Avant-Garde & Experimental,take,6
2008,Avant-Garde & Experimental,two,6
2008,Avant-Garde & Experimental,got,5
2008,Avant-Garde & Experimental,keep,5
2008,Avant-Garde & Experimental,one,5
2008,Avant-Garde & Experimental,thing,5
2008,Blues & Soul,mercy,28
2008,Blues & Soul,begging,22
2008,Blues & Soul,got,17
2008,Blues & Soul,know,13
2008,Blues & Soul,even,11
2008,Blues & Soul,danced,10
2008,Blues & Soul,knew,10
2008,Blues & Soul,release,10
2008,Blues & Soul,night,10
2008,Blues & Soul,would,10
2008,Blues & Soul,chasing,9
2008,Blues & Soul,keep,9
2008,Blues & Soul,pavements,9
2008,Blues & Soul,won,8
2008,Blues & Soul,give,8
2008,Blues & Soul,leads,7
2008,Blues & Soul,nowhere,7
2008,Blues & Soul,could,6
2008,Blues & Soul,good,6
2008,Blues & Soul,place,6
2008,Blues & Soul,show,6
2008,Blues & Soul,time,5
2008,Blues & Soul,waste,5
2008,Blues & Soul,trouble,4
2008,Blues & Soul,told,4
2008,Children's,talk,14
2008,Children's,day,11
2008,Children's,bad,11
2008,Children's,move,8
2008,Children's,gotta,8
2008,Children's,tell,6
2008,Children's,lie,5
2008,Children's,need,5
2008,Children's,town,4
2008,Children's,take,4
2008,Children's,smile,4
2008,Children's,say,4
2008,Children's,one,4
2008,Children's,know,4
2008,Children's,funkytown,4
2008,Children's,work,3
2008,Children's,well,3
2008,Children's,turn,3
2008,Children's,time,3
2008,Children's,taking,3
2008,Children's,won,3
2008,Children's,song,3
2008,Children's,sing,3
2008,Children's,sad,3
2008,Children's,ride,3
2008,Christian,walt,130
2008,Christian,made,48
2008,Christian,would,39
2008,Christian,never,38
2008,Christian,gretchen,36
2008,Christian,jack,29
2008,Christian,skyler,29
2008,Christian,todd,27
2008,Christian,get,25
2008,Christian,could,24
2008,Christian,better,22
2008,Christian,elliot,22
2008,Christian,lydia,20
2008,Christian,jesse,20
2008,Christian,back,18
2008,Christian,right,17
2008,Christian,know,16
2008,Christian,car,15
2008,Christian,money,14
2008,Christian,one,14
2008,Christian,two,14
2008,Christian,look,13
2008,Christian,house,13
2008,Christian,kenny,13
2008,Christian,without,12
2008,Classical,fallin,30
2008,Classical,free,28
2008,Classical,loves,3
2008,Classical,good,3
2008,Classical,want,3
2008,Classical,bad,3
2008,Classical,girl,2
2008,Classical,boy,2
2008,Classical,broken,1
2008,Classical,breaking,1
2008,Classical,boys,1
2008,Classical,boyfriend,1
2008,Classical,boulevard,1
2008,Classical,america,1
2008,Classical,heart,1
2008,Classical,glide,1
2008,Classical,girls,1
2008,Classical,freeway,1
2008,Classical,fall,1
2008,Classical,even,1
2008,Classical,elvis,1
2008,Classical,day,1
2008,Classical,crazy,1
2008,Classical,reseda,1
2008,Classical,post,1
2008,Country & Folk,know,136
2008,Country & Folk,love,121
2008,Country & Folk,got,112
2008,Country & Folk,time,96
2008,Country & Folk,good,91
2008,Country & Folk,back,84
2008,Country & Folk,get,73
2008,Country & Folk,one,68
2008,Country & Folk,see,65
2008,Country & Folk,going,63
2008,Country & Folk,little,63
2008,Country & Folk,gone,61
2008,Country & Folk,right,61
2008,Country & Folk,man,59
2008,Country & Folk,think,58
2008,Country & Folk,still,57
2008,Country & Folk,want,55
2008,Country & Folk,ain,53
2008,Country & Folk,country,52
2008,Country & Folk,let,52
2008,Country & Folk,take,48
2008,Country & Folk,night,48
2008,Country & Folk,way,46
2008,Country & Folk,day,45
2008,Country & Folk,girl,45
2008,Electronic,name,44
2008,Electronic,call,32
2008,Electronic,bed,32
2008,Electronic,love,27
2008,Electronic,never,24
2008,Electronic,get,19
2008,Electronic,breathe,19
2008,Electronic,see,18
2008,Electronic,away,17
2008,Electronic,put,16
2008,Electronic,got,15
2008,Electronic,ain,15
2008,Electronic,much,14
2008,Electronic,touchin,12
2008,Electronic,tell,12
2008,Electronic,say,11
2008,Electronic,want,11
2008,Electronic,time,11
2008,Electronic,song,11
2008,Electronic,calling,10
2008,Electronic,girl,10
2008,Electronic,gotta,10
2008,Electronic,let,10
2008,Electronic,mind,10
2008,Electronic,forever,9
2008,Hip Hop,get,407
2008,Hip Hop,got,319
2008,Hip Hop,know,285
2008,Hip Hop,put,226
2008,Hip Hop,ain,201
2008,Hip Hop,see,155
2008,Hip Hop,make,142
2008,Hip Hop,let,137
2008,Hip Hop,wanna,133
2008,Hip Hop,swagga,117
2008,Hip Hop,love,114
2008,Hip Hop,wee,111
2008,Hip Hop,money,105
2008,Hip Hop,never,101
2008,Hip Hop,tell,99
2008,Hip Hop,back,96
2008,Hip Hop,take,96
2008,Hip Hop,man,91
2008,Hip Hop,way,90
2008,Hip Hop,right,89
2008,Hip Hop,one,87
2008,Hip Hop,life,87
2008,Hip Hop,girl,85
2008,Hip Hop,want,84
2008,Hip Hop,hook,84
2008,Jazz,lost,9
2008,Jazz,bublé,6
2008,Jazz,michael,6
2008,Jazz,said,5
2008,Jazz,turned,3
2008,Jazz,fly,3
2008,Jazz,feel,3
2008,Jazz,babe,3
2008,Jazz,world,2
2008,Jazz,rain,2
2008,Jazz,thing,2
2008,Jazz,things,2
2008,Jazz,til,2
2008,Jazz,together,2
2008,Jazz,won,2
2008,Jazz,pouring,2
2008,Jazz,late,2
2008,Jazz,light,2
2008,Jazz,never,2
2008,Jazz,alone,2
2008,Jazz,bear,2
2008,Jazz,comes,2
2008,Jazz,crashing,2
2008,Jazz,done,2
2008,Jazz,get,2
2008,Latin,que,10
2008,Latin,esperar,9
2008,Latin,por,7
2008,Latin,doy,6
2008,Latin,una,6
2008,Latin,vencido,6
2008,Latin,quiero,3
2008,Latin,vale,3
2008,Latin,suspiro,3
2008,Latin,señal,3
2008,Latin,rindo,3
2008,Latin,juro,3
2008,Latin,destino,3
2008,Latin,del,3
2008,Latin,pena,3
2008,Latin,mundo,3
2008,Latin,cuando,3
2008,Latin,contigo,3
2008,Latin,canso,3
2008,Latin,porque,2
2008,Latin,sólo,2
2008,Latin,día,2
2008,Latin,menos,2
2008,Latin,pase,2
2008,Latin,aquel,1
2008,Other,feat,86
2008,Other,boy,81
2008,Other,love,81
2008,Other,watch,80
2008,Other,know,79
2008,Other,let,60
2008,Other,got,56
2008,Other,crank,56
2008,Other,back,56
2008,Other,never,55
2008,Other,soulja,54
2008,Other,time,54
2008,Other,find,51
2008,Other,dat,45
2008,Other,get,44
2008,Other,take,41
2008,Other,one,39
2008,Other,home,39
2008,Other,lights,38
2008,Other,four,37
2008,Other,yuuuuuuu,37
2008,Other,need,36
2008,Other,girl,36
2008,Other,die,35
2008,Other,gone,35
2008,Pop,know,594
2008,Pop,get,581
2008,Pop,got,500
2008,Pop,love,459
2008,Pop,one,399
2008,Pop,girl,389
2008,Pop,see,373
2008,Pop,time,373
2008,Pop,let,369
2008,Pop,wanna,311
2008,Pop,never,305
2008,Pop,right,284
2008,Pop,make,275
2008,Pop,say,275
2008,Pop,want,273
2008,Pop,take,268
2008,Pop,come,256
2008,Pop,ain,256
2008,Pop,way,251
2008,Pop,back,251
2008,Pop,need,196
2008,Pop,good,191
2008,Pop,feel,191
2008,Pop,keep,182
2008,Pop,away,164
2008,R&B & Funk,say,98
2008,R&B & Funk,beat,79
2008,R&B & Funk,need,55
2008,R&B & Funk,see,30
2008,R&B & Funk,let,30
2008,R&B & Funk,hallelujah,29
2008,R&B & Funk,come,29
2008,R&B & Funk,time,25
2008,R&B & Funk,know,25
2008,R&B & Funk,one,23
2008,R&B & Funk,honey,21
2008,R&B & Funk,well,20
2008,R&B & Funk,far,20
2008,R&B & Funk,better,19
2008,R&B & Funk,got,19
2008,R&B & Funk,pictures,18
2008,R&B & Funk,girl,17
2008,R&B & Funk,really,17
2008,R&B & Funk,never,15
2008,R&B & Funk,world,14
2008,R&B & Funk,wanna,13
2008,R&B & Funk,tell,13
2008,R&B & Funk,could,13
2008,R&B & Funk,bad,12
2008,R&B & Funk,sweet,12
2008,Rock,know,140
2008,Rock,funny,116
2008,Rock,never,104
2008,Rock,one,98
2008,Rock,love,93
2008,Rock,way,81
2008,Rock,say,78
2008,Rock,time,67
2008,Rock,long,58
2008,Rock,make,58
2008,Rock,see,55
2008,Rock,feel,53
2008,Rock,another,53
2008,Rock,want,52
2008,Rock,got,52
2008,Rock,life,52
2008,Rock,care,50
2008,Rock,day,50
2008,Rock,take,47
2008,Rock,bridge,46
2008,Rock,let,45
2008,Rock,every,44
2008,Rock,pre,44
2008,Rock,always,42
2008,Rock,believe,40
2009,Blues & Soul,around,15
2009,Blues & Soul,know,14
2009,Blues & Soul,even,13
2009,Blues & Soul,coming,13
2009,Blues & Soul,finally,12
2009,Blues & Soul,come,11
2009,Blues & Soul,give,10
2009,Blues & Soul,ship,10
2009,Blues & Soul,pavements,9
2009,Blues & Soul,keep,9
2009,Blues & Soul,chasing,9
2009,Blues & Soul,would,7
2009,Blues & Soul,nowhere,7
2009,Blues & Soul,leads,7
2009,Blues & Soul,right,6
2009,Blues & Soul,ocean,6
2009,Blues & Soul,leave,6
2009,Blues & Soul,gon,5
2009,Blues & Soul,long,5
2009,Blues & Soul,knew,5
2009,Blues & Soul,moment,5
2009,Blues & Soul,said,5
2009,Blues & Soul,place,5
2009,Blues & Soul,waiting,5
2009,Blues & Soul,tide,4
2009,Christian,way,3
2009,Christian,life,3
2009,Christian,always,2
2009,Christian,else,1
2009,Christian,door,1
2009,Christian,choices,1
2009,Christian,chest,1
2009,Christian,bridge,1
2009,Christian,believe,1
2009,Christian,beats,1
2009,Christian,open,1
2009,Christian,one,1
2009,Christian,moment,1
2009,Christian,middle,1
2009,Christian,make,1
2009,Christian,live,1
2009,Christian,line,1
2009,Christian,lights,1
2009,Christian,let,1
2009,Christian,know,1
2009,Christian,heart,1
2009,Christian,forget,1
2009,Christian,fix,1
2009,Christian,feeling,1
2009,Christian,fall,1
2009,Country & Folk,love,121
2009,Country & Folk,know,111
2009,Country & Folk,got,102
2009,Country & Folk,going,82
2009,Country & Folk,little,72
2009,Country & Folk,one,71
2009,Country & Folk,life,70
2009,Country & Folk,time,64
2009,Country & Folk,night,64
2009,Country & Folk,let,61
2009,Country & Folk,country,60
2009,Country & Folk,get,57
2009,Country & Folk,back,56
2009,Country & Folk,good,55
2009,Country & Folk,see,54
2009,Country & Folk,right,54
2009,Country & Folk,ain,54
2009,Country & Folk,home,53
2009,Country & Folk,want,52
2009,Country & Folk,said,52
2009,Country & Folk,ride,51
2009,Country & Folk,girl,48
2009,Country & Folk,take,48
2009,Country & Folk,need,47
2009,Country & Folk,man,47
2009,Electronic,name,43
2009,Electronic,call,31
2009,Electronic,get,21
2009,Electronic,fallin,20
2009,Electronic,let,17
2009,Electronic,take,16
2009,Electronic,goodbye,13
2009,Electronic,control,13
2009,Electronic,club,12
2009,Electronic,everybody,12
2009,Electronic,need,12
2009,Electronic,caught,11
2009,Electronic,undertow,11
2009,Electronic,calling,10
2009,Electronic,got,10
2009,Electronic,wanna,10
2009,Electronic,stop,9
2009,Electronic,floor,9
2009,Electronic,evacuate,9
2009,Electronic,beat,8
2009,Electronic,dance,8
2009,Electronic,family,8
2009,Electronic,girl,8
2009,Electronic,gotta,8
2009,Electronic,see,8
2009,Hip Hop,get,324
2009,Hip Hop,ain,314
2009,Hip Hop,know,257
2009,Hip Hop,got,210
2009,Hip Hop,girl,201
2009,Hip Hop,see,166
2009,Hip Hop,love,164
2009,Hip Hop,put,153
2009,Hip Hop,make,149
2009,Hip Hop,let,135
2009,Hip Hop,one,134
2009,Hip Hop,want,122
2009,Hip Hop,swagga,119
2009,Hip Hop,right,112
2009,Hip Hop,man,112
2009,Hip Hop,wee,110
2009,Hip Hop,say,103
2009,Hip Hop,wanna,99
2009,Hip Hop,back,99
2009,Hip Hop,never,98
2009,Hip Hop,ever,98
2009,Hip Hop,could,95
2009,Hip Hop,hook,95
2009,Hip Hop,life,95
2009,Hip Hop,give,92
2009,Jazz,work,11
2009,Jazz,get,10
2009,Jazz,love,9
2009,Jazz,yet,6
2009,Jazz,give,6
2009,Jazz,haven,6
2009,Jazz,know,6
2009,Jazz,met,6
2009,Jazz,promise,5
2009,Jazz,kid,5
2009,Jazz,turn,4
2009,Jazz,much,4
2009,Jazz,possibility,3
2009,Jazz,make,3
2009,Jazz,every,3
2009,Jazz,pre,2
2009,Jazz,right,2
2009,Jazz,see,2
2009,Jazz,talk,2
2009,Jazz,thought,2
2009,Jazz,half,2
2009,Jazz,life,2
2009,Jazz,amazing,2
2009,Jazz,bridge,2
2009,Jazz,change,2
2009,Latin,jump,50
2009,Latin,get,21
2009,Latin,high,16
2009,Latin,got,16
2009,Latin,party,13
2009,Latin,insane,12
2009,Latin,say,12
2009,Latin,ain,8
2009,Latin,seen,7
2009,Latin,never,7
2009,Latin,nobody,7
2009,Latin,bird,7
2009,Latin,plane,6
2009,Latin,come,6
2009,Latin,furtado,5
2009,Latin,flo,5
2009,Latin,nelly,5
2009,Latin,man,5
2009,Latin,rida,5
2009,Latin,shawty,4
2009,Latin,ladies,4
2009,Latin,hook,3
2009,Latin,fellas,3
2009,Latin,poppin,2
2009,Latin,see,2
2009,Other,get,104
2009,Other,love,98
2009,Other,bum,86
2009,Other,rachel,77
2009,Other,hard,65
2009,Other,know,59
2009,Other,back,56
2009,Other,find,55
2009,Other,never,55
2009,Other,got,54
2009,Other,let,53
2009,Other,somebody,53
2009,Other,say,52
2009,Other,finn,48
2009,Other,long,43
2009,Other,way,43
2009,Other,time,41
2009,Other,put,41
2009,Other,new,39
2009,Other,take,37
2009,Other,one,36
2009,Other,want,35
2009,Other,stand,35
2009,Other,directions,34
2009,Other,always,34
2009,Pop,know,647
2009,Pop,love,607
2009,Pop,get,456
2009,Pop,girl,425
2009,Pop,got,423
2009,Pop,let,420
2009,Pop,want,406
2009,Pop,one,372
2009,Pop,say,348
2009,Pop,right,298
2009,Pop,wanna,284
2009,Pop,see,272
2009,Pop,mma,257
2009,Pop,take,253
2009,Pop,make,238
2009,Pop,feel,237
2009,Pop,never,220
2009,Pop,time,219
2009,Pop,back,216
2009,Pop,come,209
2009,Pop,way,203
2009,Pop,tell,193
2009,Pop,good,180
2009,Pop,could,176
2009,Pop,night,173
2009,R&B & Funk,love,57
2009,R&B & Funk,get,49
2009,R&B & Funk,back,46
2009,R&B & Funk,know,43
2009,R&B & Funk,ain,38
2009,R&B & Funk,one,34
2009,R&B & Funk,heart,28
2009,R&B & Funk,tie,28
2009,R&B & Funk,tell,28
2009,R&B & Funk,right,26
2009,R&B & Funk,half,25
2009,R&B & Funk,still,23
2009,R&B & Funk,kiss,23
2009,R&B & Funk,gon,22
2009,R&B & Funk,phone,21
2009,R&B & Funk,wanna,20
2009,R&B & Funk,two,19
2009,R&B & Funk,see,19
2009,R&B & Funk,tryin,18
2009,R&B & Funk,scared,17
2009,R&B & Funk,miss,17
2009,R&B & Funk,loving,17
2009,R&B & Funk,day,17
2009,R&B & Funk,show,16
2009,R&B & Funk,three,16
2009,Rock,know,137
2009,Rock,one,112
2009,Rock,let,91
2009,Rock,never,84
2009,Rock,way,70
2009,Rock,love,69
2009,Rock,away,59
2009,Rock,say,57
2009,Rock,right,56
2009,Rock,wanna,55
2009,Rock,see,54
2009,Rock,take,53
2009,Rock,time,53
2009,Rock,could,52
2009,Rock,life,49
2009,Rock,bridge,48
2009,Rock,still,46
2009,Rock,gone,46
2009,Rock,something,43
2009,Rock,make,42
2009,Rock,fight,42
2009,Rock,hope,42
2009,Rock,got,41
2009,Rock,back,40
2009,Rock,somebody,40
2010,Avant-Garde & Experimental,stop,25
2010,Avant-Garde & Experimental,new,20
2010,Avant-Garde & Experimental,directions,20
2010,Avant-Garde & Experimental,break,20
2010,Avant-Garde & Experimental,boys,17
2010,Avant-Garde & Experimental,heart,17
2010,Avant-Garde & Experimental,finn,16
2010,Avant-Garde & Experimental,love,15
2010,Avant-Garde & Experimental,free,14
2010,Avant-Garde & Experimental,mind,14
2010,Avant-Garde & Experimental,name,14
2010,Avant-Garde & Experimental,think,14
2010,Avant-Garde & Experimental,artie,12
2010,Avant-Garde & Experimental,wanna,10
2010,Avant-Garde & Experimental,marry,8
2010,Avant-Garde & Experimental,puck,7
2010,Avant-Garde & Experimental,rest,6
2010,Avant-Garde & Experimental,say,6
2010,Avant-Garde & Experimental,shallow,5
2010,Avant-Garde & Experimental,color,5
2010,Avant-Garde & Experimental,follow,5
2010,Avant-Garde & Experimental,cares,5
2010,Avant-Garde & Experimental,blind,5
2010,Avant-Garde & Experimental,beautiful,4
2010,Avant-Garde & Experimental,got,4
2010,Blues & Soul,love,24
2010,Blues & Soul,rolling,16
2010,Blues & Soul,deep,16
2010,Blues & Soul,come,14
2010,Blues & Soul,wish,12
2010,Blues & Soul,never,12
2010,Blues & Soul,met,12
2010,Blues & Soul,tears,11
2010,Blues & Soul,still,11
2010,Blues & Soul,fall,11
2010,Blues & Soul,wait,10
2010,Blues & Soul,soldier,10
2010,Blues & Soul,turn,10
2010,Blues & Soul,around,9
2010,Blues & Soul,heart,8
2010,Blues & Soul,played,8
2010,Blues & Soul,could,7
2010,Blues & Soul,wild,6
2010,Blues & Soul,inside,6
2010,Blues & Soul,water,5
2010,Blues & Soul,shark,5
2010,Blues & Soul,pre,5
2010,Blues & Soul,know,5
2010,Blues & Soul,hand,5
2010,Blues & Soul,beat,4
2010,Christian,days,5
2010,Christian,ahead,5
2010,Christian,best,5
2010,Christian,keep,4
2010,Christian,getting,4
2010,Christian,better,4
2010,Christian,wonder,2
2010,Christian,nothing,2
2010,Christian,number,2
2010,Christian,putting,2
2010,Christian,really,2
2010,Christian,see,2
2010,Christian,sometimes,2
2010,Christian,still,2
2010,Christian,together,2
2010,Christian,want,2
2010,Christian,whatever,2
2010,Christian,look,2
2010,Christian,mean,2
2010,Christian,enough,2
2010,Christian,get,2
2010,Christian,heeeey,2
2010,Christian,age,2
2010,Christian,birthday,1
2010,Christian,beaches,1
2010,Country & Folk,love,128
2010,Country & Folk,know,111
2010,Country & Folk,little,105
2010,Country & Folk,got,92
2010,Country & Folk,get,83
2010,Country & Folk,good,74
2010,Country & Folk,let,70
2010,Country & Folk,back,68
2010,Country & Folk,right,64
2010,Country & Folk,take,61
2010,Country & Folk,want,61
2010,Country & Folk,come,60
2010,Country & Folk,way,59
2010,Country & Folk,never,59
2010,Country & Folk,going,58
2010,Country & Folk,ain,58
2010,Country & Folk,girl,57
2010,Country & Folk,time,57
2010,Country & Folk,crazy,54
2010,Country & Folk,life,54
2010,Country & Folk,man,52
2010,Country & Folk,see,50
2010,Country & Folk,old,49
2010,Country & Folk,one,49
2010,Country & Folk,said,47
2010,Electronic,fallin,20
2010,Electronic,time,15
2010,Electronic,let,14
2010,Electronic,bulletproof,12
2010,Electronic,club,12
2010,Electronic,everybody,12
2010,Electronic,stop,10
2010,Electronic,evacuate,9
2010,Electronic,floor,9
2010,Electronic,home,8
2010,Electronic,dance,8
2010,Electronic,beat,8
2010,Electronic,calling,8
2010,Electronic,drifting,7
2010,Electronic,come,7
2010,Electronic,horler,7
2010,Electronic,infected,7
2010,Electronic,killing,7
2010,Electronic,natalie,7
2010,Electronic,sound,7
2010,Electronic,going,6
2010,Electronic,overdose,6
2010,Electronic,take,6
2010,Electronic,weightless,5
2010,Electronic,watch,5
2010,Hip Hop,get,304
2010,Hip Hop,know,267
2010,Hip Hop,got,240
2010,Hip Hop,let,192
2010,Hip Hop,ain,182
2010,Hip Hop,fuck,172
2010,Hip Hop,back,169
2010,Hip Hop,love,157
2010,Hip Hop,man,143
2010,Hip Hop,girl,136
2010,Hip Hop,see,134
2010,Hip Hop,say,132
2010,Hip Hop,bitch,131
2010,Hip Hop,rock,126
2010,Hip Hop,boy,123
2010,Hip Hop,right,122
2010,Hip Hop,want,120
2010,Hip Hop,make,120
2010,Hip Hop,money,119
2010,Hip Hop,shit,116
2010,Hip Hop,life,115
2010,Hip Hop,give,114
2010,Hip Hop,time,110
2010,Hip Hop,featuring,108
2010,Hip Hop,never,106
2010,Jazz,work,11
2010,Jazz,get,11
2010,Jazz,love,10
2010,Jazz,dead,7
2010,Jazz,find,7
2010,Jazz,give,6
2010,Jazz,hollywood,6
2010,Jazz,haven,6
2010,Jazz,head,6
2010,Jazz,know,6
2010,Jazz,met,6
2010,Jazz,yet,6
2010,Jazz,turn,5
2010,Jazz,put,5
2010,Jazz,promise,5
2010,Jazz,higher,5
2010,Jazz,kid,5
2010,Jazz,much,4
2010,Jazz,world,3
2010,Jazz,make,3
2010,Jazz,possibility,3
2010,Jazz,need,3
2010,Jazz,every,3
2010,Jazz,desire,3
2010,Jazz,could,3
2010,Other,says,1220
2010,Other,know,651
2010,Other,mam,639
2010,Other,get,549
2010,Other,one,548
2010,Other,dad,447
2010,Other,want,414
2010,Other,see,402
2010,Other,back,391
2010,Other,tell,385
2010,Other,malachy,375
2010,Other,never,368
2010,Other,mother,362
2010,Other,tells,361
2010,Other,say,353
2010,Other,man,345
2010,Other,come,340
2010,Other,new,330
2010,Other,home,326
2010,Other,way,325
2010,Other,day,323
2010,Other,take,301
2010,Other,bed,298
2010,Other,god,294
2010,Other,look,294
2010,Pop,love,614
2010,Pop,know,518
2010,Pop,girl,467
2010,Pop,got,460
2010,Pop,let,401
2010,Pop,get,381
2010,Pop,feat,373
2010,Pop,say,367
2010,Pop,back,350
2010,Pop,wanna,350
2010,Pop,one,339
2010,Pop,want,334
2010,Pop,take,304
2010,Pop,see,254
2010,Pop,right,245
2010,Pop,never,241
2010,Pop,ain,232
2010,Pop,make,231
2010,Pop,time,213
2010,Pop,way,209
2010,Pop,think,197
2010,Pop,need,196
2010,Pop,come,188
2010,Pop,mma,181
2010,Pop,tonight,178
2010,R&B & Funk,love,62
2010,R&B & Funk,ain,34
2010,R&B & Funk,back,34
2010,R&B & Funk,want,33
2010,R&B & Funk,heart,29
2010,R&B & Funk,come,29
2010,R&B & Funk,tie,28
2010,R&B & Funk,143,25
2010,R&B & Funk,half,25
2010,R&B & Funk,say,24
2010,R&B & Funk,gon,22
2010,R&B & Funk,hook,21
2010,R&B & Funk,need,21
2010,R&B & Funk,got,20
2010,R&B & Funk,hope,19
2010,R&B & Funk,look,17
2010,R&B & Funk,right,16
2010,R&B & Funk,keep,16
2010,R&B & Funk,know,15
2010,R&B & Funk,make,14
2010,R&B & Funk,turned,13
2010,R&B & Funk,together,13
2010,R&B & Funk,one,13
2010,R&B & Funk,get,13
2010,R&B & Funk,club,13
2010,Reggae,day,45
2010,Reggae,one,43
2010,Reggae,ohh,18
2010,Reggae,yay,8
2010,Reggae,way,4
2010,Reggae,waiting,4
2010,Reggae,praying,4
2010,Reggae,people,4
2010,Reggae,ohhh,4
2010,Reggae,fight,4
2010,Reggae,children,3
2010,Reggae,lose,3
2010,Reggae,life,3
2010,Reggae,let,3
2010,Reggae,get,3
2010,Reggae,drown,3
2010,Reggae,play,3
2010,Reggae,sometimes,3
2010,Reggae,say,3
2010,Reggae,surrounds,3
2010,Reggae,war,3
2010,Reggae,wanna,3
2010,Reggae,yah,2
2010,Reggae,pre,2
2010,Reggae,tears,2
2010,Rock,know,54
2010,Rock,got,51
2010,Rock,love,47
2010,Rock,one,44
2010,Rock,come,44
2010,Rock,let,40
2010,Rock,never,40
2010,Rock,time,40
2010,Rock,take,39
2010,Rock,gone,38
2010,Rock,could,37
2010,Rock,life,36
2010,Rock,rain,36
2010,Rock,feel,34
2010,Rock,maybe,34
2010,Rock,away,33
2010,Rock,nothing,32
2010,Rock,way,32
2010,Rock,fall,31
2010,Rock,still,30
2010,Rock,day,30
2010,Rock,bridge,29
2010,Rock,halfway,28
2010,Rock,world,27
2010,Rock,end,26
2011,Avant-Garde & Experimental,want,21
2011,Avant-Garde & Experimental,louis,17
2011,Avant-Garde & Experimental,gucci,17
2011,Avant-Garde & Experimental,fendi,16
2011,Avant-Garde & Experimental,bitches,12
2011,Avant-Garde & Experimental,basic,8
2011,Avant-Garde & Experimental,even,8
2011,Avant-Garde & Experimental,prada,8
2011,Avant-Garde & Experimental,ohh,8
2011,Avant-Garde & Experimental,bother,7
2011,Avant-Garde & Experimental,need,7
2011,Avant-Garde & Experimental,shit,7
2011,Avant-Garde & Experimental,wear,7
2011,Avant-Garde & Experimental,oooh,5
2011,Avant-Garde & Experimental,see,5
2011,Avant-Garde & Experimental,got,5
2011,Avant-Garde & Experimental,full,5
2011,Avant-Garde & Experimental,know,5
2011,Avant-Garde & Experimental,better,4
2011,Avant-Garde & Experimental,believe,4
2011,Avant-Garde & Experimental,bad,4
2011,Avant-Garde & Experimental,back,4
2011,Avant-Garde & Experimental,find,4
2011,Avant-Garde & Experimental,never,4
2011,Avant-Garde & Experimental,much,4
2011,Blues & Soul,rumour,33
2011,Blues & Soul,rumours,31
2011,Blues & Soul,never,25
2011,Blues & Soul,deep,16
2011,Blues & Soul,rolling,16
2011,Blues & Soul,wish,16
2011,Blues & Soul,heart,15
2011,Blues & Soul,love,13
2011,Blues & Soul,sometimes,13
2011,Blues & Soul,met,12
2011,Blues & Soul,pre,12
2011,Blues & Soul,fall,12
2011,Blues & Soul,time,11
2011,Blues & Soul,tears,11
2011,Blues & Soul,could,10
2011,Blues & Soul,turning,9
2011,Blues & Soul,tables,9
2011,Blues & Soul,heard,9
2011,Blues & Soul,played,8
2011,Blues & Soul,say,8
2011,Blues & Soul,soul,8
2011,Blues & Soul,let,7
2011,Blues & Soul,fire,7
2011,Blues & Soul,benett,7
2011,Blues & Soul,tony,7
2011,Christian,walking,51
2011,Christian,look,26
2011,Christian,smile,26
2011,Christian,much,21
2011,Christian,better,21
2011,Christian,see,11
2011,Christian,even,6
2011,Christian,though,6
2011,Christian,today,5
2011,Christian,time,5
2011,Christian,hook,5
2011,Christian,day,5
2011,Christian,get,4
2011,Christian,new,4
2011,Christian,tell,4
2011,Christian,back,3
2011,Christian,almost,3
2011,Christian,explain,3
2011,Christian,hate,3
2011,Christian,hard,3
2011,Christian,god,3
2011,Christian,give,3
2011,Christian,heaven,3
2011,Christian,gave,3
2011,Christian,fell,3
2011,Classical,get,8
2011,Classical,come,6
2011,Classical,got,6
2011,Classical,lot,6
2011,Classical,ain,5
2011,Classical,troubles,4
2011,Classical,pick,4
2011,Classical,found,3
2011,Classical,claim,3
2011,Classical,check,3
2011,Classical,carry,3
2011,Classical,car,3
2011,Classical,baggage,3
2011,Classical,lost,3
2011,Classical,little,3
2011,Classical,hit,3
2011,Classical,ground,3
2011,Classical,yard,3
2011,Classical,name,3
2011,Classical,luggage,3
2011,Classical,trunk,3
2011,Classical,problem,3
2011,Classical,packing,3
2011,Classical,better,2
2011,Classical,around,2
2011,Country & Folk,little,152
2011,Country & Folk,love,140
2011,Country & Folk,got,137
2011,Country & Folk,know,131
2011,Country & Folk,get,118
2011,Country & Folk,girl,107
2011,Country & Folk,good,91
2011,Country & Folk,back,89
2011,Country & Folk,one,83
2011,Country & Folk,let,83
2011,Country & Folk,ain,81
2011,Country & Folk,time,80
2011,Country & Folk,way,79
2011,Country & Folk,life,68
2011,Country & Folk,man,67
2011,Country & Folk,come,67
2011,Country & Folk,right,66
2011,Country & Folk,want,64
2011,Country & Folk,going,63
2011,Country & Folk,take,62
2011,Country & Folk,see,58
2011,Country & Folk,say,58
2011,Country & Folk,long,57
2011,Country & Folk,day,57
2011,Country & Folk,said,56
2011,Electronic,wooo,93
2011,Electronic,barbra,26
2011,Electronic,won,22
2011,Electronic,girl,19
2011,Electronic,century,18
2011,Electronic,21st,18
2011,Electronic,goin,16
2011,Electronic,say,14
2011,Electronic,fucking,13
2011,Electronic,live,12
2011,Electronic,til,12
2011,Electronic,stop,12
2011,Electronic,started,10
2011,Electronic,gettin,10
2011,Electronic,blackout,10
2011,Electronic,david,9
2011,Electronic,schmitt,9
2011,Electronic,voice,8
2011,Electronic,streisand,8
2011,Electronic,rough,8
2011,Electronic,rof,8
2011,Electronic,rock,8
2011,Electronic,evig,8
2011,Electronic,beat,6
2011,Electronic,side,6
2011,Hip Hop,know,177
2011,Hip Hop,get,145
2011,Hip Hop,make,136
2011,Hip Hop,see,116
2011,Hip Hop,got,116
2011,Hip Hop,back,97
2011,Hip Hop,ain,97
2011,Hip Hop,bitch,96
2011,Hip Hop,boy,86
2011,Hip Hop,love,81
2011,Hip Hop,let,80
2011,Hip Hop,never,69
2011,Hip Hop,lights,69
2011,Hip Hop,shit,68
2011,Hip Hop,say,67
2011,Hip Hop,hit,65
2011,Hip Hop,rain,65
2011,Hip Hop,tell,65
2011,Hip Hop,nigga,63
2011,Hip Hop,money,62
2011,Hip Hop,take,61
2011,Hip Hop,life,59
2011,Hip Hop,hook,58
2011,Hip Hop,wanna,58
2011,Hip Hop,call,56
2011,Jazz,christmas,14
2011,Jazz,want,8
2011,Jazz,lot,7
2011,Jazz,look,6
2011,Jazz,beginning,5
2011,Jazz,know,5
2011,Jazz,won,5
2011,Jazz,wish,4
2011,Jazz,make,4
2011,Jazz,hook,3
2011,Jazz,everywhere,3
2011,Jazz,door,3
2011,Jazz,one,3
2011,Jazz,see,3
2011,Jazz,true,2
2011,Jazz,underneath,2
2011,Jazz,sight,2
2011,Jazz,snow,2
2011,Jazz,start,2
2011,Jazz,store,2
2011,Jazz,thing,2
2011,Jazz,toys,2
2011,Jazz,tree,2
2011,Jazz,prettiest,2
2011,Jazz,right,2
2011,Latin,que,22
2011,Latin,por,14
2011,Latin,menea,13
2011,Latin,nena,13
2011,Latin,foi,12
2011,Latin,amor,10
2011,Latin,vai,8
2011,Latin,onde,8
2011,Latin,llorando,8
2011,Latin,estar,8
2011,Latin,día,8
2011,Latin,eres,5
2011,Latin,estribillo,5
2011,Latin,las,5
2011,Latin,verso,4
2011,Latin,vais,4
2011,Latin,uoh,4
2011,Latin,supo,4
2011,Latin,una,4
2011,Latin,ron,4
2011,Latin,sempre,4
2011,Latin,rei,4
2011,Latin,recordação,4
2011,Latin,sol,4
2011,Latin,pra,4
2011,Other,love,86
2011,Other,blaine,75
2011,Other,rachel,67
2011,Other,get,54
2011,Other,somebody,53
2011,Other,know,53
2011,Other,come,52
2011,Other,warblers,51
2011,Other,got,50
2011,Other,take,47
2011,Other,find,45
2011,Other,sing,41
2011,Other,look,41
2011,Other,let,37
2011,Other,dance,36
2011,Other,see,36
2011,Other,time,35
2011,Other,tonight,34
2011,Other,one,33
2011,Other,wanna,32
2011,Other,want,32
2011,Other,artie,32
2011,Other,new,29
2011,Other,holly,29
2011,Other,directions,29
2011,Pop,love,398
2011,Pop,know,284
2011,Pop,got,279
2011,Pop,back,266
2011,Pop,let,248
2011,Pop,one,237
2011,Pop,girl,235
2011,Pop,get,234
2011,Pop,wanna,224
2011,Pop,say,205
2011,Pop,make,205
2011,Pop,ain,204
2011,Pop,come,203
2011,Pop,hair,196
2011,Pop,whoa,192
2011,Pop,never,178
2011,Pop,see,172
2011,Pop,right,170
2011,Pop,way,155
2011,Pop,want,151
2011,Pop,take,147
2011,Pop,night,146
2011,Pop,run,142
2011,Pop,time,141
2011,Pop,stop,126
2011,R&B & Funk,love,26
2011,R&B & Funk,feel,22
2011,R&B & Funk,happiness,22
2011,R&B & Funk,novacaine,22
2011,R&B & Funk,say,19
2011,R&B & Funk,let,19
2011,R&B & Funk,know,19
2011,R&B & Funk,shake,18
2011,R&B & Funk,wake,17
2011,R&B & Funk,time,15
2011,R&B & Funk,numb,15
2011,R&B & Funk,head,15
2011,R&B & Funk,got,15
2011,R&B & Funk,come,15
2011,R&B & Funk,keep,13
2011,R&B & Funk,around,13
2011,R&B & Funk,bop,12
2011,R&B & Funk,christmas,12
2011,R&B & Funk,hair,12
2011,R&B & Funk,hook,11
2011,R&B & Funk,want,10
2011,R&B & Funk,sun,10
2011,R&B & Funk,pain,10
2011,R&B & Funk,gotta,10
2011,R&B & Funk,fine,10
2011,Rock,got,89
2011,Rock,one,63
2011,Rock,love,59
2011,Rock,time,51
2011,Rock,said,46
2011,Rock,never,43
2011,Rock,sing,42
2011,Rock,maybe,41
2011,Rock,want,40
2011,Rock,para,36
2011,Rock,every,36
2011,Rock,keep,36
2011,Rock,know,35
2011,Rock,take,34
2011,Rock,make,33
2011,Rock,nothing,32
2011,Rock,feel,32
2011,Rock,around,30
2011,Rock,get,30
2011,Rock,way,30
2011,Rock,let,28
2011,Rock,bridge,27
2011,Rock,say,26
2011,Rock,back,26
2011,Rock,sail,25
2012,Blues & Soul,rumour,33
2012,Blues & Soul,rumours,31
2012,Blues & Soul,never,24
2012,Blues & Soul,deep,16
2012,Blues & Soul,rolling,16
2012,Blues & Soul,wish,16
2012,Blues & Soul,sometimes,13
2012,Blues & Soul,met,12
2012,Blues & Soul,love,12
2012,Blues & Soul,fall,12
2012,Blues & Soul,heart,11
2012,Blues & Soul,tears,11
2012,Blues & Soul,heard,9
2012,Blues & Soul,could,8
2012,Blues & Soul,played,8
2012,Blues & Soul,pre,8
2012,Blues & Soul,fire,7
2012,Blues & Soul,time,6
2012,Blues & Soul,things,6
2012,Blues & Soul,said,6
2012,Blues & Soul,nothing,6
2012,Blues & Soul,name,6
2012,Blues & Soul,lasts,6
2012,Blues & Soul,instead,6
2012,Blues & Soul,knew,6
2012,Classical,hoo,22
2012,Classical,woo,22
2012,Classical,get,10
2012,Classical,saying,8
2012,Classical,tonight,7
2012,Classical,lot,6
2012,Classical,let,6
2012,Classical,come,6
2012,Classical,got,6
2012,Classical,night,6
2012,Classical,windows,6
2012,Classical,want,6
2012,Classical,town,5
2012,Classical,girl,5
2012,Classical,ain,5
2012,Classical,rolling,4
2012,Classical,pick,4
2012,Classical,troubles,4
2012,Classical,check,3
2012,Classical,carry,3
2012,Classical,car,3
2012,Classical,baggage,3
2012,Classical,ground,3
2012,Classical,found,3
2012,Classical,feel,3
2012,Country & Folk,love,166
2012,Country & Folk,little,140
2012,Country & Folk,got,138
2012,Country & Folk,let,100
2012,Country & Folk,know,100
2012,Country & Folk,get,97
2012,Country & Folk,girl,97
2012,Country & Folk,ain,95
2012,Country & Folk,one,94
2012,Country & Folk,night,91
2012,Country & Folk,good,87
2012,Country & Folk,back,84
2012,Country & Folk,come,80
2012,Country & Folk,time,74
2012,Country & Folk,take,67
2012,Country & Folk,make,67
2012,Country & Folk,way,66
2012,Country & Folk,never,65
2012,Country & Folk,away,64
2012,Country & Folk,wanna,56
2012,Country & Folk,life,56
2012,Country & Folk,eyes,55
2012,Country & Folk,every,54
2012,Country & Folk,man,54
2012,Country & Folk,going,49
2012,Electronic,walk,40
2012,Electronic,take,32
2012,Electronic,wasted,24
2012,Electronic,won,23
2012,Electronic,feel,16
2012,Electronic,goin,16
2012,Electronic,say,15
2012,Electronic,still,13
2012,Electronic,promises,12
2012,Electronic,til,12
2012,Electronic,stop,12
2012,Electronic,blackout,10
2012,Electronic,gettin,10
2012,Electronic,started,10
2012,Electronic,david,9
2012,Electronic,got,9
2012,Electronic,need,9
2012,Electronic,schmitt,9
2012,Electronic,took,8
2012,Electronic,rof,8
2012,Electronic,evig,8
2012,Electronic,friend,7
2012,Electronic,hide,7
2012,Electronic,fire,6
2012,Electronic,little,6
2012,Hip Hop,know,124
2012,Hip Hop,get,113
2012,Hip Hop,got,107
2012,Hip Hop,see,102
2012,Hip Hop,right,98
2012,Hip Hop,time,67
2012,Hip Hop,wanna,64
2012,Hip Hop,back,63
2012,Hip Hop,let,61
2012,Hip Hop,money,55
2012,Hip Hop,nigga,54
2012,Hip Hop,ain,53
2012,Hip Hop,take,52
2012,Hip Hop,damn,50
2012,Hip Hop,shit,46
2012,Hip Hop,say,45
2012,Hip Hop,gone,44
2012,Hip Hop,never,43
2012,Hip Hop,one,43
2012,Hip Hop,girl,43
2012,Hip Hop,feat,43
2012,Hip Hop,work,42
2012,Hip Hop,fuck,41
2012,Hip Hop,won,39
2012,Hip Hop,gettin,39
2012,Latin,pego,18
2012,Latin,assim,8
2012,Latin,mata,8
2012,Latin,você,8
2012,Latin,nossa,8
2012,Latin,refrão,6
2012,Latin,delícia,5
2012,Latin,delicia,3
2012,Latin,passou,2
2012,Latin,pré,2
2012,Latin,sábado,2
2012,Latin,tomei,2
2012,Latin,linda,2
2012,Latin,mais,2
2012,Latin,menina,2
2012,Latin,falar,2
2012,Latin,galera,2
2012,Latin,balada,2
2012,Latin,comecei,2
2012,Latin,começou,2
2012,Latin,coragem,2
2012,Latin,dançar,2
2012,Latin,english,1
2012,Latin,com,1
2012,Latin,translation,1
2012,Other,rock,12
2012,Other,whatever,12
2012,Other,feel,10
2012,Other,sky,10
2012,Other,stand,10
2012,Other,tall,9
2012,Other,star,9
2012,Other,makes,9
2012,Other,let,9
2012,Other,fall,9
2012,Other,crumbles,8
2012,Other,chesney,6
2012,Other,face,6
2012,Other,kenny,6
2012,Other,mcgraw,6
2012,Other,skyfall,6
2012,Other,tim,6
2012,Other,together,6
2012,Other,kick,4
2012,Other,back,3
2012,Other,ass,3
2012,Other,dress,3
2012,Other,deal,3
2012,Other,chilling,3
2012,Other,busted,3
2012,Pop,love,433
2012,Pop,know,369
2012,Pop,let,272
2012,Pop,get,224
2012,Pop,one,222
2012,Pop,never,209
2012,Pop,got,194
2012,Pop,girl,177
2012,Pop,want,169
2012,Pop,make,157
2012,Pop,wanna,139
2012,Pop,back,128
2012,Pop,come,125
2012,Pop,heart,119
2012,Pop,run,118
2012,Pop,think,115
2012,Pop,night,112
2012,Pop,better,111
2012,Pop,bridge,111
2012,Pop,time,110
2012,Pop,see,110
2012,Pop,pre,109
2012,Pop,say,109
2012,Pop,eyes,107
2012,Pop,ain,104
2012,R&B & Funk,got,28
2012,R&B & Funk,know,26
2012,R&B & Funk,love,26
2012,R&B & Funk,never,25
2012,R&B & Funk,want,23
2012,R&B & Funk,let,23
2012,R&B & Funk,girl,21
2012,R&B & Funk,hook,19
2012,R&B & Funk,help,17
2012,R&B & Funk,could,16
2012,R&B & Funk,bring,16
2012,R&B & Funk,right,15
2012,R&B & Funk,need,15
2012,R&B & Funk,get,15
2012,R&B & Funk,fine,14
2012,R&B & Funk,pre,14
2012,R&B & Funk,bout,13
2012,R&B & Funk,cup,13
2012,R&B & Funk,forever,13
2012,R&B & Funk,hold,12
2012,R&B & Funk,thinkin,12
2012,R&B & Funk,think,11
2012,R&B & Funk,one,11
2012,R&B & Funk,ohh,11
2012,R&B & Funk,good,11
2012,Rock,love,57
2012,Rock,got,46
2012,Rock,tattoo,41
2012,Rock,back,37
2012,Rock,para,36
2012,Rock,time,30
2012,Rock,away,30
2012,Rock,sail,26
2012,Rock,know,25
2012,Rock,whoa,25
2012,Rock,let,24
2012,Rock,one,24
2012,Rock,nothing,24
2012,Rock,mad,21
2012,Rock,get,21
2012,Rock,pre,20
2012,Rock,could,20
2012,Rock,waiting,19
2012,Rock,far,18
2012,Rock,paradise,18
2012,Rock,turn,17
2012,Rock,tonight,17
2012,Rock,around,16
2012,Rock,new,16
2012,Rock,take,16
2013,Avant-Garde & Experimental,call,20
2013,Avant-Garde & Experimental,send,16
2013,Avant-Garde & Experimental,rule,12
2013,Avant-Garde & Experimental,know,12
2013,Avant-Garde & Experimental,let,11
2013,Avant-Garde & Experimental,talk,10
2013,Avant-Garde & Experimental,care,9
2013,Avant-Garde & Experimental,kind,9
2013,Avant-Garde & Experimental,never,9
2013,Avant-Garde & Experimental,team,7
2013,Avant-Garde & Experimental,queen,7
2013,Avant-Garde & Experimental,ruler,6
2013,Avant-Garde & Experimental,run,6
2013,Avant-Garde & Experimental,royals,6
2013,Avant-Garde & Experimental,live,6
2013,Avant-Garde & Experimental,little,6
2013,Avant-Garde & Experimental,love,6
2013,Avant-Garde & Experimental,court,5
2013,Avant-Garde & Experimental,dreams,5
2013,Avant-Garde & Experimental,things,5
2013,Avant-Garde & Experimental,tennis,5
2013,Avant-Garde & Experimental,teeth,4
2013,Avant-Garde & Experimental,see,4
2013,Avant-Garde & Experimental,pretty,4
2013,Avant-Garde & Experimental,people,4
2013,Christian,old,13
2013,Christian,gold,10
2013,Christian,worth,9
2013,Christian,inside,5
2013,Christian,shine,5
2013,Christian,world,4
2013,Christian,hold,4
2013,Christian,head,4
2013,Christian,whatever,3
2013,Christian,told,3
2013,Christian,time,3
2013,Christian,shows,3
2013,Christian,girls,3
2013,Christian,high,3
2013,Christian,boys,3
2013,Christian,anybody,2
2013,Christian,ashamed,2
2013,Christian,glow,2
2013,Christian,crown,2
2013,Christian,enough,2
2013,Christian,feeling,2
2013,Christian,loved,2
2013,Christian,moon,2
2013,Christian,queen,2
2013,Christian,king,2
2013,Country & Folk,got,161
2013,Country & Folk,girl,157
2013,Country & Folk,let,150
2013,Country & Folk,know,144
2013,Country & Folk,get,136
2013,Country & Folk,night,134
2013,Country & Folk,little,129
2013,Country & Folk,love,109
2013,Country & Folk,wanna,107
2013,Country & Folk,one,106
2013,Country & Folk,see,100
2013,Country & Folk,back,96
2013,Country & Folk,time,91
2013,Country & Folk,ain,89
2013,Country & Folk,make,86
2013,Country & Folk,take,81
2013,Country & Folk,way,74
2013,Country & Folk,long,70
2013,Country & Folk,never,68
2013,Country & Folk,away,68
2013,Country & Folk,around,65
2013,Country & Folk,good,65
2013,Country & Folk,feel,64
2013,Country & Folk,want,63
2013,Country & Folk,right,62
2013,Electronic,reflektor,51
2013,Electronic,walk,40
2013,Electronic,take,39
2013,Electronic,sound,33
2013,Electronic,safe,27
2013,Electronic,live,27
2013,Electronic,know,24
2013,Electronic,love,17
2013,Electronic,could,16
2013,Electronic,one,15
2013,Electronic,make,15
2013,Electronic,night,12
2013,Electronic,jahan,12
2013,Electronic,feel,12
2013,Electronic,til,11
2013,Electronic,hook,11
2013,Electronic,thought,10
2013,Electronic,see,10
2013,Electronic,hold,10
2013,Electronic,high,10
2013,Electronic,free,10
2013,Electronic,didn,10
2013,Electronic,world,9
2013,Electronic,wanna,9
2013,Electronic,sky,9
2013,Hip Hop,versace,163
2013,Hip Hop,know,156
2013,Hip Hop,nigga,154
2013,Hip Hop,ain,154
2013,Hip Hop,got,151
2013,Hip Hop,nothin,132
2013,Hip Hop,get,110
2013,Hip Hop,right,97
2013,Hip Hop,shit,95
2013,Hip Hop,bout,94
2013,Hip Hop,see,90
2013,Hip Hop,niggas,85
2013,Hip Hop,hol,77
2013,Hip Hop,fuck,77
2013,Hip Hop,back,73
2013,Hip Hop,make,67
2013,Hip Hop,never,67
2013,Hip Hop,worried,63
2013,Hip Hop,wanna,60
2013,Hip Hop,bitch,59
2013,Hip Hop,feel,59
2013,Hip Hop,girl,58
2013,Hip Hop,say,53
2013,Hip Hop,come,53
2013,Hip Hop,way,52
2013,Jazz,day,9
2013,Jazz,beautiful,8
2013,Jazz,know,4
2013,Jazz,want,3
2013,Jazz,playing,3
2013,Jazz,got,3
2013,Jazz,ever,3
2013,Jazz,away,3
2013,Jazz,buying,2
2013,Jazz,complaining,2
2013,Jazz,denying,2
2013,Jazz,drinking,2
2013,Jazz,believe,2
2013,Jazz,boy,2
2013,Jazz,even,2
2013,Jazz,get,2
2013,Jazz,glad,2
2013,Jazz,goodbye,2
2013,Jazz,hear,2
2013,Jazz,hold,2
2013,Jazz,pre,2
2013,Jazz,raining,2
2013,Jazz,relieved,2
2013,Jazz,said,2
2013,Jazz,line,2
2013,Latin,voy,28
2013,Latin,que,20
2013,Latin,quiero,16
2013,Latin,vida,14
2013,Latin,reír,14
2013,Latin,para,13
2013,Latin,vivir,12
2013,Latin,qué,12
2013,Latin,una,10
2013,Latin,solo,9
2013,Latin,bailar,8
2013,Latin,beso,7
2013,Latin,darte,7
2013,Latin,nada,6
2013,Latin,esta,5
2013,Latin,gozar,5
2013,Latin,ver,4
2013,Latin,tus,4
2013,Latin,luego,4
2013,Latin,falte,4
2013,Latin,duru,4
2013,Latin,como,4
2013,Latin,verso,3
2013,Latin,sufrir,3
2013,Latin,propuesta,3
2013,Other,pum,72
2013,Other,let,40
2013,Other,rum,24
2013,Other,fly,18
2013,Other,cannonball,15
2013,Other,stand,13
2013,Other,get,11
2013,Other,gotta,10
2013,Other,fall,9
2013,Other,light,9
2013,Other,sky,9
2013,Other,today,9
2013,Other,tall,9
2013,Other,crumbles,8
2013,Other,back,8
2013,Other,door,7
2013,Other,know,7
2013,Other,break,6
2013,Other,face,6
2013,Other,never,6
2013,Other,skyfall,6
2013,Other,see,6
2013,Other,together,6
2013,Other,close,5
2013,Other,come,5
2013,Pop,love,488
2013,Pop,know,354
2013,Pop,let,301
2013,Pop,wanna,260
2013,Pop,get,204
2013,Pop,want,191
2013,Pop,never,184
2013,Pop,one,177
2013,Pop,got,176
2013,Pop,take,169
2013,Pop,pre,167
2013,Pop,night,163
2013,Pop,tonight,160
2013,Pop,see,158
2013,Pop,girl,154
2013,Pop,say,152
2013,Pop,heart,148
2013,Pop,time,138
2013,Pop,life,135
2013,Pop,make,135
2013,Pop,back,134
2013,Pop,think,133
2013,Pop,right,127
2013,Pop,way,119
2013,Pop,ever,118
2013,R&B & Funk,man,49
2013,R&B & Funk,tell,45
2013,R&B & Funk,much,37
2013,R&B & Funk,everybody,35
2013,R&B & Funk,love,34
2013,R&B & Funk,know,32
2013,R&B & Funk,got,32
2013,R&B & Funk,give,28
2013,R&B & Funk,need,23
2013,R&B & Funk,let,20
2013,R&B & Funk,ahead,19
2013,R&B & Funk,think,19
2013,R&B & Funk,well,17
2013,R&B & Funk,could,16
2013,R&B & Funk,bring,16
2013,R&B & Funk,get,14
2013,R&B & Funk,yes,13
2013,R&B & Funk,thinkin,12
2013,R&B & Funk,bout,12
2013,R&B & Funk,ohh,11
2013,R&B & Funk,far,10
2013,R&B & Funk,low,10
2013,R&B & Funk,one,9
2013,R&B & Funk,sun,8
2013,R&B & Funk,even,8
2013,Rock,know,34
2013,Rock,whoa,33
2013,Rock,got,32
2013,Rock,eheu,32
2013,Rock,hail,30
2013,Rock,love,29
2013,Rock,dark,28
2013,Rock,light,28
2013,Rock,get,26
2013,Rock,pre,26
2013,Rock,sail,26
2013,Rock,wanna,24
2013,Rock,young,23
2013,Rock,come,23
2013,Rock,feel,22
2013,Rock,mad,21
2013,Rock,close,21
2013,Rock,back,20
2013,Rock,let,20
2013,Rock,breathing,19
2013,Rock,going,19
2013,Rock,hide,19
2013,Rock,make,19
2013,Rock,won,18
2013,Rock,want,18
2014,Avant-Garde & Experimental,call,20
2014,Avant-Garde & Experimental,send,16
2014,Avant-Garde & Experimental,talk,14
2014,Avant-Garde & Experimental,let,13
2014,Avant-Garde & Experimental,rule,12
2014,Avant-Garde & Experimental,know,12
2014,Avant-Garde & Experimental,never,11
2014,Avant-Garde & Experimental,little,10
2014,Avant-Garde & Experimental,kind,9
2014,Avant-Garde & Experimental,care,9
2014,Avant-Garde & Experimental,beat,9
2014,Avant-Garde & Experimental,people,8
2014,Avant-Garde & Experimental,try,8
2014,Avant-Garde & Experimental,love,7
2014,Avant-Garde & Experimental,queen,7
2014,Avant-Garde & Experimental,pre,7
2014,Avant-Garde & Experimental,team,7
2014,Avant-Garde & Experimental,blood,6
2014,Avant-Garde & Experimental,could,6
2014,Avant-Garde & Experimental,everyone,6
2014,Avant-Garde & Experimental,flicker,6
2014,Avant-Garde & Experimental,gold,6
2014,Avant-Garde & Experimental,hand,6
2014,Avant-Garde & Experimental,heart,6
2014,Avant-Garde & Experimental,live,6
2014,Christian,upon,10
2014,Christian,call,10
2014,Christian,feet,8
2014,Christian,waters,8
2014,Christian,faith,7
2014,Christian,borders,6
2014,Christian,deeper,6
2014,Christian,ever,6
2014,Christian,could,6
2014,Christian,made,6
2014,Christian,presence,6
2014,Christian,lead,6
2014,Christian,let,6
2014,Christian,walk,6
2014,Christian,wander,6
2014,Christian,spirit,6
2014,Christian,stronger,6
2014,Christian,take,6
2014,Christian,trust,6
2014,Christian,saviour,6
2014,Christian,without,6
2014,Christian,would,6
2014,Christian,wherever,6
2014,Christian,waves,3
2014,Christian,soul,3
2014,Country & Folk,got,232
2014,Country & Folk,girl,217
2014,Country & Folk,get,187
2014,Country & Folk,little,184
2014,Country & Folk,night,179
2014,Country & Folk,back,150
2014,Country & Folk,wanna,139
2014,Country & Folk,know,138
2014,Country & Folk,let,138
2014,Country & Folk,ain,133
2014,Country & Folk,one,121
2014,Country & Folk,love,116
2014,Country & Folk,right,112
2014,Country & Folk,way,103
2014,Country & Folk,tonight,100
2014,Country & Folk,good,97
2014,Country & Folk,time,89
2014,Country & Folk,make,85
2014,Country & Folk,every,77
2014,Country & Folk,gotta,76
2014,Country & Folk,song,74
2014,Country & Folk,never,70
2014,Country & Folk,take,66
2014,Country & Folk,something,63
2014,Country & Folk,look,63
2014,Electronic,sound,35
2014,Electronic,could,31
2014,Electronic,safe,27
2014,Electronic,know,21
2014,Electronic,love,20
2014,Electronic,let,19
2014,Electronic,aah,16
2014,Electronic,tonight,16
2014,Electronic,take,15
2014,Electronic,holding,15
2014,Electronic,days,14
2014,Electronic,lights,14
2014,Electronic,run,14
2014,Electronic,won,14
2014,Electronic,red,13
2014,Electronic,selfie,11
2014,Electronic,world,10
2014,Electronic,nothing,10
2014,Electronic,one,10
2014,Electronic,keep,10
2014,Electronic,didn,10
2014,Electronic,away,9
2014,Electronic,even,9
2014,Electronic,wanna,9
2014,Electronic,wave,9
2014,Hip Hop,hol,150
2014,Hip Hop,nigga,132
2014,Hip Hop,know,130
2014,Hip Hop,got,130
2014,Hip Hop,bitch,105
2014,Hip Hop,ain,102
2014,Hip Hop,get,86
2014,Hip Hop,shit,74
2014,Hip Hop,errbody,73
2014,Hip Hop,never,68
2014,Hip Hop,man,64
2014,Hip Hop,fuck,63
2014,Hip Hop,say,60
2014,Hip Hop,love,56
2014,Hip Hop,make,53
2014,Hip Hop,back,53
2014,Hip Hop,niggas,49
2014,Hip Hop,wanna,48
2014,Hip Hop,fuckin,45
2014,Hip Hop,tell,43
2014,Hip Hop,real,42
2014,Hip Hop,right,42
2014,Hip Hop,honest,41
2014,Hip Hop,bitches,40
2014,Hip Hop,stoner,40
2014,Jazz,christmas,7
2014,Jazz,around,4
2014,Jazz,never,4
2014,Jazz,miss,4
2014,Jazz,tree,4
2014,Jazz,rockin,4
2014,Jazz,see,3
2014,Jazz,way,3
2014,Jazz,let,3
2014,Jazz,know,3
2014,Jazz,dancing,2
2014,Jazz,deck,2
2014,Jazz,everyone,2
2014,Jazz,eyes,2
2014,Jazz,boughs,2
2014,Jazz,bridge,2
2014,Jazz,holiday,2
2014,Jazz,holly,2
2014,Jazz,hurt,2
2014,Jazz,jolly,2
2014,Jazz,fashioned,2
2014,Jazz,feeling,2
2014,Jazz,get,2
2014,Jazz,halls,2
2014,Jazz,happy,2
2014,Latin,shower,12
2014,Latin,woo,12
2014,Latin,singing,12
2014,Latin,dee,8
2014,Latin,know,5
2014,Latin,around,4
2014,Latin,got,4
2014,Latin,think,4
2014,Latin,well,3
2014,Latin,whenever,3
2014,Latin,reason,3
2014,Latin,seem,3
2014,Latin,take,3
2014,Latin,smile,3
2014,Latin,people,3
2014,Latin,mirror,3
2014,Latin,light,3
2014,Latin,july,3
2014,Latin,inside,3
2014,Latin,ask,3
2014,Latin,always,3
2014,Latin,ain,3
2014,Latin,dancing,3
2014,Latin,4th,2
2014,Latin,feelin,2
2014,Other,pum,72
2014,Other,let,30
2014,Other,rum,24
2014,Other,know,18
2014,Other,mary,13
2014,Other,boy,10
2014,Other,back,8
2014,Other,come,6
2014,Other,anymore,4
2014,Other,king,4
2014,Other,hold,4
2014,Other,door,4
2014,Other,cold,4
2014,Other,mitch,4
2014,Other,slam,4
2014,Other,see,4
2014,Other,scott,4
2014,Other,turn,4
2014,Other,stay,3
2014,Other,stand,3
2014,Other,never,3
2014,Other,lamb,3
2014,Other,anyway,3
2014,Other,bothered,3
2014,Other,avi,3
2014,Pop,love,548
2014,Pop,know,380
2014,Pop,make,215
2014,Pop,wanna,213
2014,Pop,let,185
2014,Pop,get,175
2014,Pop,never,173
2014,Pop,pre,163
2014,Pop,got,162
2014,Pop,see,157
2014,Pop,say,157
2014,Pop,time,152
2014,Pop,come,148
2014,Pop,feel,145
2014,Pop,still,142
2014,Pop,girl,140
2014,Pop,night,138
2014,Pop,heart,134
2014,Pop,one,132
2014,Pop,take,129
2014,Pop,tell,126
2014,Pop,life,122
2014,Pop,good,118
2014,Pop,right,116
2014,Pop,need,113
2014,R&B & Funk,know,95
2014,R&B & Funk,man,49
2014,R&B & Funk,tell,45
2014,R&B & Funk,love,44
2014,R&B & Funk,everybody,37
2014,R&B & Funk,often,33
2014,R&B & Funk,let,27
2014,R&B & Funk,ain,25
2014,R&B & Funk,need,22
2014,R&B & Funk,keep,19
2014,R&B & Funk,give,18
2014,R&B & Funk,hook,18
2014,R&B & Funk,mean,17
2014,R&B & Funk,lights,17
2014,R&B & Funk,nobody,16
2014,R&B & Funk,try,16
2014,R&B & Funk,world,16
2014,R&B & Funk,got,15
2014,R&B & Funk,make,15
2014,R&B & Funk,well,15
2014,R&B & Funk,girl,14
2014,R&B & Funk,bitch,14
2014,R&B & Funk,ahead,13
2014,R&B & Funk,even,13
2014,R&B & Funk,never,13
2014,Rock,say,70
2014,Rock,know,46
2014,Rock,geronimo,45
2014,Rock,bet,39
2014,Rock,life,38
2014,Rock,love,37
2014,Rock,never,34
2014,Rock,eheu,32
2014,Rock,feel,31
2014,Rock,take,28
2014,Rock,wanna,28
2014,Rock,away,27
2014,Rock,whoa,25
2014,Rock,sail,25
2014,Rock,come,25
2014,Rock,every,24
2014,Rock,get,23
2014,Rock,fever,22
2014,Rock,got,22
2014,Rock,light,22
2014,Rock,pre,22
2014,Rock,quit,21
2014,Rock,let,21
2014,Rock,break,20
2014,Rock,bridge,20
2015,Avant-Garde & Experimental,beat,9
2015,Avant-Garde & Experimental,flicker,6
2015,Avant-Garde & Experimental,orange,6
2015,Avant-Garde & Experimental,red,6
2015,Avant-Garde & Experimental,yellow,6
2015,Avant-Garde & Experimental,sparking,5
2015,Avant-Garde & Experimental,heart,5
2015,Avant-Garde & Experimental,people,4
2015,Avant-Garde & Experimental,talk,4
2015,Avant-Garde & Experimental,start,4
2015,Avant-Garde & Experimental,colors,2
2015,Avant-Garde & Experimental,disappear,2
2015,Avant-Garde & Experimental,done,2
2015,Avant-Garde & Experimental,ends,2
2015,Avant-Garde & Experimental,ever,2
2015,Avant-Garde & Experimental,name,2
2015,Avant-Garde & Experimental,never,2
2015,Avant-Garde & Experimental,pre,2
2015,Avant-Garde & Experimental,home,2
2015,Avant-Garde & Experimental,keep,2
2015,Avant-Garde & Experimental,little,2
2015,Avant-Garde & Experimental,move,2
2015,Avant-Garde & Experimental,much,2
2015,Avant-Garde & Experimental,try,2
2015,Avant-Garde & Experimental,used,2
2015,Blues & Soul,ain,40
2015,Blues & Soul,say,25
2015,Blues & Soul,love,24
2015,Blues & Soul,let,24
2015,Blues & Soul,highs,16
2015,Blues & Soul,lows,16
2015,Blues & Soul,ready,15
2015,Blues & Soul,bridge,14
2015,Blues & Soul,young,12
2015,Blues & Soul,water,11
2015,Blues & Soul,kids,10
2015,Blues & Soul,know,10
2015,Blues & Soul,gotta,9
2015,Blues & Soul,hello,9
2015,Blues & Soul,pre,9
2015,Blues & Soul,want,9
2015,Blues & Soul,treat,8
2015,Blues & Soul,better,8
2015,Blues & Soul,send,8
2015,Blues & Soul,ghosts,8
2015,Blues & Soul,new,8
2015,Blues & Soul,lover,8
2015,Blues & Soul,anymore,7
2015,Blues & Soul,heart,7
2015,Blues & Soul,sorry,7
2015,Classical,max,15
2015,Classical,love,14
2015,Classical,grande,14
2015,Classical,ariana,14
2015,Classical,jason,12
2015,Classical,jonas,12
2015,Classical,nick,12
2015,Classical,remix,12
2015,Classical,years,12
2015,Classical,derulo,11
2015,Classical,weeknd,10
2015,Classical,gomez,7
2015,Classical,selena,7
2015,Classical,demi,6
2015,Classical,drake,6
2015,Classical,khs,6
2015,Classical,lovato,6
2015,Classical,taylor,6
2015,Classical,tove,6
2015,Classical,swift,5
2015,Classical,sia,5
2015,Classical,purity,5
2015,Classical,ring,5
2015,Classical,rihanna,5
2015,Classical,rexha,5
2015,Country & Folk,love,247
2015,Country & Folk,got,176
2015,Country & Folk,wanna,172
2015,Country & Folk,know,164
2015,Country & Folk,ain,158
2015,Country & Folk,get,156
2015,Country & Folk,back,146
2015,Country & Folk,one,125
2015,Country & Folk,take,122
2015,Country & Folk,little,116
2015,Country & Folk,girl,111
2015,Country & Folk,let,103
2015,Country & Folk,night,100
2015,Country & Folk,good,95
2015,Country & Folk,right,91
2015,Country & Folk,way,90
2015,Country & Folk,make,84
2015,Country & Folk,time,81
2015,Country & Folk,kanye,76
2015,Country & Folk,see,75
2015,Country & Folk,west,73
2015,Country & Folk,never,70
2015,Country & Folk,could,63
2015,Country & Folk,man,61
2015,Country & Folk,want,61
2015,Electronic,still,29
2015,Electronic,breathing,26
2015,Electronic,took,17
2015,Electronic,tonight,16
2015,Electronic,alive,16
2015,Electronic,holding,13
2015,Electronic,won,13
2015,Electronic,got,12
2015,Electronic,heart,11
2015,Electronic,elastic,11
2015,Electronic,one,9
2015,Electronic,wave,8
2015,Electronic,drifting,8
2015,Electronic,chandelier,8
2015,Electronic,life,7
2015,Electronic,pre,6
2015,Electronic,love,6
2015,Electronic,drink,6
2015,Electronic,away,5
2015,Electronic,eyes,5
2015,Electronic,feel,5
2015,Electronic,hard,5
2015,Electronic,light,5
2015,Electronic,might,5
2015,Electronic,see,5
2015,Hip Hop,got,257
2015,Hip Hop,know,219
2015,Hip Hop,ain,173
2015,Hip Hop,nigga,137
2015,Hip Hop,get,127
2015,Hip Hop,shit,106
2015,Hip Hop,gon,101
2015,Hip Hop,let,101
2015,Hip Hop,want,100
2015,Hip Hop,niggas,98
2015,Hip Hop,money,96
2015,Hip Hop,back,90
2015,Hip Hop,fuck,83
2015,Hip Hop,love,83
2015,Hip Hop,wanna,82
2015,Hip Hop,man,80
2015,Hip Hop,make,80
2015,Hip Hop,never,78
2015,Hip Hop,see,74
2015,Hip Hop,bitch,67
2015,Hip Hop,need,61
2015,Hip Hop,come,61
2015,Hip Hop,one,59
2015,Hip Hop,gotta,59
2015,Hip Hop,girl,57
2015,Jazz,christmas,6
2015,Jazz,rockin,4
2015,Jazz,tree,4
2015,Jazz,around,4
2015,Jazz,let,3
2015,Jazz,halls,2
2015,Jazz,happy,2
2015,Jazz,hear,2
2015,Jazz,holiday,2
2015,Jazz,holly,2
2015,Jazz,jolly,2
2015,Jazz,boughs,2
2015,Jazz,bridge,2
2015,Jazz,dancing,2
2015,Jazz,deck,2
2015,Jazz,everyone,2
2015,Jazz,fashioned,2
2015,Jazz,feeling,2
2015,Jazz,get,2
2015,Jazz,merrily,2
2015,Jazz,new,2
2015,Jazz,old,2
2015,Jazz,sentimental,2
2015,Jazz,singing,2
2015,Jazz,voices,2
2015,Latin,let,16
2015,Latin,dale,14
2015,Latin,aye,12
2015,Latin,leggo,11
2015,Latin,stop,9
2015,Latin,bailando,8
2015,Latin,dancin,8
2015,Latin,sigue,8
2015,Latin,con,7
2015,Latin,como,7
2015,Latin,vamo,6
2015,Latin,reggaetón,6
2015,Latin,mami,6
2015,Latin,necesita,6
2015,Latin,pantalón,6
2015,Latin,pare,6
2015,Latin,que,6
2015,Latin,pegarno,6
2015,Latin,animales,6
2015,Latin,acércate,6
2015,Latin,ganas,5
2015,Latin,wanna,5
2015,Latin,coro,4
2015,Latin,chance,4
2015,Latin,baila,3
2015,Other,love,20
2015,Other,know,18
2015,Other,night,17
2015,Other,sleep,15
2015,Other,scott,12
2015,Other,mary,12
2015,Other,gimme,12
2015,Other,mitch,11
2015,Other,beautiful,10
2015,Other,life,9
2015,Other,got,9
2015,Other,boy,9
2015,Other,wasted,8
2015,Other,one,7
2015,Other,kind,7
2015,Other,every,7
2015,Other,seen,6
2015,Other,give,6
2015,Other,anybody,6
2015,Other,day,5
2015,Other,great,5
2015,Other,kirstie,5
2015,Other,say,5
2015,Other,save,5
2015,Other,perfect,5
2015,Pop,love,470
2015,Pop,know,380
2015,Pop,got,289
2015,Pop,get,233
2015,Pop,never,195
2015,Pop,want,181
2015,Pop,wanna,175
2015,Pop,pre,170
2015,Pop,let,165
2015,Pop,take,159
2015,Pop,one,158
2015,Pop,heart,149
2015,Pop,say,147
2015,Pop,night,146
2015,Pop,right,133
2015,Pop,could,133
2015,Pop,ain,127
2015,Pop,need,127
2015,Pop,make,123
2015,Pop,time,120
2015,Pop,tell,119
2015,Pop,keep,113
2015,Pop,girl,110
2015,Pop,really,106
2015,Pop,come,103
2015,R&B & Funk,real,43
2015,R&B & Funk,love,43
2015,R&B & Funk,got,42
2015,R&B & Funk,life,37
2015,R&B & Funk,often,33
2015,R&B & Funk,girl,30
2015,R&B & Funk,know,28
2015,R&B & Funk,always,27
2015,R&B & Funk,tell,23
2015,R&B & Funk,body,21
2015,R&B & Funk,time,19
2015,R&B & Funk,get,19
2015,R&B & Funk,friends,18
2015,R&B & Funk,never,18
2015,R&B & Funk,stay,17
2015,R&B & Funk,want,17
2015,R&B & Funk,touchin,16
2015,R&B & Funk,think,16
2015,R&B & Funk,feel,16
2015,R&B & Funk,another,16
2015,R&B & Funk,ain,16
2015,R&B & Funk,night,15
2015,R&B & Funk,good,15
2015,R&B & Funk,call,15
2015,R&B & Funk,face,14
2015,Rock,say,62
2015,Rock,love,54
2015,Rock,geronimo,45
2015,Rock,bet,39
2015,Rock,away,37
2015,Rock,way,32
2015,Rock,life,31
2015,Rock,back,30
2015,Rock,let,29
2015,Rock,make,26
2015,Rock,time,25
2015,Rock,another,24
2015,Rock,remember,23
2015,Rock,know,23
2015,Rock,could,22
2015,Rock,tear,21
2015,Rock,immortals,21
2015,Rock,bottom,20
2015,Rock,come,20
2015,Rock,heart,20
2015,Rock,turn,20
2015,Rock,long,19
2015,Rock,feel,19
2015,Rock,bombs,18
2015,Rock,rock,18
2016,Blues & Soul,ain,40
2016,Blues & Soul,say,26
2016,Blues & Soul,love,25
2016,Blues & Soul,let,25
2016,Blues & Soul,lows,16
2016,Blues & Soul,highs,16
2016,Blues & Soul,ready,15
2016,Blues & Soul,bridge,15
2016,Blues & Soul,know,13
2016,Blues & Soul,young,12
2016,Blues & Soul,water,11
2016,Blues & Soul,pre,11
2016,Blues & Soul,want,10
2016,Blues & Soul,kids,10
2016,Blues & Soul,hello,9
2016,Blues & Soul,gotta,9
2016,Blues & Soul,better,8
2016,Blues & Soul,ghosts,8
2016,Blues & Soul,lover,8
2016,Blues & Soul,one,8
2016,Blues & Soul,new,8
2016,Blues & Soul,send,8
2016,Blues & Soul,treat,8
2016,Blues & Soul,tell,7
2016,Blues & Soul,sorry,7
2016,Children's,dance,42
2016,Children's,talk,32
2016,Children's,feeling,24
2016,Children's,girls,24
2016,Children's,stop,21
2016,Children's,got,10
2016,Children's,tell,9
2016,Children's,come,8
2016,Children's,good,8
2016,Children's,boys,8
2016,Children's,body,8
2016,Children's,imagine,6
2016,Children's,talking,6
2016,Children's,way,6
2016,Children's,something,5
2016,Children's,take,4
2016,Children's,see,4
2016,Children's,say,4
2016,Children's,pre,4
2016,Children's,luke,4
2016,Children's,know,4
2016,Children's,keep,4
2016,Children's,feel,4
2016,Children's,falling,4
2016,Children's,dancing,4
2016,Classical,rockin,15
2016,Classical,away,7
2016,Classical,moment,6
2016,Classical,take,6
2016,Classical,wanna,6
2016,Classical,would,6
2016,Classical,life,5
2016,Classical,got,5
2016,Classical,spend,4
2016,Classical,waste,4
2016,Classical,want,4
2016,Classical,ecstasy,3
2016,Classical,brings,3
2016,Classical,body,3
2016,Classical,energy,3
2016,Classical,next,3
2016,Classical,much,3
2016,Classical,hoo,3
2016,Classical,woo,3
2016,Classical,get,2
2016,Classical,always,2
2016,Classical,ones,2
2016,Classical,pre,2
2016,Classical,see,2
2016,Classical,way,2
2016,Country & Folk,love,191
2016,Country & Folk,got,186
2016,Country & Folk,know,176
2016,Country & Folk,one,119
2016,Country & Folk,little,112
2016,Country & Folk,ain,110
2016,Country & Folk,right,100
2016,Country & Folk,girl,92
2016,Country & Folk,wanna,91
2016,Country & Folk,night,91
2016,Country & Folk,let,88
2016,Country & Folk,get,83
2016,Country & Folk,back,81
2016,Country & Folk,never,79
2016,Country & Folk,time,75
2016,Country & Folk,need,67
2016,Country & Folk,could,63
2016,Country & Folk,man,62
2016,Country & Folk,way,62
2016,Country & Folk,song,61
2016,Country & Folk,good,61
2016,Country & Folk,come,60
2016,Country & Folk,every,54
2016,Country & Folk,world,54
2016,Country & Folk,make,53
2016,Electronic,way,85
2016,Electronic,love,39
2016,Electronic,name,39
2016,Electronic,run,32
2016,Electronic,one,31
2016,Electronic,call,30
2016,Electronic,breathing,27
2016,Electronic,time,26
2016,Electronic,still,26
2016,Electronic,thing,18
2016,Electronic,took,17
2016,Electronic,alive,17
2016,Electronic,ain,13
2016,Electronic,two,12
2016,Electronic,home,12
2016,Electronic,people,11
2016,Electronic,faded,11
2016,Electronic,alone,11
2016,Electronic,back,11
2016,Electronic,become,10
2016,Electronic,away,9
2016,Electronic,bebe,9
2016,Electronic,feel,9
2016,Electronic,rexha,9
2016,Electronic,would,9
2016,Hip Hop,know,362
2016,Hip Hop,got,329
2016,Hip Hop,get,329
2016,Hip Hop,nigga,197
2016,Hip Hop,niggas,187
2016,Hip Hop,one,170
2016,Hip Hop,want,167
2016,Hip Hop,bitch,165
2016,Hip Hop,ain,164
2016,Hip Hop,love,158
2016,Hip Hop,back,155
2016,Hip Hop,shit,146
2016,Hip Hop,wanna,141
2016,Hip Hop,fuck,139
2016,Hip Hop,see,136
2016,Hip Hop,never,133
2016,Hip Hop,let,130
2016,Hip Hop,time,123
2016,Hip Hop,feel,121
2016,Hip Hop,man,117
2016,Hip Hop,money,116
2016,Hip Hop,need,108
2016,Hip Hop,featuring,105
2016,Hip Hop,say,104
2016,Hip Hop,look,104
2016,Jazz,christmas,7
2016,Jazz,around,4
2016,Jazz,rockin,4
2016,Jazz,tree,4
2016,Jazz,let,3
2016,Jazz,way,3
2016,Jazz,boughs,2
2016,Jazz,bridge,2
2016,Jazz,dancing,2
2016,Jazz,deck,2
2016,Jazz,everyone,2
2016,Jazz,fashioned,2
2016,Jazz,feeling,2
2016,Jazz,get,2
2016,Jazz,hear,2
2016,Jazz,holiday,2
2016,Jazz,holly,2
2016,Jazz,jolly,2
2016,Jazz,know,2
2016,Jazz,many,2
2016,Jazz,merrily,2
2016,Jazz,halls,2
2016,Jazz,happy,2
2016,Jazz,see,2
2016,Jazz,sentimental,2
2016,Latin,know,20
2016,Latin,dale,14
2016,Latin,leggo,11
2016,Latin,girl,10
2016,Latin,bailando,8
2016,Latin,name,8
2016,Latin,sigue,8
2016,Latin,como,7
2016,Latin,con,7
2016,Latin,leave,7
2016,Latin,acércate,6
2016,Latin,animales,6
2016,Latin,anything,6
2016,Latin,fine,6
2016,Latin,little,6
2016,Latin,mami,6
2016,Latin,pantalón,6
2016,Latin,pare,6
2016,Latin,pegarno,6
2016,Latin,necesita,6
2016,Latin,que,6
2016,Latin,reggaetón,6
2016,Latin,vamo,6
2016,Latin,thing,6
2016,Latin,tonight,6
2016,Other,hallelujah,28
2016,Other,run,26
2016,Other,one,16
2016,Other,fire,11
2016,Other,way,9
2016,Other,mmm,8
2016,Other,come,7
2016,Other,know,7
2016,Other,came,6
2016,Other,day,6
2016,Other,light,6
2016,Other,watch,5
2016,Other,sea,5
2016,Other,could,5
2016,Other,charade,4
2016,Other,burnin,4
2016,Other,colorful,4
2016,Other,every,4
2016,Other,far,4
2016,Other,goes,4
2016,Other,girl,4
2016,Other,island,4
2016,Other,madness,4
2016,Other,line,4
2016,Other,see,4
2016,Pop,love,366
2016,Pop,know,352
2016,Pop,got,280
2016,Pop,let,230
2016,Pop,get,229
2016,Pop,ain,223
2016,Pop,girl,183
2016,Pop,wanna,183
2016,Pop,want,155
2016,Pop,pre,155
2016,Pop,never,153
2016,Pop,need,149
2016,Pop,one,148
2016,Pop,make,137
2016,Pop,good,129
2016,Pop,way,123
2016,Pop,back,120
2016,Pop,night,118
2016,Pop,say,116
2016,Pop,could,110
2016,Pop,feel,109
2016,Pop,right,106
2016,Pop,tell,99
2016,Pop,time,97
2016,Pop,won,96
2016,R&B & Funk,love,133
2016,R&B & Funk,know,129
2016,R&B & Funk,good,82
2016,R&B & Funk,away,79
2016,R&B & Funk,nothing,73
2016,R&B & Funk,girl,68
2016,R&B & Funk,got,66
2016,R&B & Funk,time,65
2016,R&B & Funk,let,56
2016,R&B & Funk,life,53
2016,R&B & Funk,right,52
2016,R&B & Funk,ain,49
2016,R&B & Funk,keep,47
2016,R&B & Funk,night,46
2016,R&B & Funk,see,46
2016,R&B & Funk,die,44
2016,R&B & Funk,say,41
2016,R&B & Funk,never,40
2016,R&B & Funk,get,40
2016,R&B & Funk,would,40
2016,R&B & Funk,pre,39
2016,R&B & Funk,think,39
2016,R&B & Funk,feel,38
2016,R&B & Funk,could,38
2016,R&B & Funk,way,36
2016,Rock,low,184
2016,Rock,love,39
2016,Rock,know,38
2016,Rock,best,35
2016,Rock,way,33
2016,Rock,time,27
2016,Rock,featuring,24
2016,Rock,turn,23
2016,Rock,hold,23
2016,Rock,high,21
2016,Rock,away,21
2016,Rock,call,20
2016,Rock,kiss,20
2016,Rock,much,20
2016,Rock,one,20
2016,Rock,let,19
2016,Rock,make,19
2016,Rock,faded,19
2016,Rock,back,19
2016,Rock,thinkin,18
2016,Rock,want,17
2016,Rock,woo,17
2016,Rock,say,16
2016,Rock,lie,15
2016,Rock,live,15
2017,Avant-Garde & Experimental,light,18
2017,Avant-Garde & Experimental,waiting,14
2017,Avant-Garde & Experimental,want,14
2017,Avant-Garde & Experimental,green,14
2017,Avant-Garde & Experimental,honey,8
2017,Avant-Garde & Experimental,get,8
2017,Avant-Garde & Experimental,love,7
2017,Avant-Garde & Experimental,things,7
2017,Avant-Garde & Experimental,little,6
2017,Avant-Garde & Experimental,let,6
2017,Avant-Garde & Experimental,much,6
2017,Avant-Garde & Experimental,come,4
2017,Avant-Garde & Experimental,floor,4
2017,Avant-Garde & Experimental,liability,4
2017,Avant-Garde & Experimental,mind,4
2017,Avant-Garde & Experimental,make,4
2017,Avant-Garde & Experimental,seein,4
2017,Avant-Garde & Experimental,sounds,4
2017,Avant-Garde & Experimental,big,3
2017,Avant-Garde & Experimental,back,3
2017,Avant-Garde & Experimental,every,3
2017,Avant-Garde & Experimental,know,3
2017,Avant-Garde & Experimental,would,3
2017,Avant-Garde & Experimental,bite,2
2017,Avant-Garde & Experimental,brand,2
2017,Blues & Soul,ain,28
2017,Blues & Soul,say,21
2017,Blues & Soul,human,18
2017,Blues & Soul,put,16
2017,Blues & Soul,blame,16
2017,Blues & Soul,bridge,12
2017,Blues & Soul,let,12
2017,Blues & Soul,love,12
2017,Blues & Soul,water,11
2017,Blues & Soul,want,9
2017,Blues & Soul,gently,6
2017,Blues & Soul,people,6
2017,Blues & Soul,pretend,6
2017,Blues & Soul,see,4
2017,Blues & Soul,one,4
2017,Blues & Soul,got,3
2017,Blues & Soul,maybe,3
2017,Blues & Soul,refrain,3
2017,Blues & Soul,cold,2
2017,Blues & Soul,ask,2
2017,Blues & Soul,heavens,2
2017,Blues & Soul,keeper,2
2017,Blues & Soul,cry,2
2017,Blues & Soul,lord,2
2017,Blues & Soul,luck,2
2017,Children's,dance,42
2017,Children's,feeling,24
2017,Children's,stop,21
2017,Children's,got,10
2017,Children's,good,8
2017,Children's,come,8
2017,Children's,body,8
2017,Children's,imagine,6
2017,Children's,dancing,4
2017,Children's,keep,4
2017,Children's,see,4
2017,Children's,ain,3
2017,Children's,creeping,3
2017,Children's,blood,3
2017,Children's,goes,3
2017,Children's,nobody,3
2017,Children's,move,3
2017,Children's,leaving,3
2017,Children's,nothing,3
2017,Children's,soon,3
2017,Children's,shouldn,3
2017,Children's,things,3
2017,Children's,already,2
2017,Children's,ceiling,2
2017,Children's,close,2
2017,Country & Folk,know,148
2017,Country & Folk,girl,132
2017,Country & Folk,wanna,131
2017,Country & Folk,ain,113
2017,Country & Folk,little,108
2017,Country & Folk,make,101
2017,Country & Folk,time,91
2017,Country & Folk,got,88
2017,Country & Folk,get,86
2017,Country & Folk,back,81
2017,Country & Folk,every,78
2017,Country & Folk,take,70
2017,Country & Folk,love,69
2017,Country & Folk,way,66
2017,Country & Folk,good,63
2017,Country & Folk,could,59
2017,Country & Folk,night,58
2017,Country & Folk,never,57
2017,Country & Folk,boy,55
2017,Country & Folk,thing,55
2017,Country & Folk,world,55
2017,Country & Folk,bridge,52
2017,Country & Folk,say,52
2017,Country & Folk,right,52
2017,Country & Folk,think,50
2017,Electronic,doo,68
2017,Electronic,love,52
2017,Electronic,name,39
2017,Electronic,stack,38
2017,Electronic,let,28
2017,Electronic,know,28
2017,Electronic,faith,27
2017,Electronic,call,27
2017,Electronic,show,24
2017,Electronic,need,20
2017,Electronic,better,18
2017,Electronic,something,16
2017,Electronic,somebody,15
2017,Electronic,pre,14
2017,Electronic,back,14
2017,Electronic,say,13
2017,Electronic,one,13
2017,Electronic,lifts,13
2017,Electronic,honest,13
2017,Electronic,gotta,13
2017,Electronic,could,12
2017,Electronic,lonely,12
2017,Electronic,scared,12
2017,Electronic,speed,12
2017,Electronic,want,12
2017,Hip Hop,got,461
2017,Hip Hop,nigga,370
2017,Hip Hop,get,360
2017,Hip Hop,know,337
2017,Hip Hop,bitch,292
2017,Hip Hop,ain,291
2017,Hip Hop,niggas,278
2017,Hip Hop,ayy,246
2017,Hip Hop,shit,241
2017,Hip Hop,fuck,232
2017,Hip Hop,want,228
2017,Hip Hop,back,221
2017,Hip Hop,real,209
2017,Hip Hop,wanna,193
2017,Hip Hop,never,184
2017,Hip Hop,gang,173
2017,Hip Hop,make,168
2017,Hip Hop,say,166
2017,Hip Hop,way,166
2017,Hip Hop,boy,156
2017,Hip Hop,feel,153
2017,Hip Hop,love,153
2017,Hip Hop,man,151
2017,Hip Hop,right,150
2017,Hip Hop,time,150
2017,Jazz,christmas,11
2017,Jazz,time,10
2017,Jazz,wonderful,9
2017,Jazz,year,8
2017,Jazz,jolly,6
2017,Jazz,holly,6
2017,Jazz,tree,4
2017,Jazz,rockin,4
2017,Jazz,know,4
2017,Jazz,long,4
2017,Jazz,everyone,4
2017,Jazz,around,4
2017,Jazz,holiday,3
2017,Jazz,hear,3
2017,Jazz,happy,3
2017,Jazz,let,3
2017,Jazz,season,3
2017,Jazz,mistletoe,3
2017,Jazz,see,3
2017,Jazz,snow,3
2017,Jazz,way,3
2017,Jazz,christmases,2
2017,Jazz,dancing,2
2017,Jazz,ago,2
2017,Jazz,boughs,2
2017,Latin,shaky,170
2017,Latin,que,71
2017,Latin,feliz,35
2017,Latin,más,28
2017,Latin,terremoto,26
2017,Latin,otro,26
2017,Latin,navidad,22
2017,Latin,con,22
2017,Latin,rato,19
2017,Latin,wanna,19
2017,Latin,wish,18
2017,Latin,ser,18
2017,Latin,merry,18
2017,Latin,christmas,18
2017,Latin,estribillo,16
2017,Latin,coro,15
2017,Latin,tuyo,15
2017,Latin,vamo,14
2017,Latin,una,14
2017,Latin,como,14
2017,Latin,hacemo,13
2017,Latin,vez,12
2017,Latin,verso,12
2017,Latin,para,11
2017,Latin,dile,11
2017,Other,hallelujah,28
2017,Other,know,21
2017,Other,mary,12
2017,Other,boy,9
2017,Other,one,7
2017,Other,mitch,5
2017,Other,sea,5
2017,Other,scott,5
2017,Other,well,4
2017,Other,see,4
2017,Other,island,4
2017,Other,line,4
2017,Other,far,4
2017,Other,every,4
2017,Other,day,4
2017,Other,goes,4
2017,Other,avi,4
2017,Other,come,3
2017,Other,knows,3
2017,Other,kirstin,3
2017,Other,make,3
2017,Other,seen,3
2017,Other,water,3
2017,Other,blind,2
2017,Other,broken,2
2017,Pop,know,341
2017,Pop,love,340
2017,Pop,want,262
2017,Pop,got,201
2017,Pop,let,175
2017,Pop,ain,138
2017,Pop,get,129
2017,Pop,never,122
2017,Pop,wanna,118
2017,Pop,need,117
2017,Pop,pre,115
2017,Pop,one,114
2017,Pop,make,112
2017,Pop,time,109
2017,Pop,come,108
2017,Pop,say,91
2017,Pop,tell,90
2017,Pop,bad,85
2017,Pop,take,83
2017,Pop,look,80
2017,Pop,girl,80
2017,Pop,back,78
2017,Pop,could,75
2017,Pop,tryin,71
2017,Pop,feel,71
2017,R&B & Funk,know,80
2017,R&B & Funk,love,66
2017,R&B & Funk,girl,43
2017,R&B & Funk,got,37
2017,R&B & Funk,woke,26
2017,R&B & Funk,fuck,25
2017,R&B & Funk,shit,25
2017,R&B & Funk,see,25
2017,R&B & Funk,gon,24
2017,R&B & Funk,six,23
2017,R&B & Funk,need,23
2017,R&B & Funk,even,23
2017,R&B & Funk,get,22
2017,R&B & Funk,one,21
2017,R&B & Funk,feet,21
2017,R&B & Funk,ain,21
2017,R&B & Funk,name,20
2017,R&B & Funk,play,19
2017,R&B & Funk,time,18
2017,R&B & Funk,eyes,18
2017,R&B & Funk,beautiful,17
2017,R&B & Funk,could,17
2017,R&B & Funk,weeknd,17
2017,R&B & Funk,song,16
2017,R&B & Funk,let,15
2017,Rock,low,175
2017,Rock,thunder,113
2017,Rock,uhh,42
2017,Rock,love,27
2017,Rock,know,26
2017,Rock,thun,24
2017,Rock,hold,23
2017,Rock,boy,22
2017,Rock,fall,22
2017,Rock,one,21
2017,Rock,way,18
2017,Rock,believer,18
2017,Rock,takes,16
2017,Rock,pre,16
2017,Rock,feel,16
2017,Rock,bennington,15
2017,Rock,chester,15
2017,Rock,lie,15
2017,Rock,take,15
2017,Rock,unsteady,14
2017,Rock,little,14
2017,Rock,knew,14
2017,Rock,pain,13
2017,Rock,even,12
2017,Rock,let,12
2018,Christian,say,17
2018,Christian,believe,12
2018,Christian,every,5
2018,Christian,think,4
2018,Christian,thing,4
2018,Christian,belong,3
2018,Christian,strong,3
2018,Christian,short,3
2018,Christian,loved,3
2018,Christian,held,3
2018,Christian,feel,3
2018,Christian,falling,3
2018,Christian,weak,3
2018,Christian,find,2
2018,Christian,low,1
2018,Christian,lie,1
2018,Christian,laying,1
2018,Christian,know,1
2018,Christian,keep,1
2018,Christian,identity,1
2018,Christian,high,1
2018,Christian,god,1
2018,Christian,fighting,1
2018,Christian,feet,1
2018,Christian,failure,1
2018,Country & Folk,boo,147
2018,Country & Folk,girl,125
2018,Country & Folk,ain,124
2018,Country & Folk,got,98
2018,Country & Folk,know,87
2018,Country & Folk,time,84
2018,Country & Folk,get,84
2018,Country & Folk,take,80
2018,Country & Folk,never,67
2018,Country & Folk,way,66
2018,Country & Folk,one,66
2018,Country & Folk,love,64
2018,Country & Folk,every,60
2018,Country & Folk,make,60
2018,Country & Folk,ever,59
2018,Country & Folk,wanna,59
2018,Country & Folk,right,51
2018,Country & Folk,let,51
2018,Country & Folk,say,51
2018,Country & Folk,good,50
2018,Country & Folk,back,48
2018,Country & Folk,world,48
2018,Country & Folk,night,46
2018,Country & Folk,still,45
2018,Country & Folk,around,44
2018,Electronic,one,38
2018,Electronic,everybody,27
2018,Electronic,say,21
2018,Electronic,made,21
2018,Electronic,know,18
2018,Electronic,hates,17
2018,Electronic,eyes,17
2018,Electronic,boy,16
2018,Electronic,haven,16
2018,Electronic,ocean,15
2018,Electronic,sick,14
2018,Electronic,make,13
2018,Electronic,walk,12
2018,Electronic,side,12
2018,Electronic,club,12
2018,Electronic,america,12
2018,Electronic,see,11
2018,Electronic,life,10
2018,Electronic,didn,10
2018,Electronic,time,9
2018,Electronic,clear,9
2018,Electronic,could,9
2018,Electronic,live,8
2018,Electronic,let,8
2018,Electronic,look,8
2018,Hip Hop,got,739
2018,Hip Hop,know,636
2018,Hip Hop,nigga,561
2018,Hip Hop,get,544
2018,Hip Hop,ain,491
2018,Hip Hop,shit,463
2018,Hip Hop,bitch,455
2018,Hip Hop,love,431
2018,Hip Hop,fuck,399
2018,Hip Hop,niggas,360
2018,Hip Hop,let,318
2018,Hip Hop,gang,297
2018,Hip Hop,make,254
2018,Hip Hop,never,251
2018,Hip Hop,back,245
2018,Hip Hop,see,243
2018,Hip Hop,ayy,241
2018,Hip Hop,want,238
2018,Hip Hop,say,230
2018,Hip Hop,gon,230
2018,Hip Hop,time,229
2018,Hip Hop,keep,226
2018,Hip Hop,take,219
2018,Hip Hop,man,213
2018,Hip Hop,one,205
2018,Jazz,santa,24
2018,Jazz,claus,21
2018,Jazz,let,16
2018,Jazz,comes,15
2018,Jazz,christmas,15
2018,Jazz,reindeer,14
2018,Jazz,snow,14
2018,Jazz,time,10
2018,Jazz,wonderful,9
2018,Jazz,rudolph,8
2018,Jazz,tonight,8
2018,Jazz,year,8
2018,Jazz,say,7
2018,Jazz,holly,6
2018,Jazz,jolly,6
2018,Jazz,long,6
2018,Jazz,right,6
2018,Jazz,way,6
2018,Jazz,nose,5
2018,Jazz,lane,5
2018,Jazz,know,5
2018,Jazz,bright,5
2018,Jazz,around,5
2018,Jazz,everyone,4
2018,Jazz,fire,4
2018,Latin,dura,43
2018,Latin,que,43
2018,Latin,navidad,22
2018,Latin,feliz,22
2018,Latin,ella,20
2018,Latin,christmas,18
2018,Latin,merry,18
2018,Latin,wanna,18
2018,Latin,wish,18
2018,Latin,como,16
2018,Latin,tás,16
2018,Latin,tiene,15
2018,Latin,conmigo,13
2018,Latin,coro,12
2018,Latin,negar,12
2018,Latin,nicky,12
2018,Latin,toque,12
2018,Latin,única,12
2018,Latin,porque,11
2018,Latin,jam,10
2018,Latin,mira,10
2018,Latin,voy,10
2018,Latin,balvin,8
2018,Latin,bye,8
2018,Latin,dímelo,8
2018,Other,never,28
2018,Other,enough,14
2018,Other,let,9
2018,Other,old,8
2018,Other,ways,8
2018,Other,die,7
2018,Other,maybe,7
2018,Other,time,7
2018,Other,nobody,6
2018,Other,days,4
2018,Other,dead,3
2018,Other,could,3
2018,Other,change,3
2018,Other,hold,3
2018,Other,hell,3
2018,Other,god,3
2018,Other,lot,3
2018,Other,knows,3
2018,Other,speaks,3
2018,Other,takes,3
2018,Other,world,3
2018,Other,gone,2
2018,Other,hands,2
2018,Other,know,2
2018,Other,glad,2
2018,Pop,know,338
2018,Pop,love,333
2018,Pop,got,239
2018,Pop,get,210
2018,Pop,let,198
2018,Pop,want,186
2018,Pop,ain,182
2018,Pop,never,175
2018,Pop,back,168
2018,Pop,one,167
2018,Pop,make,166
2018,Pop,say,144
2018,Pop,come,133
2018,Pop,pre,130
2018,Pop,wanna,127
2018,Pop,money,124
2018,Pop,tell,118
2018,Pop,night,116
2018,Pop,time,115
2018,Pop,need,113
2018,Pop,keep,103
2018,Pop,look,102
2018,Pop,mind,102
2018,Pop,bitch,102
2018,Pop,level,97
2018,R&B & Funk,way,65
2018,R&B & Funk,hardaway,42
2018,R&B & Funk,got,31
2018,R&B & Funk,took,29
2018,R&B & Funk,make,29
2018,R&B & Funk,ain,28
2018,R&B & Funk,feel,26
2018,R&B & Funk,know,26
2018,R&B & Funk,away,24
2018,R&B & Funk,around,23
2018,R&B & Funk,fuck,23
2018,R&B & Funk,try,17
2018,R&B & Funk,love,17
2018,R&B & Funk,harder,17
2018,R&B & Funk,hard,17
2018,R&B & Funk,call,16
2018,R&B & Funk,good,15
2018,R&B & Funk,pre,14
2018,R&B & Funk,want,13
2018,R&B & Funk,put,13
2018,R&B & Funk,feelings,13
2018,R&B & Funk,catchin,12
2018,R&B & Funk,name,12
2018,R&B & Funk,better,11
2018,R&B & Funk,get,11
2018,Rock,thunder,113
2018,Rock,got,33
2018,Rock,need,32
2018,Rock,head,29
2018,Rock,jumpsuit,28
2018,Rock,run,27
2018,Rock,roots,26
2018,Rock,never,26
2018,Rock,thun,24
2018,Rock,let,23
2018,Rock,time,23
2018,Rock,way,22
2018,Rock,believer,18
2018,Rock,zombie,18
2018,Rock,takes,18
2018,Rock,cover,17
2018,Rock,stay,15
2018,Rock,know,15
2018,Rock,simply,14
2018,Rock,pre,14
2018,Rock,burn,14
2018,Rock,christmas,14
2018,Rock,wonderful,14
2018,Rock,pain,13
2018,Rock,made,13
